episodio_id,segundo,temp_c,power_w,util_pct,clock_mhz,ecc_errors,estado
0,0,56.2,234.5,76.2,2412.0,0,normal
0,1,50.8,169.3,63.1,2403.0,0,normal
0,2,58.0,217.3,85.3,2396.0,0,normal
0,3,58.8,193.4,62.5,2448.0,0,normal
0,4,47.2,198.8,62.4,2381.0,0,normal
0,5,49.8,178.9,76.5,2462.0,0,normal
0,6,55.5,193.3,79.2,2393.0,0,normal
0,7,53.7,226.0,75.4,2362.0,0,normal
0,8,54.9,211.7,49.8,2402.0,0,normal
0,9,51.6,234.6,76.5,2368.0,0,normal
0,10,58.5,223.5,57.6,2377.0,0,normal
0,11,58.1,208.8,72.8,2412.0,0,normal
0,12,55.3,234.9,52.9,2417.0,0,normal
0,13,59.5,208.8,75.4,2381.0,0,normal
0,14,56.9,216.6,60.3,2430.0,0,normal
0,15,51.6,194.1,54.6,2435.0,0,normal
0,16,56.5,201.3,78.6,2443.0,0,normal
0,17,51.2,186.1,72.9,2416.0,0,normal
0,18,58.5,219.8,62.6,2441.0,0,normal
0,19,54.8,176.4,87.4,2344.0,0,normal
0,20,54.3,215.6,64.7,2390.0,0,normal
0,21,52.3,196.2,70.4,2374.0,0,normal
0,22,59.9,223.4,73.2,2404.0,0,normal
0,23,54.4,215.0,62.6,2383.0,1,normal
0,24,53.3,236.4,75.7,2395.0,0,normal
0,25,53.6,214.6,63.6,2456.0,0,normal
0,26,57.1,168.6,65.1,2395.0,0,normal
0,27,56.5,198.7,86.4,2412.0,0,normal
0,28,56.7,176.6,57.5,2393.0,0,normal
0,29,56.7,189.6,41.0,2402.0,0,normal
0,30,63.6,230.2,89.3,2400.0,0,normal
0,31,53.4,212.8,100.0,2413.0,0,normal
0,32,53.0,186.0,65.1,2435.0,0,normal
0,33,51.7,179.7,46.8,2449.0,0,normal
0,34,57.5,200.7,66.3,2409.0,0,normal
0,35,59.5,175.7,66.6,2418.0,0,normal
0,36,54.5,186.6,67.7,2365.0,0,normal
0,37,51.6,206.2,56.6,2397.0,0,normal
0,38,51.7,223.1,77.0,2428.0,0,normal
0,39,57.6,212.2,76.3,2426.0,0,normal
0,40,58.0,154.2,52.1,2406.0,0,normal
0,41,57.2,206.1,78.4,2427.0,0,normal
0,42,52.3,201.4,94.6,2415.0,0,normal
0,43,55.9,208.3,72.1,2436.0,0,normal
0,44,55.5,232.3,66.0,2409.0,0,normal
0,45,55.9,158.7,68.3,2389.0,0,normal
0,46,58.5,188.2,77.4,2410.0,0,normal
0,47,55.9,211.8,49.2,2312.0,0,normal
0,48,57.7,168.4,72.0,2411.0,0,normal
0,49,55.3,229.5,65.3,2291.0,0,normal
0,50,56.2,207.4,92.2,2348.0,0,normal
0,51,57.5,216.9,67.9,2414.0,0,normal
0,52,49.2,188.6,90.0,2414.0,0,normal
0,53,53.7,216.3,56.8,2365.0,0,normal
0,54,53.1,221.4,77.0,2379.0,0,normal
0,55,52.4,204.7,73.8,2441.0,0,normal
0,56,53.9,204.7,59.6,2385.0,0,normal
0,57,61.0,205.4,72.1,2467.0,0,normal
0,58,51.5,182.7,84.6,2400.0,0,normal
0,59,58.9,197.0,66.1,2412.0,0,normal
0,60,48.3,196.9,49.7,2449.0,0,normal
0,61,53.7,207.7,69.8,2404.0,0,normal
0,62,55.7,220.0,59.2,2370.0,0,normal
0,63,57.3,178.8,65.9,2397.0,0,normal
0,64,57.8,197.5,69.0,2399.0,0,normal
0,65,58.2,229.6,49.5,2359.0,0,normal
0,66,53.6,185.1,50.6,2392.0,0,normal
0,67,53.2,183.6,75.8,2378.0,0,normal
0,68,58.4,204.0,63.7,2428.0,0,normal
0,69,54.2,216.9,39.2,2401.0,0,normal
0,70,49.9,200.2,79.4,2392.0,0,normal
0,71,50.5,226.6,73.3,2397.0,0,normal
0,72,51.3,217.1,61.4,2407.0,0,normal
0,73,57.0,216.8,54.2,2419.0,0,normal
0,74,55.6,211.1,80.0,2370.0,0,normal
0,75,57.8,246.6,74.2,2369.0,0,normal
0,76,53.3,195.9,98.6,2433.0,0,normal
0,77,55.6,159.9,75.0,2388.0,0,normal
0,78,57.5,232.1,74.7,2357.0,0,normal
0,79,53.8,190.8,68.0,2413.0,0,normal
0,80,56.8,202.2,79.8,2414.0,0,normal
0,81,52.4,226.2,77.5,2354.0,0,normal
0,82,53.5,168.0,85.0,2407.0,0,normal
0,83,53.5,175.0,63.7,2422.0,0,normal
0,84,50.2,168.0,64.8,2411.0,0,normal
0,85,56.9,184.1,64.3,2419.0,0,normal
0,86,53.1,208.8,79.5,2358.0,0,normal
0,87,55.0,210.5,88.0,2410.0,0,normal
0,88,56.9,205.5,64.5,2391.0,0,normal
0,89,56.8,171.7,64.9,2386.0,0,normal
0,90,57.7,153.8,73.8,2426.0,0,normal
0,91,54.6,201.1,67.1,2444.0,0,normal
0,92,53.3,190.6,81.4,2454.0,0,normal
0,93,54.7,209.2,43.0,2439.0,0,normal
0,94,48.3,214.0,60.1,2397.0,0,normal
0,95,49.2,202.8,60.6,2411.0,0,normal
0,96,49.7,215.2,42.2,2423.0,0,normal
0,97,51.0,204.6,58.4,2404.0,0,normal
0,98,56.6,210.6,59.0,2404.0,0,normal
0,99,51.4,185.9,67.6,2425.0,0,normal
0,100,53.5,196.4,83.4,2398.0,0,normal
0,101,60.2,203.9,67.1,2378.0,0,normal
0,102,53.6,216.4,57.6,2388.0,0,normal
0,103,58.0,192.1,69.3,2419.0,0,normal
0,104,51.3,210.4,82.6,2400.0,0,normal
0,105,54.2,194.7,58.3,2410.0,0,normal
0,106,51.2,197.6,59.1,2420.0,0,normal
0,107,53.6,216.6,76.7,2389.0,1,normal
0,108,58.4,160.1,67.3,2423.0,0,normal
0,109,48.1,174.1,77.8,2411.0,0,normal
0,110,56.7,170.4,69.8,2363.0,0,normal
0,111,56.0,153.3,78.4,2443.0,0,normal
0,112,52.6,186.4,57.6,2385.0,0,normal
0,113,49.2,215.0,69.9,2350.0,0,normal
0,114,55.3,194.3,67.5,2369.0,0,normal
0,115,52.9,204.0,55.4,2369.0,0,normal
0,116,55.9,221.8,51.2,2402.0,0,normal
0,117,55.1,226.6,78.2,2392.0,0,normal
0,118,61.4,198.6,65.8,2390.0,0,normal
0,119,54.0,227.1,57.7,2419.0,0,normal
0,120,50.9,201.8,68.8,2410.0,0,normal
0,121,55.7,183.3,83.5,2409.0,0,normal
0,122,55.9,188.1,42.6,2412.0,0,normal
0,123,60.4,170.4,52.0,2418.0,0,normal
0,124,58.3,182.2,58.9,2337.0,0,normal
0,125,56.4,192.8,87.5,2389.0,0,normal
0,126,60.9,216.1,73.4,2335.0,0,normal
0,127,50.2,234.4,79.2,2401.0,0,normal
0,128,52.4,172.4,56.3,2400.0,0,normal
0,129,51.3,207.9,56.6,2431.0,0,normal
0,130,53.4,179.2,75.4,2436.0,0,normal
0,131,49.5,209.5,70.7,2406.0,0,normal
0,132,57.5,197.4,76.6,2385.0,0,normal
0,133,54.1,163.4,67.7,2415.0,0,normal
0,134,49.1,218.6,73.3,2384.0,0,normal
0,135,50.9,187.9,71.9,2400.0,0,normal
0,136,56.3,189.3,79.3,2430.0,0,normal
0,137,58.4,178.6,79.7,2383.0,0,normal
0,138,63.0,186.9,50.6,2424.0,0,normal
0,139,66.7,208.6,43.0,2420.0,0,normal
0,140,56.7,196.2,82.0,2371.0,0,normal
0,141,51.0,206.6,84.3,2429.0,0,normal
0,142,46.5,207.2,57.8,2421.0,0,normal
0,143,56.1,226.4,47.7,2403.0,0,normal
0,144,51.7,193.1,71.2,2377.0,0,normal
0,145,53.3,170.5,81.2,2374.0,1,normal
0,146,52.6,221.3,91.6,2384.0,0,normal
0,147,54.4,193.4,76.2,2416.0,0,normal
0,148,59.3,222.3,65.5,2371.0,0,normal
0,149,55.6,207.7,59.3,2413.0,0,normal
0,150,54.4,197.4,70.1,2363.0,0,normal
0,151,50.9,207.0,66.4,2394.0,0,normal
0,152,48.3,239.0,57.8,2403.0,0,normal
0,153,53.1,241.5,94.6,2473.0,0,normal
0,154,54.8,201.4,91.4,2359.0,0,normal
0,155,62.1,203.2,83.6,2444.0,0,normal
0,156,55.5,221.5,58.9,2404.0,0,normal
0,157,58.9,183.1,80.3,2412.0,0,normal
0,158,53.0,206.7,77.7,2404.0,0,normal
0,159,50.3,199.5,75.3,2413.0,0,normal
0,160,51.1,206.3,85.0,2395.0,0,normal
0,161,52.1,183.3,77.6,2444.0,0,normal
0,162,63.5,168.2,78.9,2386.0,0,normal
0,163,51.7,158.5,77.6,2434.0,0,normal
0,164,58.4,177.7,74.1,2381.0,0,normal
0,165,51.4,190.8,48.6,2398.0,0,normal
0,166,58.7,194.1,71.0,2368.0,0,normal
0,167,56.5,238.7,63.3,2414.0,0,normal
0,168,54.4,222.1,54.6,2443.0,0,normal
0,169,54.8,180.8,90.2,2398.0,0,normal
0,170,52.4,207.0,90.7,2394.0,0,normal
0,171,56.8,191.9,86.3,2367.0,0,normal
0,172,53.2,194.3,73.1,2393.0,0,normal
0,173,50.1,203.7,86.2,2352.0,0,normal
0,174,49.9,212.4,70.1,2373.0,0,normal
0,175,55.7,193.2,72.4,2407.0,0,normal
0,176,61.3,221.3,56.9,2440.0,0,normal
0,177,55.6,177.2,74.8,2484.0,0,normal
0,178,54.5,200.1,70.7,2382.0,0,normal
0,179,56.1,252.0,54.4,2443.0,0,normal
0,180,60.2,204.5,69.4,2407.0,0,normal
0,181,55.9,228.7,69.0,2395.0,0,normal
0,182,53.4,201.8,91.6,2413.0,0,normal
0,183,59.4,211.6,80.7,2402.0,0,normal
0,184,56.7,198.9,70.1,2403.0,0,normal
0,185,61.1,196.6,73.0,2388.0,0,normal
0,186,55.7,184.4,70.5,2358.0,0,normal
0,187,50.1,208.6,67.6,2354.0,0,normal
0,188,49.5,183.0,57.0,2420.0,0,normal
0,189,61.6,213.3,68.2,2392.0,0,normal
0,190,61.9,221.7,61.0,2382.0,0,normal
0,191,54.3,207.3,55.0,2400.0,0,normal
0,192,53.5,194.3,76.1,2424.0,0,normal
0,193,60.8,209.1,74.7,2405.0,0,normal
0,194,50.6,193.8,48.6,2380.0,0,normal
0,195,51.4,218.7,68.5,2437.0,0,normal
0,196,57.6,163.4,81.9,2447.0,0,normal
0,197,53.4,193.3,82.7,2415.0,0,normal
0,198,55.0,160.2,82.3,2429.0,0,normal
0,199,54.3,170.1,70.5,2437.0,0,normal
0,200,56.4,227.3,59.9,2434.0,0,normal
0,201,60.6,217.9,57.0,2418.0,0,normal
0,202,55.4,185.6,74.1,2418.0,0,normal
0,203,57.6,169.9,74.6,2416.0,0,normal
0,204,46.8,140.7,85.4,2367.0,0,normal
0,205,54.8,189.1,83.2,2421.0,0,normal
0,206,51.6,248.4,68.4,2359.0,0,normal
0,207,50.1,208.7,55.1,2376.0,0,normal
0,208,51.5,188.8,66.2,2439.0,0,normal
0,209,53.7,209.3,72.6,2425.0,0,normal
0,210,58.7,168.8,67.6,2445.0,0,normal
0,211,49.7,194.1,63.1,2392.0,0,normal
0,212,55.1,202.0,73.0,2365.0,0,normal
0,213,53.1,198.3,64.0,2393.0,0,normal
0,214,53.7,215.8,62.5,2403.0,0,normal
0,215,59.0,206.9,73.7,2402.0,0,normal
0,216,57.2,213.4,65.2,2434.0,0,normal
0,217,60.3,186.2,72.9,2389.0,0,normal
0,218,54.4,218.0,73.3,2411.0,0,normal
0,219,52.2,232.6,56.3,2370.0,0,normal
0,220,54.1,180.6,64.2,2414.0,0,normal
0,221,56.0,182.2,87.3,2400.0,0,normal
0,222,55.7,226.7,56.1,2378.0,0,normal
0,223,50.7,196.2,44.6,2393.0,0,normal
0,224,55.4,228.1,47.7,2394.0,0,normal
0,225,55.9,191.1,70.3,2392.0,0,normal
0,226,65.1,229.1,70.4,2453.0,0,normal
0,227,62.5,202.6,68.6,2397.0,0,normal
0,228,51.6,205.2,84.6,2393.0,0,normal
0,229,53.9,231.3,37.9,2337.0,0,normal
0,230,49.1,192.8,74.8,2373.0,0,normal
0,231,52.6,181.2,88.7,2392.0,0,normal
0,232,56.3,191.0,56.5,2379.0,0,normal
0,233,59.8,209.0,65.4,2441.0,0,normal
0,234,52.1,168.7,61.0,2395.0,0,normal
0,235,52.4,212.7,59.3,2439.0,0,normal
0,236,46.4,189.2,66.1,2402.0,0,normal
0,237,54.3,223.0,87.1,2401.0,0,normal
0,238,50.8,152.1,92.0,2397.0,1,normal
0,239,52.9,184.3,66.0,2400.0,0,normal
0,240,51.5,166.3,92.9,2452.0,0,normal
0,241,54.6,183.5,70.4,2330.0,0,normal
0,242,48.0,205.0,91.0,2340.0,0,normal
0,243,49.1,196.4,68.9,2384.0,0,normal
0,244,63.5,194.9,71.6,2400.0,0,normal
0,245,49.9,196.8,74.4,2421.0,0,normal
0,246,50.6,204.1,100.0,2414.0,1,normal
0,247,62.3,179.8,80.2,2388.0,0,normal
0,248,66.6,214.1,61.5,2431.0,0,normal
0,249,50.3,213.3,81.6,2431.0,0,normal
0,250,53.5,207.7,65.7,2406.0,0,normal
0,251,56.4,211.1,64.1,2429.0,0,normal
0,252,61.9,205.9,80.9,2408.0,0,normal
0,253,51.1,240.7,70.4,2383.0,0,normal
0,254,54.0,198.3,73.3,2421.0,0,normal
0,255,58.1,193.9,70.2,2403.0,0,normal
0,256,56.7,184.9,74.0,2400.0,0,normal
0,257,53.5,179.4,75.1,2444.0,0,normal
0,258,54.5,175.1,46.8,2326.0,0,normal
0,259,49.5,182.2,78.0,2357.0,0,normal
0,260,54.0,198.6,58.2,2364.0,0,normal
0,261,53.9,206.7,52.7,2389.0,0,normal
0,262,55.9,201.0,69.3,2392.0,0,normal
0,263,52.8,184.7,71.0,2355.0,0,normal
0,264,56.9,218.0,61.7,2370.0,0,normal
0,265,59.1,214.8,80.0,2374.0,0,normal
0,266,55.6,196.8,53.9,2474.0,0,normal
0,267,56.4,186.9,65.1,2454.0,0,normal
0,268,55.2,211.0,63.0,2388.0,0,normal
0,269,55.0,203.8,69.4,2389.0,0,normal
0,270,52.1,171.0,73.3,2366.0,0,normal
0,271,56.3,198.6,57.9,2343.0,0,normal
0,272,54.6,205.2,78.7,2396.0,0,normal
0,273,63.4,182.0,70.8,2370.0,0,normal
0,274,61.3,203.8,47.3,2397.0,0,normal
0,275,56.5,170.9,46.5,2352.0,0,normal
0,276,51.9,226.7,69.9,2377.0,0,normal
0,277,50.6,225.0,67.3,2404.0,0,normal
0,278,59.8,194.9,68.8,2411.0,0,normal
0,279,56.1,207.3,69.7,2413.0,0,normal
0,280,56.9,151.8,72.7,2360.0,0,normal
0,281,48.0,176.9,81.4,2426.0,0,normal
0,282,58.7,194.1,56.7,2376.0,0,normal
0,283,56.8,178.6,55.9,2419.0,0,normal
0,284,50.6,214.3,56.9,2400.0,0,normal
0,285,53.1,239.9,73.5,2359.0,0,normal
0,286,56.1,176.5,84.9,2391.0,0,normal
0,287,55.2,183.3,64.8,2411.0,0,normal
0,288,53.8,204.7,40.0,2418.0,0,normal
0,289,54.6,232.2,49.6,2396.0,0,normal
0,290,54.0,175.6,60.0,2446.0,0,normal
0,291,55.6,205.0,63.3,2430.0,0,normal
0,292,60.9,236.4,65.1,2392.0,0,normal
0,293,44.7,167.0,70.5,2423.0,0,normal
0,294,54.1,174.4,66.3,2458.0,0,normal
0,295,55.7,191.5,82.6,2459.0,0,normal
0,296,56.2,189.6,61.9,2363.0,0,normal
0,297,53.5,216.3,59.7,2372.0,0,normal
0,298,48.0,204.8,75.7,2445.0,0,normal
0,299,56.3,164.5,51.6,2368.0,0,normal
1,0,52.5,208.8,49.4,2429.0,0,normal
1,1,60.3,193.9,61.4,2408.0,0,normal
1,2,56.3,191.8,79.3,2379.0,0,normal
1,3,54.2,201.8,66.6,2374.0,0,normal
1,4,57.0,161.6,63.9,2351.0,0,normal
1,5,46.6,209.5,86.8,2409.0,0,normal
1,6,54.8,200.0,57.4,2389.0,1,normal
1,7,63.0,200.8,60.4,2329.0,0,normal
1,8,55.5,219.2,72.5,2384.0,0,normal
1,9,55.3,160.9,74.7,2373.0,0,normal
1,10,57.2,160.5,76.0,2447.0,0,normal
1,11,58.6,205.5,80.9,2349.0,0,normal
1,12,47.0,199.9,72.4,2357.0,0,normal
1,13,48.3,203.4,75.9,2433.0,0,normal
1,14,55.8,190.8,66.9,2441.0,0,normal
1,15,52.1,213.3,70.8,2378.0,0,normal
1,16,60.2,218.7,71.3,2381.0,0,normal
1,17,53.7,209.7,72.6,2418.0,0,normal
1,18,47.3,194.8,79.3,2330.0,0,normal
1,19,49.9,157.8,76.7,2344.0,0,normal
1,20,44.0,215.4,70.5,2392.0,0,normal
1,21,54.1,224.4,60.3,2446.0,0,normal
1,22,54.2,212.9,70.8,2387.0,0,normal
1,23,53.3,182.4,69.7,2403.0,0,normal
1,24,59.3,213.5,72.3,2434.0,0,normal
1,25,59.8,217.2,96.5,2463.0,0,normal
1,26,54.3,231.2,63.7,2383.0,0,normal
1,27,46.5,182.5,75.1,2399.0,0,normal
1,28,57.5,195.5,82.8,2455.0,0,normal
1,29,57.2,214.9,71.2,2354.0,1,normal
1,30,56.2,201.1,98.1,2431.0,0,normal
1,31,58.9,177.7,65.5,2369.0,0,normal
1,32,50.3,208.3,73.9,2403.0,0,normal
1,33,63.0,211.6,60.4,2393.0,0,normal
1,34,51.2,201.8,65.8,2371.0,0,normal
1,35,58.0,204.4,73.0,2371.0,1,normal
1,36,48.3,194.8,80.2,2408.0,0,normal
1,37,51.3,229.6,73.8,2430.0,0,normal
1,38,61.1,182.0,85.1,2396.0,0,normal
1,39,54.0,188.3,68.9,2402.0,0,normal
1,40,58.4,200.2,66.0,2417.0,0,normal
1,41,55.9,217.6,100.0,2371.0,0,normal
1,42,54.6,170.1,74.7,2422.0,0,normal
1,43,60.5,173.8,61.4,2425.0,0,normal
1,44,54.1,159.2,61.7,2478.0,0,normal
1,45,47.9,200.7,58.7,2389.0,0,normal
1,46,51.8,177.6,81.2,2386.0,0,normal
1,47,57.2,192.3,65.6,2423.0,0,normal
1,48,56.6,213.2,71.5,2425.0,0,normal
1,49,48.7,187.2,69.2,2384.0,0,normal
1,50,52.1,204.6,78.8,2388.0,0,normal
1,51,52.7,194.0,59.8,2416.0,0,normal
1,52,53.5,213.4,57.1,2375.0,0,normal
1,53,49.5,209.5,72.7,2388.0,0,normal
1,54,52.5,186.2,77.2,2403.0,0,normal
1,55,52.1,196.6,74.0,2430.0,0,normal
1,56,58.1,220.9,60.3,2382.0,0,normal
1,57,58.2,207.9,78.1,2345.0,0,normal
1,58,54.4,172.1,61.1,2343.0,1,normal
1,59,53.4,213.1,63.7,2362.0,0,normal
1,60,55.6,178.3,58.7,2361.0,0,normal
1,61,51.7,228.3,85.6,2395.0,0,normal
1,62,50.4,220.5,77.6,2364.0,0,normal
1,63,51.2,205.8,77.3,2379.0,0,normal
1,64,52.5,203.1,85.0,2377.0,0,normal
1,65,50.3,195.8,100.0,2387.0,0,normal
1,66,55.6,213.6,49.5,2440.0,0,normal
1,67,57.9,192.6,61.1,2420.0,0,normal
1,68,48.7,204.7,62.6,2400.0,0,normal
1,69,55.1,217.4,59.8,2386.0,0,normal
1,70,54.1,188.8,57.1,2387.0,0,normal
1,71,56.4,187.7,66.4,2410.0,0,normal
1,72,54.9,176.1,55.4,2418.0,0,normal
1,73,49.2,178.7,74.0,2373.0,0,normal
1,74,50.0,163.4,70.6,2401.0,0,normal
1,75,55.1,214.6,75.8,2339.0,0,normal
1,76,59.1,236.2,76.1,2406.0,0,normal
1,77,46.1,228.5,77.2,2423.0,0,normal
1,78,56.4,167.5,65.5,2392.0,0,normal
1,79,59.8,214.5,95.5,2454.0,0,normal
1,80,54.4,228.4,72.8,2374.0,0,normal
1,81,57.2,190.9,47.7,2407.0,0,normal
1,82,52.2,202.0,58.0,2399.0,0,normal
1,83,54.5,159.8,49.1,2397.0,0,normal
1,84,48.5,205.3,70.2,2397.0,0,normal
1,85,45.6,178.7,68.5,2403.0,0,normal
1,86,58.8,204.0,64.4,2425.0,0,normal
1,87,51.1,168.8,94.1,2441.0,0,normal
1,88,53.2,210.9,76.6,2400.0,0,normal
1,89,49.5,220.5,78.7,2424.0,0,normal
1,90,49.4,184.3,58.8,2379.0,0,normal
1,91,54.3,177.3,58.0,2423.0,0,normal
1,92,52.1,156.9,70.4,2377.0,0,normal
1,93,56.5,194.7,72.1,2433.0,0,normal
1,94,56.8,188.4,47.7,2466.0,0,normal
1,95,56.3,169.0,67.8,2396.0,0,normal
1,96,56.0,209.1,70.2,2334.0,0,normal
1,97,61.3,191.0,67.4,2384.0,0,normal
1,98,50.7,178.5,60.2,2437.0,0,normal
1,99,54.8,188.9,63.5,2417.0,0,normal
1,100,59.5,221.4,67.9,2407.0,0,normal
1,101,60.1,212.1,71.1,2430.0,0,normal
1,102,49.3,197.4,77.3,2415.0,0,normal
1,103,53.8,212.4,83.0,2437.0,0,normal
1,104,60.4,176.8,66.5,2428.0,0,normal
1,105,57.0,200.6,64.5,2446.0,0,normal
1,106,55.8,202.9,75.3,2411.0,0,normal
1,107,54.1,190.6,77.3,2427.0,0,normal
1,108,53.5,208.7,64.8,2391.0,0,normal
1,109,56.2,184.4,79.5,2382.0,0,normal
1,110,54.0,210.2,81.8,2451.0,0,normal
1,111,54.8,211.0,85.5,2406.0,0,normal
1,112,55.3,141.7,91.3,2424.0,0,normal
1,113,52.3,223.8,59.6,2404.0,0,normal
1,114,57.1,139.0,70.2,2382.0,0,normal
1,115,66.7,187.7,70.1,2400.0,0,normal
1,116,47.9,220.5,68.8,2443.0,0,normal
1,117,56.3,193.7,62.2,2417.0,0,normal
1,118,52.0,170.7,52.2,2349.0,0,normal
1,119,57.3,178.1,71.1,2394.0,0,normal
1,120,55.2,220.5,60.8,2453.0,0,normal
1,121,58.0,161.6,71.0,2394.0,0,normal
1,122,59.7,222.6,60.5,2346.0,0,normal
1,123,55.8,198.9,56.8,2457.0,0,normal
1,124,59.5,176.2,72.8,2420.0,1,normal
1,125,45.6,188.3,71.8,2398.0,0,normal
1,126,61.4,179.7,77.0,2389.0,1,normal
1,127,56.5,217.3,96.2,2432.0,0,normal
1,128,59.3,214.6,73.3,2384.0,0,normal
1,129,50.1,165.6,75.8,2434.0,0,normal
1,130,51.7,191.9,57.1,2416.0,0,normal
1,131,55.6,182.7,54.6,2407.0,0,normal
1,132,54.9,225.9,89.0,2404.0,0,normal
1,133,56.1,173.0,58.9,2395.0,0,normal
1,134,59.3,232.1,57.5,2431.0,1,normal
1,135,47.9,199.3,69.5,2374.0,0,normal
1,136,58.9,176.8,68.9,2351.0,0,normal
1,137,55.0,186.5,59.2,2418.0,0,normal
1,138,54.2,184.0,66.3,2419.0,0,normal
1,139,49.1,174.5,84.8,2414.0,0,normal
1,140,57.0,201.9,60.3,2412.0,0,normal
1,141,45.3,175.4,53.3,2390.0,0,normal
1,142,57.6,156.4,81.3,2424.0,0,normal
1,143,49.0,192.4,75.9,2399.0,0,normal
1,144,55.2,163.9,62.6,2385.0,0,normal
1,145,54.5,185.0,51.0,2391.0,0,normal
1,146,59.7,181.8,61.1,2461.0,0,normal
1,147,54.3,182.6,69.3,2348.0,0,normal
1,148,52.2,240.0,84.0,2415.0,0,normal
1,149,53.0,201.1,57.6,2350.0,0,normal
1,150,60.1,204.9,69.0,2397.0,1,normal
1,151,57.1,164.5,78.1,2387.0,0,normal
1,152,53.5,186.9,41.4,2337.0,0,normal
1,153,54.1,204.3,82.4,2412.0,0,normal
1,154,48.7,179.5,55.8,2389.0,0,normal
1,155,56.6,218.2,74.0,2337.0,0,normal
1,156,48.0,175.9,73.0,2425.0,0,normal
1,157,58.0,194.3,83.0,2443.0,0,normal
1,158,55.5,188.3,76.6,2445.0,0,normal
1,159,64.5,203.3,41.5,2411.0,0,normal
1,160,50.6,187.2,60.6,2401.0,0,normal
1,161,54.6,194.6,71.7,2440.0,0,normal
1,162,62.2,195.3,67.7,2450.0,0,normal
1,163,59.8,185.3,75.7,2434.0,0,normal
1,164,52.2,209.7,79.5,2372.0,0,normal
1,165,55.9,204.8,77.3,2406.0,0,normal
1,166,55.0,198.2,67.4,2413.0,0,normal
1,167,56.1,191.4,47.8,2346.0,0,normal
1,168,52.2,215.9,64.5,2414.0,0,normal
1,169,54.6,195.3,75.0,2468.0,1,normal
1,170,48.6,193.9,56.9,2419.0,0,normal
1,171,55.5,202.1,77.6,2444.0,0,normal
1,172,56.8,233.9,80.9,2405.0,0,normal
1,173,54.1,173.2,71.5,2398.0,0,normal
1,174,48.5,215.4,33.2,2411.0,0,normal
1,175,59.0,162.1,54.7,2376.0,0,normal
1,176,56.5,204.3,92.6,2371.0,0,normal
1,177,52.1,231.5,63.4,2438.0,0,normal
1,178,53.9,209.8,46.2,2441.0,0,normal
1,179,49.0,203.4,84.8,2370.0,0,normal
1,180,50.9,188.8,70.2,2429.0,0,normal
1,181,52.8,200.6,83.3,2397.0,0,normal
1,182,59.9,195.0,73.3,2410.0,0,normal
1,183,52.4,184.3,75.5,2414.0,0,normal
1,184,57.6,194.2,74.4,2430.0,0,normal
1,185,52.8,204.0,78.4,2402.0,0,normal
1,186,56.0,184.7,97.3,2442.0,0,normal
1,187,54.4,183.9,81.7,2409.0,0,normal
1,188,58.5,172.8,51.0,2419.0,0,normal
1,189,52.9,207.8,75.4,2375.0,0,normal
1,190,48.7,210.9,83.7,2465.0,0,normal
1,191,49.5,204.6,84.4,2414.0,0,normal
1,192,52.9,219.3,64.9,2421.0,0,normal
1,193,50.0,201.8,84.0,2352.0,0,normal
1,194,56.6,207.8,81.1,2375.0,0,normal
1,195,53.1,206.1,100.0,2437.0,0,normal
1,196,64.5,198.2,61.0,2409.0,0,normal
1,197,48.0,189.4,63.9,2343.0,0,normal
1,198,55.8,244.3,66.3,2431.0,0,normal
1,199,50.5,191.0,64.1,2384.0,0,normal
1,200,53.0,186.7,59.3,2442.0,0,normal
1,201,55.6,208.7,36.8,2397.0,0,normal
1,202,45.7,205.0,64.8,2406.0,0,normal
1,203,55.9,171.9,74.4,2435.0,0,normal
1,204,62.6,222.5,64.1,2373.0,0,normal
1,205,53.2,198.1,93.2,2370.0,0,normal
1,206,56.0,177.8,70.2,2394.0,0,normal
1,207,59.1,223.8,85.5,2425.0,0,normal
1,208,54.3,212.5,73.1,2360.0,0,normal
1,209,52.7,174.7,79.9,2350.0,0,normal
1,210,45.9,235.5,73.4,2425.0,0,normal
1,211,57.6,213.2,86.4,2382.0,0,normal
1,212,54.5,199.8,70.7,2388.0,0,normal
1,213,50.9,231.8,76.0,2344.0,0,normal
1,214,55.5,203.2,74.4,2380.0,0,normal
1,215,52.7,199.4,66.5,2400.0,0,normal
1,216,52.9,186.8,74.9,2428.0,0,normal
1,217,57.4,211.6,96.8,2377.0,0,normal
1,218,49.6,209.5,66.8,2450.0,0,normal
1,219,59.2,200.3,75.0,2379.0,0,normal
1,220,49.4,184.2,85.1,2380.0,0,normal
1,221,52.3,202.6,83.7,2446.0,0,normal
1,222,62.7,198.6,70.1,2406.0,0,normal
1,223,59.5,173.3,41.4,2383.0,0,normal
1,224,55.4,170.6,76.2,2395.0,0,normal
1,225,51.2,211.3,43.4,2441.0,0,normal
1,226,52.9,148.0,87.6,2444.0,0,normal
1,227,55.3,204.1,72.0,2375.0,0,normal
1,228,55.2,190.4,82.0,2399.0,0,normal
1,229,54.6,226.2,59.2,2403.0,0,normal
1,230,54.9,190.1,51.4,2370.0,0,normal
1,231,54.1,213.2,73.1,2398.0,0,normal
1,232,49.2,192.1,69.6,2400.0,0,normal
1,233,52.9,202.3,64.1,2434.0,0,normal
1,234,58.7,214.7,71.0,2436.0,0,normal
1,235,49.5,190.7,100.0,2390.0,0,normal
1,236,54.2,219.9,80.0,2394.0,0,normal
1,237,51.7,180.1,82.6,2420.0,0,normal
1,238,55.4,205.9,80.1,2382.0,0,normal
1,239,53.4,218.5,87.8,2418.0,0,normal
1,240,60.9,213.2,67.7,2397.0,0,normal
1,241,57.0,238.3,45.3,2371.0,0,normal
1,242,49.8,184.7,67.7,2371.0,0,normal
1,243,57.7,172.4,79.7,2443.0,0,normal
1,244,51.9,180.1,58.4,2395.0,0,normal
1,245,52.7,213.2,67.9,2449.0,0,normal
1,246,56.3,210.0,61.7,2385.0,0,normal
1,247,53.0,202.0,88.0,2409.0,0,normal
1,248,58.6,177.5,79.0,2472.0,0,normal
1,249,51.9,215.3,77.8,2368.0,0,normal
1,250,52.5,175.5,77.5,2343.0,0,normal
1,251,52.4,223.2,69.6,2439.0,0,normal
1,252,52.7,257.1,72.4,2375.0,0,normal
1,253,59.4,207.3,55.8,2399.0,0,normal
1,254,57.5,211.7,43.8,2382.0,0,normal
1,255,61.8,190.1,71.8,2408.0,0,normal
1,256,64.1,163.8,73.9,2371.0,0,normal
1,257,50.9,187.9,84.5,2395.0,0,normal
1,258,55.3,178.1,88.9,2413.0,0,normal
1,259,50.3,171.1,88.8,2370.0,0,normal
1,260,51.9,234.4,58.0,2379.0,0,normal
1,261,52.5,205.5,65.8,2390.0,0,normal
1,262,50.8,207.6,75.8,2357.0,1,normal
1,263,50.8,193.8,100.0,2387.0,0,normal
1,264,54.4,196.5,87.8,2404.0,0,normal
1,265,50.1,219.3,83.4,2388.0,0,normal
1,266,58.4,199.4,65.3,2392.0,0,normal
1,267,51.3,210.6,59.4,2399.0,0,normal
1,268,66.2,196.1,79.5,2380.0,0,normal
1,269,53.2,193.2,56.8,2421.0,0,normal
1,270,55.3,171.9,67.1,2443.0,0,normal
1,271,49.8,160.4,68.6,2386.0,0,normal
1,272,61.8,194.8,89.1,2415.0,0,normal
1,273,59.5,201.1,65.7,2393.0,0,normal
1,274,56.2,174.3,40.7,2411.0,0,normal
1,275,49.6,199.3,76.1,2447.0,0,normal
1,276,55.8,201.1,61.6,2415.0,0,normal
1,277,50.5,156.9,70.5,2347.0,0,normal
1,278,60.8,181.7,69.0,2414.0,0,normal
1,279,58.2,208.1,66.7,2437.0,0,normal
1,280,55.4,207.7,79.5,2393.0,0,normal
1,281,45.3,176.9,51.6,2430.0,0,normal
1,282,51.1,203.2,63.8,2379.0,0,normal
1,283,57.8,220.4,78.2,2355.0,0,normal
1,284,59.9,215.5,62.6,2404.0,0,normal
1,285,59.4,198.1,50.7,2347.0,0,normal
1,286,48.6,190.6,78.0,2393.0,0,normal
1,287,56.2,187.4,83.5,2439.0,0,normal
1,288,59.1,209.4,69.5,2343.0,0,normal
1,289,48.4,203.9,46.5,2362.0,0,normal
1,290,55.0,212.6,78.5,2369.0,0,normal
1,291,56.1,202.6,50.1,2398.0,0,normal
1,292,53.8,216.4,73.7,2389.0,0,normal
1,293,47.6,201.9,59.4,2442.0,0,normal
1,294,53.7,215.7,56.1,2429.0,0,normal
1,295,53.7,217.4,64.7,2415.0,0,normal
1,296,54.4,183.9,67.8,2404.0,0,normal
1,297,52.7,163.8,62.3,2412.0,0,normal
1,298,53.2,230.9,77.1,2374.0,0,normal
1,299,54.8,205.1,64.6,2426.0,0,normal
2,0,62.9,218.8,53.3,2354.0,0,normal
2,1,48.8,219.5,87.5,2393.0,1,normal
2,2,53.9,261.8,70.8,2351.0,0,normal
2,3,53.1,210.3,79.7,2473.0,0,normal
2,4,47.1,209.7,50.2,2352.0,0,normal
2,5,59.2,214.1,87.6,2369.0,0,normal
2,6,53.9,179.8,79.4,2369.0,0,normal
2,7,58.0,191.1,69.5,2355.0,0,normal
2,8,64.4,189.9,77.7,2441.0,0,normal
2,9,53.6,213.0,60.8,2473.0,0,normal
2,10,53.3,196.5,63.0,2386.0,0,normal
2,11,55.5,202.8,64.4,2360.0,0,normal
2,12,58.9,221.7,47.8,2333.0,0,normal
2,13,52.7,217.3,80.3,2393.0,0,normal
2,14,52.5,196.8,84.3,2391.0,0,normal
2,15,59.2,186.6,61.6,2380.0,0,normal
2,16,56.5,222.7,74.2,2407.0,0,normal
2,17,46.8,215.5,66.8,2412.0,0,normal
2,18,50.1,167.9,73.9,2410.0,0,normal
2,19,61.0,193.7,62.5,2391.0,0,normal
2,20,56.6,203.3,59.4,2367.0,0,normal
2,21,52.0,215.6,82.6,2420.0,0,normal
2,22,54.3,218.2,69.2,2400.0,0,normal
2,23,55.1,205.7,94.3,2427.0,0,normal
2,24,57.9,211.7,70.6,2424.0,0,normal
2,25,49.6,201.3,58.9,2357.0,0,normal
2,26,51.6,186.5,84.7,2357.0,0,normal
2,27,56.1,194.8,77.6,2377.0,0,normal
2,28,54.6,200.4,78.7,2368.0,0,normal
2,29,57.3,199.3,84.3,2423.0,0,normal
2,30,50.1,162.3,62.2,2411.0,0,normal
2,31,56.4,192.1,68.5,2433.0,0,normal
2,32,59.4,201.1,67.9,2412.0,0,normal
2,33,56.9,194.4,54.5,2406.0,0,normal
2,34,55.6,195.1,66.8,2436.0,0,normal
2,35,54.6,209.8,86.0,2414.0,0,normal
2,36,51.7,178.4,72.8,2402.0,0,normal
2,37,54.7,167.4,53.8,2444.0,0,normal
2,38,60.0,193.0,51.3,2403.0,0,normal
2,39,54.5,215.3,90.0,2391.0,0,normal
2,40,51.4,233.8,68.9,2375.0,0,normal
2,41,53.0,215.6,62.2,2421.0,0,normal
2,42,55.8,170.6,66.7,2437.0,0,normal
2,43,53.5,195.4,52.3,2398.0,0,normal
2,44,56.9,205.1,87.1,2439.0,0,normal
2,45,57.1,203.6,65.3,2341.0,0,normal
2,46,58.6,210.8,86.4,2398.0,0,normal
2,47,60.7,181.7,70.6,2399.0,0,normal
2,48,59.0,201.3,87.2,2378.0,0,normal
2,49,51.3,208.4,73.1,2472.0,0,normal
2,50,51.4,216.5,80.2,2398.0,0,normal
2,51,54.7,183.9,78.6,2388.0,0,normal
2,52,53.2,193.1,77.5,2401.0,0,normal
2,53,50.4,145.9,74.2,2340.0,0,normal
2,54,53.2,187.6,67.2,2377.0,0,normal
2,55,53.1,189.5,93.0,2429.0,0,normal
2,56,52.3,179.6,59.1,2381.0,0,normal
2,57,53.7,203.3,70.1,2375.0,0,normal
2,58,59.7,198.9,70.2,2439.0,0,normal
2,59,55.8,154.8,74.8,2440.0,0,normal
2,60,64.9,204.3,64.8,2416.0,0,normal
2,61,55.7,181.4,73.8,2386.0,0,normal
2,62,53.8,209.7,68.0,2393.0,0,normal
2,63,55.0,174.4,51.0,2376.0,0,normal
2,64,56.0,200.6,70.1,2370.0,0,normal
2,65,56.7,194.3,56.8,2369.0,0,normal
2,66,63.3,206.1,49.2,2381.0,0,normal
2,67,51.6,202.5,71.6,2369.0,0,normal
2,68,58.4,194.9,75.9,2353.0,0,normal
2,69,55.8,169.3,76.3,2407.0,0,normal
2,70,48.7,170.5,76.8,2407.0,0,normal
2,71,58.1,188.3,46.8,2451.0,0,normal
2,72,60.1,199.8,53.7,2380.0,0,normal
2,73,51.6,187.8,93.7,2409.0,0,normal
2,74,55.0,212.5,57.4,2409.0,0,normal
2,75,48.1,194.4,77.3,2392.0,0,normal
2,76,50.0,180.7,61.8,2422.0,0,normal
2,77,59.2,194.4,71.0,2423.0,0,normal
2,78,53.1,204.5,62.4,2410.0,0,normal
2,79,50.6,206.5,76.7,2392.0,0,normal
2,80,55.9,237.6,71.6,2389.0,0,normal
2,81,52.9,186.6,64.6,2359.0,0,normal
2,82,53.1,198.5,57.4,2376.0,0,normal
2,83,58.0,208.5,73.2,2381.0,0,normal
2,84,50.4,199.5,55.4,2366.0,0,normal
2,85,51.4,190.0,75.1,2413.0,0,normal
2,86,55.6,169.0,100.0,2436.0,0,normal
2,87,58.9,189.8,86.2,2373.0,0,normal
2,88,60.0,178.5,78.6,2409.0,0,normal
2,89,52.3,165.5,69.0,2369.0,0,normal
2,90,58.7,184.1,46.7,2391.0,0,normal
2,91,51.9,179.1,54.1,2379.0,0,normal
2,92,62.3,211.7,85.4,2418.0,0,normal
2,93,50.5,212.0,60.5,2380.0,0,normal
2,94,60.3,181.9,61.6,2430.0,0,normal
2,95,52.4,194.8,68.0,2393.0,0,normal
2,96,63.1,162.8,57.3,2381.0,0,normal
2,97,57.4,190.1,55.3,2362.0,0,normal
2,98,50.9,208.0,69.4,2408.0,0,normal
2,99,52.9,216.5,59.3,2427.0,0,normal
2,100,58.1,185.7,61.1,2408.0,0,normal
2,101,59.2,221.0,60.6,2467.0,0,normal
2,102,54.7,169.7,76.3,2443.0,0,normal
2,103,55.2,175.0,67.2,2391.0,0,normal
2,104,58.0,214.2,67.9,2390.0,0,normal
2,105,55.5,233.4,77.2,2414.0,0,normal
2,106,49.8,209.9,68.3,2375.0,0,normal
2,107,51.7,199.2,66.7,2435.0,0,normal
2,108,55.9,156.1,75.6,2411.0,0,normal
2,109,59.9,159.6,78.0,2408.0,0,normal
2,110,61.5,202.6,68.2,2421.0,0,normal
2,111,58.1,192.8,71.0,2452.0,0,normal
2,112,56.1,177.9,60.6,2405.0,0,normal
2,113,58.0,201.3,59.7,2397.0,0,normal
2,114,52.3,202.3,79.2,2445.0,0,normal
2,115,54.4,218.9,75.3,2429.0,0,normal
2,116,51.7,202.7,75.5,2390.0,0,normal
2,117,50.0,224.6,73.4,2400.0,0,normal
2,118,56.3,200.2,70.6,2406.0,0,normal
2,119,55.7,197.7,78.4,2411.0,0,normal
2,120,57.8,221.3,81.2,2359.0,0,normal
2,121,57.2,180.4,80.9,2354.0,0,normal
2,122,56.0,256.3,68.8,2373.0,0,normal
2,123,57.2,207.5,86.6,2371.0,0,normal
2,124,54.8,207.6,72.7,2381.0,0,normal
2,125,56.7,210.5,77.6,2419.0,0,normal
2,126,52.1,237.5,73.4,2395.0,0,normal
2,127,56.5,215.9,73.0,2406.0,0,normal
2,128,57.7,167.9,61.2,2363.0,0,normal
2,129,52.3,228.1,78.4,2386.0,0,normal
2,130,55.2,193.2,100.0,2418.0,0,normal
2,131,52.5,202.1,65.5,2418.0,0,normal
2,132,52.9,174.4,70.9,2378.0,0,normal
2,133,50.5,210.5,64.6,2405.0,0,normal
2,134,60.1,187.0,64.1,2466.0,0,normal
2,135,59.3,202.0,88.5,2399.0,0,normal
2,136,57.1,194.3,61.9,2379.0,0,normal
2,137,62.9,238.5,64.3,2395.0,0,normal
2,138,54.2,239.6,51.0,2403.0,0,normal
2,139,67.1,200.9,60.9,2395.0,0,normal
2,140,54.1,201.3,49.5,2399.0,0,normal
2,141,56.0,192.5,77.6,2357.0,0,normal
2,142,53.4,222.1,100.0,2371.0,0,normal
2,143,56.5,193.4,65.6,2396.0,0,normal
2,144,58.3,191.6,50.0,2395.0,0,normal
2,145,54.5,219.6,80.8,2383.0,0,normal
2,146,62.1,189.2,61.3,2395.0,0,normal
2,147,56.0,199.2,85.6,2402.0,0,normal
2,148,56.1,168.4,66.6,2427.0,0,normal
2,149,51.4,214.1,62.4,2397.0,0,normal
2,150,56.7,238.8,67.9,2412.0,0,normal
2,151,54.5,214.4,79.1,2384.0,0,normal
2,152,52.6,229.2,67.3,2417.0,0,normal
2,153,51.9,183.1,64.0,2411.0,0,normal
2,154,65.7,204.7,67.6,2426.0,0,normal
2,155,53.9,181.1,54.7,2421.0,0,normal
2,156,49.2,195.4,74.8,2418.0,0,normal
2,157,52.2,215.4,48.6,2397.0,0,normal
2,158,54.8,202.0,64.7,2407.0,0,normal
2,159,57.2,171.7,79.1,2432.0,0,normal
2,160,57.2,173.7,73.6,2380.0,0,normal
2,161,57.7,172.4,77.1,2381.0,0,normal
2,162,52.4,209.8,69.2,2405.0,0,normal
2,163,56.4,241.3,84.0,2412.0,0,normal
2,164,51.5,227.2,81.1,2375.0,0,normal
2,165,52.5,162.1,75.4,2398.0,0,normal
2,166,51.3,228.4,81.1,2397.0,1,normal
2,167,50.2,218.7,79.0,2334.0,0,normal
2,168,59.3,169.1,64.7,2393.0,0,normal
2,169,57.8,193.9,53.9,2395.0,0,normal
2,170,58.9,221.9,75.0,2395.0,0,normal
2,171,55.2,211.0,76.6,2442.0,0,normal
2,172,58.1,173.8,83.1,2364.0,0,normal
2,173,48.0,212.2,58.8,2375.0,0,normal
2,174,58.5,157.2,59.1,2322.0,0,normal
2,175,55.7,195.5,75.5,2386.0,0,normal
2,176,57.5,222.8,69.1,2388.0,0,normal
2,177,56.5,200.4,47.4,2385.0,0,normal
2,178,51.1,190.0,74.5,2433.0,0,normal
2,179,49.0,217.8,47.8,2426.0,0,normal
2,180,52.2,219.5,58.7,2402.0,0,normal
2,181,57.3,226.2,86.2,2389.0,0,normal
2,182,57.8,217.5,91.9,2431.0,0,normal
2,183,49.5,221.6,55.4,2399.0,0,normal
2,184,51.1,214.7,66.0,2375.0,0,normal
2,185,52.1,205.3,70.5,2349.0,0,normal
2,186,53.6,201.8,91.4,2387.0,0,normal
2,187,49.6,195.3,64.1,2423.0,0,normal
2,188,49.3,175.8,64.3,2468.0,0,normal
2,189,51.7,180.9,88.6,2402.0,1,normal
2,190,55.3,194.4,65.5,2377.0,0,normal
2,191,50.3,204.8,78.7,2364.0,0,normal
2,192,54.5,228.8,52.3,2417.0,0,normal
2,193,59.2,199.2,67.9,2347.0,0,normal
2,194,49.8,220.1,50.1,2417.0,0,normal
2,195,54.2,221.6,57.3,2425.0,0,normal
2,196,59.1,195.4,80.1,2413.0,0,normal
2,197,53.3,211.9,69.4,2393.0,0,normal
2,198,52.7,195.1,66.2,2417.0,0,normal
2,199,59.7,226.4,61.0,2405.0,0,normal
2,200,53.8,212.7,67.4,2377.0,0,normal
2,201,59.4,176.2,73.6,2456.0,0,normal
2,202,56.7,203.2,81.8,2389.0,0,normal
2,203,53.6,233.0,38.5,2423.0,0,normal
2,204,56.9,196.4,60.0,2327.0,0,normal
2,205,56.3,209.0,71.9,2438.0,0,normal
2,206,59.1,210.9,68.8,2444.0,0,normal
2,207,52.8,179.3,74.8,2401.0,0,normal
2,208,55.2,210.2,73.2,2417.0,0,normal
2,209,54.8,172.1,66.3,2417.0,0,normal
2,210,57.8,187.5,63.7,2381.0,0,normal
2,211,50.9,221.5,67.1,2416.0,0,normal
2,212,59.1,207.1,83.8,2376.0,0,normal
2,213,56.9,193.9,61.2,2382.0,0,normal
2,214,49.7,208.9,69.2,2434.0,0,normal
2,215,59.8,198.8,72.2,2429.0,0,normal
2,216,63.9,200.3,88.7,2379.0,0,normal
2,217,59.0,213.1,66.4,2378.0,0,normal
2,218,60.7,185.5,81.5,2381.0,0,normal
2,219,55.3,200.8,84.8,2422.0,0,normal
2,220,48.4,193.8,69.2,2370.0,0,normal
2,221,47.6,168.3,67.5,2411.0,0,normal
2,222,56.0,181.6,66.1,2422.0,0,normal
2,223,52.6,231.4,66.9,2397.0,0,normal
2,224,51.3,207.7,80.3,2430.0,0,normal
2,225,54.7,173.5,72.8,2391.0,0,normal
2,226,57.5,169.2,72.8,2394.0,0,normal
2,227,49.2,197.8,56.5,2371.0,0,normal
2,228,53.2,231.2,58.4,2431.0,0,normal
2,229,61.0,196.3,95.7,2377.0,0,normal
2,230,50.7,226.1,67.9,2410.0,0,normal
2,231,58.5,207.0,60.7,2398.0,0,normal
2,232,53.1,209.4,87.2,2368.0,0,normal
2,233,57.2,173.3,73.4,2382.0,0,normal
2,234,59.4,218.8,76.9,2441.0,0,normal
2,235,58.0,193.3,68.3,2406.0,0,normal
2,236,58.6,217.3,66.2,2370.0,0,normal
2,237,50.4,183.7,68.0,2409.0,0,normal
2,238,59.5,203.5,53.4,2396.0,1,normal
2,239,51.6,207.0,68.9,2504.0,0,normal
2,240,56.0,196.9,73.6,2409.0,0,normal
2,241,56.0,208.1,92.2,2389.0,0,normal
2,242,56.9,194.7,71.0,2443.0,0,normal
2,243,56.3,187.0,42.0,2345.0,0,normal
2,244,51.6,232.1,68.9,2403.0,0,normal
2,245,49.6,221.0,100.0,2460.0,0,normal
2,246,58.5,184.8,80.4,2397.0,0,normal
2,247,55.7,211.4,60.3,2348.0,0,normal
2,248,59.6,185.1,77.1,2388.0,0,normal
2,249,54.8,176.3,61.1,2444.0,0,normal
2,250,49.4,220.7,53.8,2411.0,0,normal
2,251,58.9,165.9,65.8,2375.0,0,normal
2,252,53.5,218.5,71.1,2379.0,0,normal
2,253,56.4,194.9,47.5,2383.0,0,normal
2,254,52.4,195.8,56.2,2411.0,0,normal
2,255,61.6,208.2,70.1,2440.0,1,normal
2,256,51.5,211.6,65.1,2432.0,0,normal
2,257,53.7,183.5,74.7,2414.0,0,normal
2,258,55.4,214.4,55.4,2360.0,0,normal
2,259,50.6,202.3,78.6,2360.0,0,normal
2,260,56.3,174.9,55.8,2416.0,0,normal
2,261,61.4,196.6,89.7,2360.0,0,normal
2,262,53.0,227.6,49.4,2393.0,0,normal
2,263,56.6,233.5,56.9,2409.0,0,normal
2,264,44.0,214.3,75.0,2366.0,0,normal
2,265,54.8,176.2,90.0,2369.0,0,normal
2,266,53.7,209.8,73.8,2397.0,0,normal
2,267,51.7,217.0,76.8,2415.0,0,normal
2,268,59.3,214.5,70.2,2432.0,0,normal
2,269,53.7,215.7,57.7,2418.0,0,normal
2,270,54.3,207.3,64.1,2402.0,0,normal
2,271,53.5,198.6,55.5,2378.0,0,normal
2,272,47.3,187.8,54.7,2368.0,0,normal
2,273,50.5,162.0,74.8,2385.0,0,normal
2,274,58.8,206.8,56.5,2412.0,0,normal
2,275,46.6,203.7,73.8,2410.0,0,normal
2,276,51.9,211.2,54.4,2337.0,0,normal
2,277,53.4,173.2,73.6,2376.0,1,normal
2,278,62.0,212.9,64.1,2436.0,0,normal
2,279,58.1,241.1,86.9,2402.0,0,normal
2,280,52.8,201.6,73.9,2357.0,0,normal
2,281,60.2,198.8,84.8,2471.0,0,normal
2,282,52.0,206.2,60.9,2399.0,0,normal
2,283,59.0,240.6,70.7,2412.0,0,normal
2,284,49.6,179.5,58.2,2412.0,0,normal
2,285,59.3,204.1,65.0,2389.0,0,normal
2,286,53.4,184.0,66.9,2378.0,0,normal
2,287,50.9,189.1,61.3,2464.0,0,normal
2,288,54.1,199.0,55.4,2430.0,0,normal
2,289,56.1,226.9,53.0,2425.0,0,normal
2,290,53.0,236.0,41.9,2417.0,0,normal
2,291,57.2,209.0,57.3,2370.0,0,normal
2,292,52.7,192.5,77.5,2438.0,0,normal
2,293,57.5,249.9,50.8,2375.0,0,normal
2,294,56.8,191.4,53.6,2408.0,0,normal
2,295,54.8,188.6,91.5,2351.0,1,normal
2,296,53.2,164.5,62.4,2339.0,0,normal
2,297,55.6,227.9,73.9,2410.0,0,normal
2,298,57.2,219.4,77.7,2376.0,0,normal
2,299,63.2,248.4,78.0,2340.0,0,normal
3,0,58.2,219.5,68.4,2400.0,0,normal
3,1,52.2,190.8,70.4,2407.0,0,normal
3,2,61.4,173.4,60.2,2435.0,0,normal
3,3,58.0,239.5,80.7,2352.0,0,normal
3,4,51.0,187.9,65.4,2401.0,0,normal
3,5,51.3,188.6,66.9,2367.0,0,normal
3,6,57.4,198.7,77.3,2415.0,0,normal
3,7,54.0,201.3,67.7,2423.0,0,normal
3,8,54.3,192.3,67.2,2439.0,0,normal
3,9,60.1,199.7,70.1,2384.0,0,normal
3,10,52.0,199.2,79.5,2428.0,1,normal
3,11,55.4,203.5,89.8,2441.0,0,normal
3,12,58.8,152.9,77.0,2351.0,0,normal
3,13,58.2,237.6,79.6,2418.0,0,normal
3,14,54.4,197.1,67.6,2429.0,0,normal
3,15,53.8,211.6,61.5,2392.0,0,normal
3,16,48.0,172.4,77.8,2364.0,0,normal
3,17,50.8,190.6,72.1,2428.0,0,normal
3,18,56.3,186.6,52.9,2364.0,0,normal
3,19,54.4,229.4,66.1,2395.0,0,normal
3,20,55.3,188.3,69.0,2399.0,0,normal
3,21,59.2,215.2,63.9,2421.0,0,normal
3,22,50.3,187.0,87.8,2381.0,0,normal
3,23,54.1,190.9,75.8,2379.0,0,normal
3,24,55.8,195.1,86.5,2403.0,0,normal
3,25,52.2,225.7,73.2,2430.0,0,normal
3,26,60.7,162.2,71.0,2469.0,0,normal
3,27,58.6,173.7,58.8,2355.0,0,normal
3,28,56.2,161.1,70.1,2409.0,0,normal
3,29,62.2,178.2,70.2,2367.0,0,normal
3,30,49.0,183.8,53.6,2431.0,0,normal
3,31,55.0,167.7,63.5,2372.0,0,normal
3,32,56.5,185.3,66.1,2380.0,0,normal
3,33,51.3,159.7,75.0,2382.0,0,normal
3,34,56.2,179.6,75.5,2398.0,0,normal
3,35,50.6,224.0,63.0,2410.0,0,normal
3,36,57.8,208.1,75.6,2415.0,0,normal
3,37,59.2,203.7,67.8,2400.0,0,normal
3,38,56.1,179.9,35.6,2360.0,0,normal
3,39,47.6,169.3,64.2,2422.0,0,normal
3,40,51.1,177.2,82.9,2398.0,0,normal
3,41,57.3,199.1,49.8,2435.0,0,normal
3,42,55.1,217.4,71.4,2379.0,0,normal
3,43,44.2,218.0,89.0,2352.0,0,normal
3,44,60.0,212.6,60.9,2399.0,0,normal
3,45,55.5,185.2,70.0,2439.0,0,normal
3,46,51.7,200.5,54.4,2405.0,0,normal
3,47,59.0,193.6,89.5,2394.0,0,normal
3,48,52.3,196.0,69.0,2374.0,0,normal
3,49,52.2,240.7,70.6,2453.0,0,normal
3,50,56.4,164.8,86.3,2369.0,0,normal
3,51,62.1,195.3,77.9,2378.0,0,normal
3,52,61.5,224.2,59.5,2417.0,0,normal
3,53,56.4,170.7,62.2,2344.0,0,normal
3,54,56.8,187.1,75.9,2438.0,0,normal
3,55,58.2,189.4,62.5,2419.0,0,normal
3,56,50.0,195.5,44.6,2427.0,0,normal
3,57,57.6,168.1,69.4,2417.0,0,normal
3,58,52.1,211.9,52.2,2395.0,0,normal
3,59,56.3,213.3,89.4,2368.0,0,normal
3,60,54.1,210.2,72.1,2396.0,0,normal
3,61,57.0,182.6,59.1,2371.0,0,normal
3,62,55.5,201.7,61.6,2415.0,0,normal
3,63,42.7,182.0,47.3,2424.0,0,normal
3,64,55.7,193.3,56.8,2444.0,0,normal
3,65,57.6,243.1,82.2,2411.0,0,normal
3,66,56.8,201.9,96.8,2428.0,0,normal
3,67,54.6,176.2,78.7,2391.0,0,normal
3,68,61.6,203.6,68.9,2386.0,0,normal
3,69,56.2,173.0,64.8,2414.0,0,normal
3,70,56.8,176.0,58.5,2388.0,0,normal
3,71,59.2,179.2,94.7,2408.0,0,normal
3,72,56.5,191.1,67.7,2368.0,0,normal
3,73,51.4,218.7,95.4,2374.0,0,normal
3,74,45.2,211.6,86.7,2419.0,0,normal
3,75,53.1,210.5,49.1,2427.0,0,normal
3,76,58.0,178.0,62.0,2370.0,0,normal
3,77,53.6,189.2,62.0,2420.0,0,normal
3,78,58.2,205.4,69.0,2384.0,0,normal
3,79,55.6,187.4,69.3,2400.0,0,normal
3,80,60.2,194.4,100.0,2443.0,0,normal
3,81,53.8,208.8,57.1,2424.0,0,normal
3,82,56.9,193.0,72.7,2424.0,0,normal
3,83,57.0,204.5,77.4,2457.0,0,normal
3,84,61.0,231.9,70.0,2379.0,0,normal
3,85,48.2,196.6,71.3,2370.0,0,normal
3,86,53.2,223.6,57.5,2378.0,0,normal
3,87,58.4,211.2,71.3,2392.0,0,normal
3,88,61.2,170.7,76.1,2329.0,0,normal
3,89,56.0,178.0,73.9,2394.0,1,normal
3,90,53.8,183.3,76.8,2384.0,0,normal
3,91,58.0,182.9,87.0,2424.0,0,normal
3,92,58.5,198.2,81.2,2411.0,0,normal
3,93,53.6,212.3,70.9,2382.0,0,normal
3,94,56.3,225.1,55.9,2418.0,0,normal
3,95,59.7,206.2,62.8,2422.0,0,normal
3,96,62.6,191.1,67.4,2377.0,0,normal
3,97,58.0,158.4,73.0,2385.0,0,normal
3,98,55.2,201.4,64.3,2333.0,0,normal
3,99,54.8,200.5,58.8,2367.0,0,normal
3,100,57.2,203.7,55.7,2378.0,0,normal
3,101,54.5,242.1,50.2,2402.0,0,normal
3,102,55.8,224.8,67.2,2372.0,0,normal
3,103,50.8,215.7,52.4,2385.0,0,normal
3,104,60.2,180.8,58.0,2363.0,0,normal
3,105,50.4,189.7,65.3,2405.0,0,normal
3,106,53.3,198.1,54.0,2413.0,0,normal
3,107,55.4,184.5,74.6,2412.0,0,normal
3,108,63.0,210.0,78.9,2400.0,0,normal
3,109,53.3,207.1,63.4,2354.0,0,normal
3,110,52.3,178.2,64.8,2381.0,0,normal
3,111,52.8,223.9,76.4,2388.0,0,normal
3,112,61.6,202.0,61.4,2388.0,0,normal
3,113,43.8,165.4,60.6,2402.0,0,normal
3,114,51.0,199.0,84.4,2443.0,0,normal
3,115,65.9,205.6,80.6,2424.0,0,normal
3,116,57.4,219.5,77.2,2370.0,0,normal
3,117,50.6,193.3,81.1,2420.0,0,normal
3,118,54.8,216.6,46.3,2419.0,0,normal
3,119,55.3,203.7,86.2,2376.0,0,normal
3,120,58.4,173.7,74.7,2425.0,0,normal
3,121,62.4,171.7,82.1,2395.0,0,normal
3,122,56.6,222.5,74.6,2358.0,0,normal
3,123,52.8,223.9,70.6,2414.0,0,normal
3,124,58.1,206.5,66.7,2407.0,0,normal
3,125,52.2,229.9,74.4,2393.0,0,normal
3,126,50.9,221.1,66.3,2399.0,0,normal
3,127,48.0,213.7,80.4,2378.0,0,normal
3,128,48.7,181.8,51.0,2418.0,0,normal
3,129,51.4,234.6,63.5,2399.0,0,normal
3,130,50.3,210.7,94.5,2405.0,0,normal
3,131,56.3,192.3,62.5,2411.0,1,normal
3,132,50.2,186.6,67.1,2365.0,0,normal
3,133,42.4,205.1,59.4,2373.0,0,normal
3,134,50.8,166.6,74.0,2334.0,0,normal
3,135,53.1,214.0,61.2,2417.0,0,normal
3,136,52.6,180.9,67.8,2364.0,0,normal
3,137,61.1,207.4,80.2,2404.0,0,normal
3,138,52.5,189.6,61.6,2411.0,0,normal
3,139,58.5,194.7,79.5,2418.0,0,normal
3,140,54.9,184.9,79.9,2364.0,0,normal
3,141,54.8,196.8,82.7,2398.0,0,normal
3,142,51.7,237.8,71.7,2450.0,0,normal
3,143,54.8,227.7,100.0,2451.0,0,normal
3,144,51.9,207.1,82.7,2430.0,0,normal
3,145,55.7,199.5,73.9,2410.0,0,normal
3,146,54.1,216.9,59.5,2370.0,0,normal
3,147,51.2,222.6,68.8,2422.0,0,normal
3,148,59.0,183.4,87.1,2395.0,0,normal
3,149,56.7,198.5,90.5,2417.0,0,normal
3,150,53.2,163.6,87.7,2381.0,0,normal
3,151,55.6,222.5,79.4,2395.0,0,normal
3,152,54.7,241.3,54.9,2405.0,0,normal
3,153,51.5,201.6,75.8,2407.0,0,normal
3,154,55.3,157.5,55.1,2415.0,0,normal
3,155,52.5,212.2,52.2,2383.0,0,normal
3,156,51.2,181.9,72.9,2360.0,0,normal
3,157,48.5,186.7,76.3,2449.0,0,normal
3,158,53.6,212.5,80.8,2475.0,0,normal
3,159,57.3,205.1,76.0,2413.0,0,normal
3,160,52.2,190.2,76.4,2360.0,0,normal
3,161,65.1,187.0,58.2,2377.0,0,normal
3,162,58.5,202.5,68.7,2415.0,0,normal
3,163,60.2,191.8,51.9,2440.0,0,normal
3,164,58.2,177.8,46.0,2364.0,0,normal
3,165,62.4,193.3,78.9,2396.0,0,normal
3,166,51.9,206.8,61.0,2406.0,0,normal
3,167,44.8,196.4,80.5,2426.0,0,normal
3,168,53.2,171.7,83.3,2390.0,0,normal
3,169,57.2,219.8,62.6,2353.0,0,normal
3,170,55.6,145.2,77.1,2419.0,0,normal
3,171,56.1,191.1,62.1,2434.0,0,normal
3,172,60.3,187.6,47.8,2398.0,0,normal
3,173,56.5,203.0,71.5,2412.0,0,normal
3,174,58.2,211.2,64.3,2386.0,0,normal
3,175,51.2,222.5,64.7,2375.0,0,normal
3,176,50.6,185.8,93.7,2431.0,0,normal
3,177,61.5,211.7,51.7,2412.0,0,normal
3,178,55.4,203.9,74.6,2415.0,0,normal
3,179,52.5,165.8,58.1,2445.0,0,normal
3,180,52.5,238.0,80.9,2368.0,0,normal
3,181,52.4,171.2,73.6,2383.0,0,normal
3,182,52.2,208.4,74.6,2405.0,0,normal
3,183,49.9,207.8,58.7,2383.0,0,normal
3,184,49.0,205.5,60.8,2423.0,0,normal
3,185,54.2,190.1,81.1,2394.0,0,normal
3,186,52.6,216.5,91.2,2370.0,0,normal
3,187,59.4,168.8,75.8,2402.0,0,normal
3,188,56.2,198.7,59.2,2405.0,0,normal
3,189,56.1,188.7,74.1,2428.0,0,normal
3,190,52.0,186.5,99.1,2412.0,0,normal
3,191,54.5,208.6,71.2,2414.0,1,normal
3,192,56.4,221.5,87.5,2410.0,0,normal
3,193,57.9,193.1,61.1,2394.0,0,normal
3,194,54.6,215.6,69.5,2379.0,0,normal
3,195,59.3,201.0,77.4,2409.0,0,normal
3,196,55.0,182.1,74.8,2390.0,0,normal
3,197,58.2,194.8,60.8,2451.0,0,normal
3,198,53.0,194.0,60.3,2440.0,0,normal
3,199,47.7,186.1,81.9,2419.0,1,normal
3,200,56.1,208.6,84.3,2411.0,0,normal
3,201,57.9,204.7,88.1,2397.0,0,normal
3,202,57.3,168.2,91.6,2362.0,0,normal
3,203,56.7,167.0,71.6,2394.0,0,normal
3,204,53.6,208.5,66.3,2403.0,0,normal
3,205,51.8,183.7,86.2,2407.0,0,normal
3,206,57.2,206.0,78.6,2414.0,0,normal
3,207,56.7,215.6,58.2,2428.0,0,normal
3,208,52.8,174.6,57.6,2379.0,0,normal
3,209,59.4,171.8,75.9,2380.0,0,normal
3,210,51.5,233.5,67.9,2444.0,0,normal
3,211,52.7,207.0,69.7,2423.0,0,normal
3,212,61.5,191.6,82.9,2388.0,0,normal
3,213,58.5,181.3,79.1,2397.0,0,normal
3,214,53.6,189.8,86.0,2397.0,0,normal
3,215,56.1,176.2,46.8,2401.0,0,normal
3,216,55.6,217.7,73.0,2414.0,0,normal
3,217,44.0,184.5,78.3,2476.0,0,normal
3,218,51.4,221.9,51.7,2406.0,0,normal
3,219,54.8,192.0,62.1,2420.0,0,normal
3,220,53.6,179.1,59.9,2349.0,0,normal
3,221,56.0,191.5,70.3,2385.0,0,normal
3,222,59.5,147.5,89.5,2437.0,0,normal
3,223,53.7,197.6,94.3,2412.0,0,normal
3,224,50.8,196.6,60.2,2268.0,0,normal
3,225,56.3,216.5,76.3,2420.0,0,normal
3,226,53.7,162.3,76.7,2458.0,0,normal
3,227,54.4,223.2,74.7,2340.0,0,normal
3,228,53.8,216.4,74.8,2446.0,0,normal
3,229,64.0,225.0,73.6,2317.0,0,normal
3,230,46.0,198.9,90.3,2428.0,0,normal
3,231,53.4,220.3,83.2,2400.0,0,normal
3,232,55.0,170.6,57.3,2330.0,0,normal
3,233,51.9,214.3,79.5,2413.0,0,normal
3,234,58.6,184.6,80.7,2435.0,0,normal
3,235,58.3,167.0,73.8,2411.0,0,normal
3,236,54.8,177.5,83.6,2418.0,0,normal
3,237,53.9,200.1,72.3,2388.0,0,normal
3,238,54.6,183.5,72.4,2344.0,0,normal
3,239,54.6,207.5,71.5,2421.0,0,normal
3,240,54.7,163.8,45.8,2452.0,0,normal
3,241,54.2,157.5,69.0,2434.0,0,normal
3,242,56.0,227.4,62.0,2340.0,0,normal
3,243,58.0,218.1,55.8,2355.0,0,normal
3,244,50.1,179.0,87.2,2375.0,0,normal
3,245,50.8,199.9,76.1,2352.0,0,normal
3,246,48.0,220.4,69.6,2401.0,0,normal
3,247,58.5,208.4,63.2,2412.0,0,normal
3,248,56.0,203.0,73.6,2357.0,0,normal
3,249,57.0,221.9,81.9,2423.0,0,normal
3,250,49.3,185.4,60.1,2418.0,0,normal
3,251,62.1,200.6,69.9,2384.0,0,normal
3,252,52.6,199.6,80.4,2395.0,0,normal
3,253,55.7,194.5,46.8,2342.0,0,normal
3,254,58.4,192.2,69.3,2390.0,0,normal
3,255,51.1,201.5,64.8,2400.0,0,normal
3,256,52.8,200.7,68.4,2405.0,0,normal
3,257,55.7,179.0,64.0,2411.0,0,normal
3,258,66.4,216.0,71.7,2407.0,0,normal
3,259,56.2,180.5,93.1,2392.0,0,normal
3,260,61.4,195.6,66.1,2409.0,0,normal
3,261,59.8,194.1,73.5,2430.0,0,normal
3,262,56.5,207.2,93.9,2397.0,0,normal
3,263,51.0,157.6,63.4,2410.0,0,normal
3,264,59.2,217.8,91.8,2394.0,0,normal
3,265,49.0,186.5,70.1,2381.0,0,normal
3,266,61.4,224.4,91.4,2416.0,0,normal
3,267,55.8,190.4,79.0,2383.0,0,normal
3,268,44.4,199.0,73.7,2412.0,0,normal
3,269,53.6,238.3,69.2,2401.0,0,normal
3,270,57.6,194.5,62.5,2391.0,0,normal
3,271,54.1,224.8,70.9,2390.0,0,normal
3,272,57.9,200.8,80.8,2385.0,0,normal
3,273,51.6,208.3,69.8,2351.0,0,normal
3,274,49.8,201.4,66.2,2411.0,0,normal
3,275,54.7,217.0,67.0,2407.0,0,normal
3,276,55.1,186.3,81.9,2425.0,0,normal
3,277,53.6,180.3,84.7,2384.0,0,normal
3,278,59.9,187.2,62.0,2457.0,0,normal
3,279,51.6,202.0,62.0,2389.0,0,normal
3,280,56.3,195.6,74.6,2374.0,0,normal
3,281,55.3,214.2,88.3,2370.0,0,normal
3,282,48.8,226.1,83.8,2348.0,0,normal
3,283,49.7,180.5,55.0,2446.0,0,normal
3,284,55.0,185.3,66.8,2441.0,0,normal
3,285,62.9,171.3,58.8,2418.0,0,normal
3,286,57.3,240.6,66.8,2373.0,0,normal
3,287,48.1,206.1,89.3,2454.0,0,normal
3,288,42.6,209.6,52.9,2389.0,0,normal
3,289,57.9,173.2,50.6,2392.0,0,normal
3,290,54.6,200.0,60.1,2443.0,0,normal
3,291,59.6,210.2,73.4,2420.0,0,normal
3,292,51.5,194.9,77.4,2466.0,0,normal
3,293,56.4,221.5,75.2,2407.0,0,normal
3,294,58.4,246.2,84.1,2388.0,0,normal
3,295,53.2,181.1,48.8,2382.0,0,normal
3,296,53.3,179.6,84.3,2345.0,0,normal
3,297,55.1,182.4,66.3,2392.0,0,normal
3,298,57.2,232.1,78.8,2434.0,0,normal
3,299,54.9,220.8,54.1,2418.0,0,normal
4,0,55.9,231.4,80.6,2368.0,0,normal
4,1,54.8,185.6,66.3,2441.0,0,normal
4,2,58.5,195.2,77.7,2378.0,0,normal
4,3,57.4,178.4,72.7,2414.0,0,normal
4,4,43.1,219.8,78.6,2375.0,0,normal
4,5,57.2,242.0,53.9,2423.0,0,normal
4,6,51.0,164.8,68.3,2369.0,0,normal
4,7,49.3,193.1,69.3,2401.0,0,normal
4,8,54.2,225.3,77.5,2402.0,0,normal
4,9,56.6,171.1,62.5,2470.0,0,normal
4,10,48.4,211.3,40.0,2419.0,0,normal
4,11,57.8,224.4,57.0,2382.0,0,normal
4,12,58.1,201.6,69.3,2421.0,0,normal
4,13,55.2,211.0,70.8,2464.0,0,normal
4,14,51.5,235.2,90.2,2351.0,0,normal
4,15,51.1,239.0,77.0,2375.0,0,normal
4,16,59.1,198.8,71.0,2393.0,0,normal
4,17,49.0,189.4,69.6,2387.0,0,normal
4,18,59.3,181.6,83.3,2390.0,0,normal
4,19,54.3,219.5,62.9,2361.0,0,normal
4,20,54.6,172.6,68.3,2442.0,1,normal
4,21,48.2,194.9,56.9,2357.0,0,normal
4,22,54.4,202.1,87.0,2394.0,0,normal
4,23,57.5,189.9,74.7,2431.0,0,normal
4,24,49.7,205.6,61.5,2399.0,0,normal
4,25,57.0,251.3,68.6,2371.0,0,normal
4,26,55.4,197.6,76.1,2360.0,0,normal
4,27,52.4,191.3,67.0,2393.0,0,normal
4,28,58.4,220.3,63.6,2377.0,0,normal
4,29,46.2,204.8,62.1,2406.0,0,normal
4,30,56.4,228.8,74.1,2358.0,0,normal
4,31,61.5,203.3,65.7,2424.0,0,normal
4,32,60.8,195.0,64.6,2403.0,0,normal
4,33,56.6,164.3,54.0,2406.0,0,normal
4,34,53.8,167.6,70.9,2443.0,0,normal
4,35,52.5,163.3,67.8,2387.0,0,normal
4,36,53.8,207.6,66.1,2378.0,0,normal
4,37,57.2,172.8,72.4,2384.0,0,normal
4,38,51.8,225.1,79.0,2394.0,0,normal
4,39,58.0,200.6,78.4,2397.0,0,normal
4,40,63.5,195.1,76.6,2375.0,0,normal
4,41,54.8,183.1,67.1,2339.0,0,normal
4,42,49.6,212.4,63.2,2383.0,0,normal
4,43,49.6,183.9,57.5,2411.0,0,normal
4,44,58.1,180.3,62.9,2404.0,0,normal
4,45,54.8,223.8,70.2,2436.0,0,normal
4,46,58.5,207.1,60.6,2459.0,0,normal
4,47,52.9,195.3,71.2,2423.0,1,normal
4,48,58.3,212.8,58.4,2441.0,0,normal
4,49,54.4,200.2,50.1,2423.0,0,normal
4,50,52.1,207.7,79.8,2451.0,0,normal
4,51,53.4,183.7,64.3,2456.0,0,normal
4,52,50.2,241.4,60.0,2429.0,0,normal
4,53,63.0,188.4,56.9,2421.0,0,normal
4,54,54.6,231.1,75.1,2394.0,0,normal
4,55,57.6,196.2,86.5,2399.0,0,normal
4,56,52.9,216.1,65.2,2390.0,0,normal
4,57,50.8,214.7,67.4,2419.0,0,normal
4,58,54.1,222.9,82.9,2378.0,0,normal
4,59,59.4,183.2,48.3,2394.0,0,normal
4,60,52.9,221.5,93.6,2329.0,0,normal
4,61,51.5,236.9,99.3,2452.0,0,normal
4,62,55.6,194.8,37.5,2393.0,0,normal
4,63,57.0,200.7,68.8,2414.0,0,normal
4,64,61.6,189.5,61.4,2444.0,0,normal
4,65,56.4,193.1,66.8,2409.0,0,normal
4,66,57.6,234.2,65.0,2443.0,0,normal
4,67,57.9,179.9,79.7,2363.0,0,normal
4,68,50.4,181.2,68.6,2472.0,0,normal
4,69,51.1,232.2,59.1,2433.0,0,normal
4,70,50.7,212.5,67.9,2406.0,0,normal
4,71,49.7,242.4,76.2,2443.0,0,normal
4,72,58.2,191.0,55.8,2365.0,0,normal
4,73,56.2,202.5,50.2,2391.0,0,normal
4,74,55.3,186.8,93.9,2443.0,0,normal
4,75,44.6,202.9,62.3,2344.0,0,normal
4,76,63.2,164.5,68.4,2417.0,0,normal
4,77,51.4,213.7,65.2,2416.0,0,normal
4,78,63.2,206.5,76.6,2459.0,0,normal
4,79,49.2,198.8,91.3,2353.0,0,normal
4,80,51.8,192.2,77.0,2448.0,0,normal
4,81,46.2,182.1,51.8,2383.0,0,normal
4,82,56.4,214.6,53.4,2387.0,0,normal
4,83,50.6,176.6,65.2,2363.0,0,normal
4,84,50.7,210.2,66.8,2367.0,0,normal
4,85,49.5,241.5,49.3,2412.0,0,normal
4,86,58.1,229.7,79.8,2367.0,0,normal
4,87,57.8,169.9,57.0,2422.0,0,normal
4,88,62.2,189.3,87.9,2380.0,0,normal
4,89,52.3,208.4,91.8,2364.0,0,normal
4,90,55.9,198.6,67.0,2384.0,0,normal
4,91,49.8,172.0,75.3,2410.0,0,normal
4,92,53.7,207.7,55.2,2392.0,0,normal
4,93,52.9,199.8,77.5,2401.0,0,normal
4,94,56.9,238.3,64.0,2421.0,0,normal
4,95,59.1,194.9,57.0,2432.0,0,normal
4,96,59.0,223.4,66.5,2391.0,0,normal
4,97,51.6,174.7,64.4,2369.0,0,normal
4,98,59.0,179.4,66.1,2402.0,0,normal
4,99,54.8,214.4,81.4,2414.0,0,normal
4,100,53.7,221.7,60.6,2356.0,0,normal
4,101,52.2,180.9,90.8,2373.0,0,normal
4,102,52.8,200.5,54.1,2378.0,0,normal
4,103,62.0,172.4,89.4,2394.0,0,normal
4,104,56.2,196.4,57.8,2377.0,0,normal
4,105,55.7,216.7,70.0,2421.0,0,normal
4,106,54.0,191.3,64.1,2352.0,0,normal
4,107,64.8,195.0,65.9,2353.0,0,normal
4,108,60.2,177.4,79.6,2390.0,0,normal
4,109,52.1,187.0,88.0,2395.0,0,normal
4,110,53.9,235.2,84.3,2356.0,0,normal
4,111,54.1,201.5,65.1,2382.0,1,normal
4,112,55.6,180.0,72.2,2388.0,0,normal
4,113,52.2,193.7,60.6,2388.0,0,normal
4,114,56.8,168.1,58.1,2405.0,0,normal
4,115,60.8,179.7,56.2,2380.0,0,normal
4,116,49.7,227.2,64.7,2444.0,0,normal
4,117,50.5,197.2,73.0,2415.0,0,normal
4,118,53.1,237.8,47.1,2376.0,0,normal
4,119,53.3,198.1,69.4,2403.0,0,normal
4,120,63.0,199.3,88.2,2404.0,0,normal
4,121,59.0,212.8,83.5,2436.0,0,normal
4,122,58.8,146.5,63.0,2382.0,0,normal
4,123,53.9,204.1,53.2,2423.0,0,normal
4,124,53.9,199.0,75.5,2401.0,0,normal
4,125,49.2,229.7,42.2,2445.0,0,normal
4,126,58.1,219.3,83.3,2439.0,0,normal
4,127,57.0,177.3,67.4,2406.0,0,normal
4,128,60.1,224.8,92.0,2392.0,0,normal
4,129,54.2,194.8,49.3,2415.0,0,normal
4,130,54.4,181.9,81.0,2395.0,0,normal
4,131,55.7,203.9,68.8,2450.0,0,normal
4,132,58.6,195.9,66.0,2402.0,0,normal
4,133,49.1,230.8,53.6,2388.0,0,normal
4,134,57.9,206.8,77.1,2386.0,0,normal
4,135,54.9,204.1,78.1,2364.0,0,normal
4,136,50.8,218.0,91.4,2417.0,0,normal
4,137,46.7,221.9,82.1,2375.0,0,normal
4,138,54.5,215.7,62.9,2433.0,0,normal
4,139,60.8,228.4,58.0,2361.0,0,normal
4,140,61.7,212.2,53.6,2404.0,0,normal
4,141,56.4,203.4,87.7,2435.0,0,normal
4,142,62.8,224.8,60.7,2335.0,0,normal
4,143,54.8,198.2,87.8,2461.0,0,normal
4,144,58.8,200.7,76.3,2387.0,0,normal
4,145,53.2,234.4,74.0,2404.0,0,normal
4,146,52.9,232.4,66.3,2417.0,0,normal
4,147,52.3,199.8,77.9,2422.0,0,normal
4,148,46.8,190.9,69.8,2408.0,0,normal
4,149,60.1,229.3,65.6,2430.0,0,normal
4,150,52.4,216.0,78.4,2416.0,0,normal
4,151,51.8,206.3,68.3,2453.0,0,normal
4,152,50.3,193.6,60.4,2416.0,0,normal
4,153,54.2,206.6,77.2,2459.0,0,normal
4,154,62.1,199.6,69.2,2427.0,0,normal
4,155,63.4,186.7,75.9,2346.0,0,normal
4,156,48.4,202.6,64.6,2478.0,0,normal
4,157,53.6,205.3,55.5,2383.0,0,normal
4,158,50.9,192.5,90.8,2445.0,0,normal
4,159,59.0,218.1,88.6,2401.0,0,normal
4,160,56.1,225.8,80.6,2432.0,0,normal
4,161,52.5,219.4,65.3,2379.0,0,normal
4,162,55.3,194.5,66.4,2419.0,0,normal
4,163,53.1,215.1,86.6,2392.0,0,normal
4,164,61.5,201.6,65.8,2447.0,0,normal
4,165,57.2,175.3,62.4,2413.0,0,normal
4,166,57.7,213.5,92.5,2428.0,0,normal
4,167,44.3,202.9,69.4,2335.0,0,normal
4,168,54.7,251.9,91.2,2397.0,0,normal
4,169,63.3,229.1,53.2,2412.0,0,normal
4,170,60.3,214.2,76.2,2407.0,0,normal
4,171,47.6,205.0,94.9,2429.0,0,normal
4,172,53.7,203.3,70.4,2389.0,0,normal
4,173,50.2,179.9,66.8,2401.0,0,normal
4,174,61.8,165.2,56.0,2435.0,0,normal
4,175,56.0,182.5,83.0,2332.0,0,normal
4,176,51.9,199.0,60.8,2418.0,0,normal
4,177,55.1,157.9,68.9,2390.0,0,normal
4,178,44.6,189.1,55.2,2373.0,0,normal
4,179,50.7,195.0,88.7,2410.0,0,normal
4,180,55.1,195.7,83.9,2437.0,0,normal
4,181,58.4,186.8,69.6,2431.0,0,normal
4,182,47.2,193.2,56.2,2396.0,0,normal
4,183,53.5,234.5,88.4,2426.0,0,normal
4,184,59.0,213.2,65.6,2426.0,0,normal
4,185,49.2,188.8,56.7,2397.0,0,normal
4,186,55.9,198.6,48.9,2379.0,0,normal
4,187,55.3,199.4,62.2,2381.0,0,normal
4,188,61.9,184.6,52.5,2425.0,0,normal
4,189,54.1,184.6,62.5,2399.0,0,normal
4,190,54.3,220.2,78.9,2369.0,0,normal
4,191,58.4,191.6,65.5,2349.0,0,normal
4,192,49.7,178.1,74.3,2425.0,0,normal
4,193,54.1,199.1,61.3,2384.0,0,normal
4,194,53.2,202.4,70.8,2410.0,1,normal
4,195,54.4,160.5,93.1,2437.0,0,normal
4,196,58.4,199.2,65.8,2361.0,0,normal
4,197,57.2,217.4,74.6,2399.0,0,normal
4,198,52.0,209.0,51.2,2395.0,0,normal
4,199,55.5,244.6,88.2,2411.0,0,normal
4,200,61.0,225.0,64.3,2437.0,0,normal
4,201,51.7,229.0,82.6,2360.0,0,normal
4,202,55.6,256.0,68.5,2417.0,0,normal
4,203,54.2,215.2,77.3,2431.0,0,normal
4,204,54.7,203.3,78.1,2394.0,0,normal
4,205,48.5,219.5,64.6,2396.0,1,normal
4,206,60.6,188.8,83.1,2413.0,0,normal
4,207,51.9,202.2,60.9,2410.0,0,normal
4,208,59.1,187.0,79.3,2417.0,0,normal
4,209,52.5,208.0,65.3,2417.0,0,normal
4,210,52.5,187.0,74.2,2371.0,0,normal
4,211,59.9,186.3,64.5,2430.0,0,normal
4,212,59.0,208.3,70.6,2435.0,0,normal
4,213,55.8,197.2,57.1,2406.0,0,normal
4,214,58.0,161.4,73.0,2355.0,0,normal
4,215,53.8,170.9,70.5,2397.0,0,normal
4,216,55.0,177.1,63.5,2406.0,0,normal
4,217,52.4,182.3,69.3,2366.0,2,normal
4,218,58.6,208.3,71.6,2389.0,0,normal
4,219,52.2,204.4,62.6,2358.0,0,normal
4,220,60.9,221.3,68.5,2418.0,1,normal
4,221,53.7,215.1,57.9,2405.0,0,normal
4,222,55.1,221.4,98.1,2351.0,0,normal
4,223,58.0,212.2,82.7,2411.0,0,normal
4,224,55.1,204.2,73.3,2398.0,0,normal
4,225,53.8,222.0,84.1,2415.0,0,normal
4,226,54.9,218.4,46.2,2388.0,0,normal
4,227,58.6,207.5,39.3,2376.0,0,normal
4,228,52.3,225.4,65.2,2377.0,0,normal
4,229,54.5,153.1,53.5,2384.0,0,normal
4,230,55.0,194.2,67.2,2401.0,0,normal
4,231,58.5,193.9,72.5,2404.0,0,normal
4,232,54.6,223.1,81.0,2394.0,0,normal
4,233,62.2,231.4,56.3,2387.0,0,normal
4,234,54.4,171.0,74.8,2389.0,0,normal
4,235,54.0,228.2,70.2,2475.0,0,normal
4,236,54.3,176.6,74.2,2377.0,0,normal
4,237,49.7,177.2,63.8,2383.0,0,normal
4,238,50.9,195.3,86.6,2499.0,0,normal
4,239,52.9,193.6,68.8,2413.0,0,normal
4,240,59.5,168.8,91.3,2359.0,0,normal
4,241,54.9,213.0,60.5,2425.0,0,normal
4,242,53.1,213.6,78.9,2373.0,0,normal
4,243,59.9,221.1,69.3,2427.0,0,normal
4,244,61.2,191.3,66.1,2394.0,0,normal
4,245,60.0,199.2,77.6,2387.0,0,normal
4,246,51.6,199.4,66.4,2448.0,0,normal
4,247,53.0,233.8,38.1,2417.0,0,normal
4,248,62.3,143.3,33.2,2429.0,0,normal
4,249,56.0,180.9,85.3,2413.0,0,normal
4,250,53.9,200.1,84.8,2387.0,0,normal
4,251,57.9,178.3,92.6,2418.0,0,normal
4,252,59.0,194.8,69.8,2436.0,0,normal
4,253,52.7,197.5,54.5,2404.0,0,normal
4,254,55.9,186.8,65.0,2454.0,0,normal
4,255,58.7,201.3,70.1,2426.0,0,normal
4,256,50.4,212.6,57.9,2406.0,0,normal
4,257,55.0,195.3,89.8,2408.0,0,normal
4,258,50.5,190.9,96.9,2404.0,0,normal
4,259,51.1,196.7,75.7,2362.0,0,normal
4,260,52.7,199.9,69.9,2397.0,0,normal
4,261,56.9,165.2,54.5,2407.0,0,normal
4,262,53.7,209.2,88.6,2388.0,0,normal
4,263,52.4,191.0,70.9,2410.0,0,normal
4,264,55.2,225.2,66.5,2401.0,0,normal
4,265,50.4,211.8,75.8,2423.0,0,normal
4,266,56.7,223.4,63.0,2420.0,0,normal
4,267,59.5,179.8,71.8,2405.0,0,normal
4,268,54.7,192.6,52.7,2359.0,0,normal
4,269,54.2,175.2,83.0,2454.0,0,normal
4,270,56.5,185.9,68.7,2396.0,0,normal
4,271,46.9,225.0,83.9,2398.0,0,normal
4,272,57.1,229.7,67.6,2390.0,0,normal
4,273,67.4,177.0,68.4,2385.0,0,normal
4,274,54.5,190.8,55.5,2446.0,0,normal
4,275,54.5,198.5,79.1,2442.0,1,normal
4,276,58.0,211.7,59.5,2413.0,0,normal
4,277,61.6,164.8,64.2,2397.0,0,normal
4,278,58.9,167.9,70.0,2419.0,0,normal
4,279,46.4,209.8,71.5,2402.0,0,normal
4,280,57.3,161.0,49.5,2394.0,0,normal
4,281,65.3,191.1,67.2,2410.0,0,normal
4,282,57.5,203.2,79.5,2387.0,0,normal
4,283,50.4,208.3,65.5,2408.0,1,normal
4,284,56.1,197.2,67.3,2406.0,0,normal
4,285,49.9,192.7,71.9,2418.0,0,normal
4,286,59.9,216.9,68.5,2381.0,0,normal
4,287,51.2,205.7,57.6,2421.0,0,normal
4,288,55.3,187.1,69.6,2373.0,0,normal
4,289,51.6,200.8,81.9,2383.0,0,normal
4,290,52.8,207.7,57.4,2384.0,0,normal
4,291,60.9,234.4,65.5,2368.0,0,normal
4,292,55.4,215.7,53.4,2430.0,1,normal
4,293,52.8,224.3,81.3,2371.0,0,normal
4,294,50.4,187.8,68.9,2379.0,0,normal
4,295,47.5,189.5,59.8,2438.0,0,normal
4,296,50.0,195.3,71.1,2383.0,0,normal
4,297,55.4,197.1,55.6,2394.0,0,normal
4,298,58.9,179.8,57.6,2370.0,0,normal
4,299,52.8,225.3,52.5,2425.0,0,normal
5,0,52.8,197.1,55.5,2388.0,0,normal
5,1,54.8,172.5,86.0,2419.0,0,normal
5,2,55.9,172.7,69.4,2405.0,0,normal
5,3,52.1,217.2,49.3,2422.0,0,normal
5,4,47.6,174.8,78.5,2403.0,0,normal
5,5,51.8,207.8,82.3,2350.0,0,normal
5,6,52.0,202.3,40.9,2430.0,0,normal
5,7,51.9,207.5,60.1,2397.0,0,normal
5,8,58.9,209.4,68.7,2424.0,0,normal
5,9,50.1,181.3,78.8,2421.0,0,normal
5,10,56.2,180.5,63.8,2377.0,0,normal
5,11,55.6,214.3,60.0,2373.0,0,normal
5,12,58.8,187.4,78.7,2420.0,0,normal
5,13,54.5,145.0,64.4,2391.0,0,normal
5,14,58.2,213.0,76.5,2428.0,0,normal
5,15,54.3,179.3,56.7,2395.0,0,normal
5,16,56.7,209.3,53.8,2431.0,0,normal
5,17,49.0,227.9,79.1,2413.0,0,normal
5,18,44.4,200.3,73.0,2409.0,0,normal
5,19,56.5,219.9,81.1,2389.0,0,normal
5,20,56.7,203.1,63.6,2407.0,0,normal
5,21,56.9,231.7,60.5,2436.0,0,normal
5,22,52.9,178.8,86.3,2398.0,0,normal
5,23,61.0,199.8,51.7,2416.0,0,normal
5,24,53.2,213.5,85.0,2401.0,0,normal
5,25,56.7,196.2,85.8,2404.0,0,normal
5,26,57.4,223.0,80.3,2452.0,0,normal
5,27,61.9,191.4,61.7,2436.0,0,normal
5,28,53.7,241.4,60.2,2402.0,0,normal
5,29,52.4,242.4,67.5,2406.0,0,normal
5,30,49.0,205.6,54.5,2379.0,0,normal
5,31,61.2,211.1,58.5,2395.0,0,normal
5,32,56.7,223.8,77.7,2409.0,0,normal
5,33,56.8,176.3,77.8,2426.0,0,normal
5,34,67.5,173.8,57.4,2422.0,0,normal
5,35,56.3,225.1,78.1,2367.0,0,normal
5,36,49.8,205.5,75.5,2429.0,0,normal
5,37,54.2,195.5,88.1,2397.0,0,normal
5,38,51.1,200.2,76.8,2370.0,0,normal
5,39,53.4,152.3,82.7,2440.0,0,normal
5,40,53.4,196.2,75.7,2444.0,0,normal
5,41,52.7,184.9,81.8,2408.0,0,normal
5,42,49.4,218.4,54.6,2421.0,0,normal
5,43,61.4,219.9,68.5,2423.0,0,normal
5,44,56.2,211.5,69.5,2442.0,0,normal
5,45,54.1,207.9,67.1,2422.0,0,normal
5,46,58.0,170.1,75.3,2360.0,0,normal
5,47,56.9,211.8,77.6,2460.0,0,normal
5,48,56.1,212.6,74.7,2432.0,0,normal
5,49,57.7,224.9,67.9,2385.0,0,normal
5,50,55.5,242.4,61.2,2369.0,0,normal
5,51,57.7,166.1,83.2,2415.0,0,normal
5,52,58.0,192.2,74.2,2392.0,0,normal
5,53,55.7,185.2,57.8,2410.0,0,normal
5,54,54.1,203.5,67.7,2422.0,0,normal
5,55,61.1,200.3,49.1,2383.0,0,normal
5,56,53.1,195.3,70.4,2367.0,0,normal
5,57,56.6,220.6,67.6,2412.0,0,normal
5,58,56.7,178.0,63.1,2384.0,0,normal
5,59,52.6,179.2,89.0,2404.0,0,normal
5,60,51.8,179.5,56.1,2360.0,0,normal
5,61,53.6,192.8,78.5,2392.0,0,normal
5,62,53.0,175.4,96.2,2421.0,0,normal
5,63,49.2,199.0,82.9,2418.0,0,normal
5,64,52.4,196.7,69.6,2376.0,0,normal
5,65,56.1,184.3,56.4,2365.0,0,normal
5,66,60.1,217.5,53.7,2400.0,0,normal
5,67,57.2,198.8,65.1,2417.0,0,normal
5,68,44.6,221.3,61.8,2412.0,0,normal
5,69,57.6,196.1,61.4,2385.0,0,normal
5,70,52.8,199.5,66.1,2409.0,0,normal
5,71,56.8,188.7,68.8,2445.0,0,normal
5,72,54.9,199.9,75.8,2406.0,0,normal
5,73,54.2,214.2,55.1,2351.0,0,normal
5,74,54.6,191.8,61.8,2406.0,0,normal
5,75,54.9,210.4,68.1,2461.0,0,normal
5,76,60.4,183.7,67.7,2361.0,0,normal
5,77,54.9,215.2,92.0,2401.0,0,normal
5,78,59.3,188.4,72.8,2393.0,0,normal
5,79,58.8,217.0,50.6,2403.0,0,normal
5,80,57.7,201.2,75.0,2406.0,0,normal
5,81,47.9,230.4,76.5,2434.0,0,normal
5,82,59.5,176.9,68.5,2403.0,0,normal
5,83,53.2,170.5,55.4,2438.0,0,normal
5,84,57.9,187.7,91.1,2396.0,0,normal
5,85,51.1,172.3,57.2,2389.0,0,normal
5,86,50.3,172.3,77.9,2380.0,0,normal
5,87,62.9,212.4,72.4,2345.0,0,normal
5,88,51.2,199.9,77.2,2408.0,0,normal
5,89,59.6,190.4,90.5,2462.0,0,normal
5,90,55.5,192.3,76.7,2414.0,0,normal
5,91,53.3,188.1,63.3,2421.0,0,normal
5,92,54.8,233.0,83.3,2388.0,0,normal
5,93,49.8,185.3,62.4,2393.0,0,normal
5,94,54.9,173.6,72.0,2430.0,0,normal
5,95,50.7,215.9,54.5,2460.0,0,normal
5,96,53.4,195.7,57.6,2445.0,0,normal
5,97,58.7,240.8,70.6,2424.0,0,normal
5,98,56.0,189.5,74.4,2401.0,0,normal
5,99,49.1,216.9,49.6,2406.0,0,normal
5,100,58.4,221.6,76.0,2377.0,0,normal
5,101,55.0,189.6,60.2,2357.0,0,normal
5,102,52.8,185.1,85.4,2366.0,0,normal
5,103,58.0,214.8,65.8,2401.0,0,normal
5,104,54.3,211.5,56.5,2391.0,0,normal
5,105,50.3,171.8,70.9,2356.0,0,normal
5,106,62.4,177.4,59.0,2399.0,0,normal
5,107,54.9,149.3,85.2,2390.0,0,normal
5,108,54.7,211.9,70.0,2365.0,0,normal
5,109,53.4,194.8,68.2,2389.0,0,normal
5,110,59.7,196.8,77.1,2390.0,1,normal
5,111,52.9,166.2,57.9,2382.0,0,normal
5,112,48.8,178.0,54.5,2428.0,0,normal
5,113,52.3,190.4,74.9,2343.0,0,normal
5,114,60.3,186.6,56.8,2340.0,0,normal
5,115,58.3,202.4,56.8,2400.0,0,normal
5,116,54.0,211.7,80.0,2403.0,0,normal
5,117,60.5,245.4,76.3,2412.0,0,normal
5,118,58.0,199.6,55.0,2384.0,0,normal
5,119,53.9,222.3,62.6,2372.0,0,normal
5,120,54.3,183.4,59.2,2400.0,0,normal
5,121,56.3,166.5,91.3,2387.0,0,normal
5,122,51.7,193.0,80.9,2447.0,0,normal
5,123,55.0,168.0,64.9,2390.0,0,normal
5,124,56.2,200.3,76.9,2398.0,0,normal
5,125,48.3,184.4,53.7,2474.0,0,normal
5,126,54.2,160.9,61.9,2394.0,0,normal
5,127,53.8,234.7,71.3,2417.0,0,normal
5,128,59.1,189.2,75.4,2419.0,0,normal
5,129,47.6,167.2,68.8,2422.0,0,normal
5,130,53.5,218.0,73.0,2409.0,0,normal
5,131,53.1,185.4,70.9,2406.0,0,normal
5,132,58.8,221.8,68.0,2403.0,0,normal
5,133,54.8,185.3,66.4,2383.0,0,normal
5,134,62.2,189.2,64.9,2410.0,0,normal
5,135,57.6,206.9,72.8,2461.0,0,normal
5,136,53.4,211.9,74.9,2436.0,1,normal
5,137,56.0,215.4,72.4,2409.0,0,normal
5,138,53.6,198.2,55.9,2426.0,0,normal
5,139,58.4,210.6,58.0,2374.0,0,normal
5,140,49.7,214.9,74.8,2392.0,0,normal
5,141,51.7,204.0,87.7,2428.0,0,normal
5,142,56.8,197.1,71.8,2445.0,0,normal
5,143,59.9,171.1,65.1,2377.0,0,normal
5,144,46.2,212.0,72.7,2385.0,1,normal
5,145,60.5,200.8,56.4,2465.0,0,normal
5,146,54.4,191.7,85.7,2403.0,0,normal
5,147,47.5,225.6,72.2,2455.0,0,normal
5,148,43.0,171.4,62.0,2406.0,0,normal
5,149,48.9,232.9,68.0,2407.0,0,normal
5,150,54.9,199.6,63.7,2391.0,0,normal
5,151,54.7,206.4,85.7,2428.0,0,normal
5,152,57.5,192.1,67.6,2441.0,0,normal
5,153,52.8,166.7,71.9,2369.0,0,normal
5,154,50.6,197.2,76.9,2389.0,0,normal
5,155,53.3,206.7,61.1,2427.0,0,normal
5,156,55.1,213.5,72.3,2396.0,0,normal
5,157,55.9,196.0,73.3,2385.0,0,normal
5,158,51.8,156.1,51.4,2430.0,0,normal
5,159,58.6,169.2,73.0,2433.0,0,normal
5,160,52.5,241.0,69.5,2387.0,0,normal
5,161,51.5,178.1,71.6,2406.0,0,normal
5,162,52.8,228.5,70.4,2364.0,0,normal
5,163,59.3,181.3,73.1,2373.0,0,normal
5,164,54.5,196.4,86.0,2404.0,0,normal
5,165,52.2,212.5,55.8,2401.0,0,normal
5,166,58.7,183.6,65.9,2371.0,0,normal
5,167,63.6,231.8,78.0,2379.0,0,normal
5,168,55.8,201.5,75.8,2368.0,0,normal
5,169,59.9,209.2,75.5,2414.0,0,normal
5,170,59.1,194.6,100.0,2341.0,0,normal
5,171,52.6,213.2,77.4,2370.0,0,normal
5,172,55.1,231.6,83.6,2344.0,0,normal
5,173,49.9,197.4,66.3,2413.0,0,normal
5,174,54.2,234.6,58.1,2346.0,0,normal
5,175,52.5,187.8,66.2,2401.0,0,normal
5,176,53.4,215.3,78.5,2449.0,0,normal
5,177,52.0,209.8,74.9,2450.0,0,normal
5,178,53.9,178.6,74.8,2346.0,0,normal
5,179,57.1,204.3,67.4,2409.0,0,normal
5,180,54.5,200.1,65.5,2370.0,0,normal
5,181,47.5,182.9,67.8,2364.0,0,normal
5,182,52.0,207.2,78.7,2397.0,0,normal
5,183,48.9,202.9,80.1,2437.0,0,normal
5,184,56.0,198.5,57.9,2418.0,0,normal
5,185,57.0,198.6,79.1,2379.0,0,normal
5,186,56.0,198.2,62.2,2421.0,0,normal
5,187,51.9,192.6,75.6,2333.0,0,normal
5,188,56.0,202.8,67.7,2377.0,0,normal
5,189,53.1,187.1,88.8,2375.0,0,normal
5,190,50.4,253.1,65.0,2402.0,0,normal
5,191,58.0,171.8,72.1,2394.0,0,normal
5,192,58.3,188.3,77.3,2396.0,0,normal
5,193,58.8,189.9,59.5,2395.0,0,normal
5,194,52.6,240.8,69.1,2401.0,0,normal
5,195,59.7,173.6,66.8,2416.0,0,normal
5,196,53.0,208.5,63.8,2404.0,1,normal
5,197,57.6,205.0,64.7,2391.0,0,normal
5,198,53.0,206.7,83.3,2412.0,0,normal
5,199,54.1,224.7,62.8,2425.0,0,normal
5,200,45.3,224.3,76.8,2383.0,0,normal
5,201,53.8,191.0,73.8,2398.0,0,normal
5,202,55.4,203.9,53.2,2435.0,0,normal
5,203,53.4,162.7,76.2,2367.0,0,normal
5,204,62.0,202.0,53.0,2454.0,0,normal
5,205,50.4,184.1,77.5,2360.0,0,normal
5,206,52.7,196.3,63.9,2390.0,0,normal
5,207,51.4,166.3,70.1,2371.0,0,normal
5,208,52.7,208.1,54.5,2466.0,0,normal
5,209,59.1,166.1,71.5,2385.0,0,normal
5,210,60.9,203.0,81.1,2385.0,0,normal
5,211,52.2,175.5,60.3,2389.0,0,normal
5,212,52.1,183.0,62.7,2403.0,0,normal
5,213,50.4,223.1,75.5,2390.0,0,normal
5,214,60.2,211.8,75.8,2396.0,0,normal
5,215,59.5,223.0,40.8,2294.0,0,normal
5,216,54.6,231.2,94.2,2402.0,0,normal
5,217,49.4,184.5,76.3,2401.0,0,normal
5,218,49.8,230.0,78.4,2431.0,0,normal
5,219,55.7,170.7,68.3,2439.0,0,normal
5,220,57.2,214.9,47.7,2394.0,0,normal
5,221,46.7,190.1,78.1,2424.0,0,normal
5,222,53.7,181.4,63.2,2367.0,0,normal
5,223,61.5,212.3,76.5,2423.0,0,normal
5,224,54.1,218.9,67.4,2383.0,0,normal
5,225,61.0,218.3,72.9,2364.0,0,normal
5,226,57.6,204.3,60.7,2394.0,0,normal
5,227,50.7,202.6,80.4,2442.0,0,normal
5,228,53.8,210.5,55.7,2405.0,0,normal
5,229,54.5,206.1,96.9,2445.0,0,normal
5,230,51.2,210.8,96.9,2378.0,0,normal
5,231,51.1,204.1,89.6,2431.0,0,normal
5,232,61.0,216.9,85.3,2380.0,0,normal
5,233,51.1,167.5,69.0,2407.0,0,normal
5,234,59.3,197.4,84.0,2407.0,0,normal
5,235,53.3,172.3,68.8,2420.0,0,normal
5,236,54.9,205.5,51.4,2408.0,0,normal
5,237,57.2,232.8,88.0,2378.0,0,normal
5,238,52.6,190.5,83.5,2426.0,0,normal
5,239,57.3,202.5,69.6,2452.0,0,normal
5,240,46.8,215.1,55.3,2382.0,0,normal
5,241,56.8,158.6,63.0,2345.0,0,normal
5,242,45.1,189.6,48.1,2415.0,0,normal
5,243,54.1,207.3,81.3,2390.0,0,normal
5,244,58.4,142.1,50.8,2396.0,0,normal
5,245,57.5,180.5,73.4,2417.0,0,normal
5,246,49.8,222.0,59.9,2386.0,0,normal
5,247,50.3,220.1,52.9,2392.0,0,normal
5,248,52.2,207.5,72.9,2397.0,0,normal
5,249,55.7,217.6,66.0,2444.0,0,normal
5,250,46.9,204.3,80.1,2401.0,0,normal
5,251,54.9,211.1,54.8,2363.0,0,normal
5,252,56.2,193.7,60.9,2364.0,0,normal
5,253,53.9,202.3,41.3,2404.0,0,normal
5,254,57.1,187.4,43.8,2366.0,0,normal
5,255,55.9,225.3,91.6,2353.0,0,normal
5,256,52.8,230.4,95.0,2419.0,0,normal
5,257,47.3,227.6,71.1,2421.0,0,normal
5,258,55.5,191.8,60.1,2389.0,0,normal
5,259,51.2,180.9,66.4,2409.0,0,normal
5,260,52.7,225.5,80.5,2406.0,1,normal
5,261,56.9,210.9,63.8,2418.0,0,normal
5,262,60.7,206.6,72.9,2418.0,0,normal
5,263,54.8,187.3,69.8,2322.0,0,normal
5,264,57.2,208.5,63.2,2393.0,0,normal
5,265,49.2,178.3,63.7,2416.0,0,normal
5,266,56.0,212.7,73.5,2388.0,0,normal
5,267,54.8,227.6,58.3,2401.0,1,normal
5,268,59.9,232.6,75.4,2423.0,1,normal
5,269,52.8,214.2,64.3,2402.0,0,normal
5,270,54.0,172.4,71.5,2445.0,0,normal
5,271,59.2,203.9,86.6,2434.0,0,normal
5,272,54.6,242.8,68.0,2396.0,0,normal
5,273,50.6,182.6,81.0,2394.0,0,normal
5,274,65.2,198.8,48.5,2314.0,0,normal
5,275,50.7,228.3,64.4,2390.0,0,normal
5,276,54.7,212.3,70.3,2359.0,0,normal
5,277,56.4,249.6,93.1,2407.0,0,normal
5,278,56.1,185.3,46.5,2405.0,0,normal
5,279,54.2,180.2,68.8,2421.0,0,normal
5,280,54.3,224.5,87.5,2442.0,0,normal
5,281,54.1,176.1,60.6,2399.0,0,normal
5,282,50.5,196.1,67.4,2468.0,0,normal
5,283,63.6,198.7,74.0,2407.0,0,normal
5,284,54.1,220.7,72.2,2361.0,0,normal
5,285,57.4,212.3,88.8,2383.0,0,normal
5,286,53.7,209.1,75.4,2389.0,0,normal
5,287,53.6,192.0,85.9,2418.0,0,normal
5,288,53.2,224.3,65.7,2372.0,0,normal
5,289,48.8,280.5,61.1,2391.0,0,normal
5,290,54.4,213.8,67.3,2395.0,0,normal
5,291,53.4,202.0,56.1,2387.0,0,normal
5,292,59.7,174.0,75.8,2424.0,0,normal
5,293,50.2,187.3,65.4,2419.0,0,normal
5,294,52.7,195.7,61.9,2435.0,0,normal
5,295,51.4,189.3,76.0,2390.0,0,normal
5,296,60.8,199.7,56.3,2436.0,0,normal
5,297,51.5,235.6,79.2,2359.0,0,normal
5,298,57.2,224.9,64.3,2358.0,1,normal
5,299,58.9,196.8,83.9,2364.0,0,normal
6,0,52.5,196.9,81.8,2437.0,0,normal
6,1,44.9,191.7,88.8,2363.0,0,normal
6,2,48.3,173.9,68.0,2393.0,0,normal
6,3,61.2,201.5,54.1,2388.0,0,normal
6,4,50.9,183.9,78.0,2379.0,0,normal
6,5,53.5,179.6,79.4,2407.0,0,normal
6,6,57.6,195.2,88.8,2413.0,0,normal
6,7,60.9,214.7,85.4,2413.0,0,normal
6,8,54.2,203.7,93.3,2371.0,0,normal
6,9,53.4,189.4,77.4,2351.0,0,normal
6,10,55.3,188.6,72.7,2408.0,0,normal
6,11,52.5,212.7,53.4,2385.0,0,normal
6,12,52.7,152.1,73.7,2455.0,0,normal
6,13,56.6,215.9,63.4,2457.0,0,normal
6,14,55.7,162.5,72.5,2460.0,0,normal
6,15,63.5,171.7,70.7,2372.0,0,normal
6,16,56.8,189.7,75.7,2417.0,0,normal
6,17,59.6,243.4,68.8,2426.0,0,normal
6,18,50.7,233.5,81.2,2423.0,0,normal
6,19,57.1,214.1,37.3,2389.0,0,normal
6,20,52.1,207.1,72.3,2438.0,0,normal
6,21,56.6,162.8,84.4,2400.0,0,normal
6,22,57.8,203.1,92.4,2404.0,0,normal
6,23,55.2,189.0,78.8,2354.0,0,normal
6,24,64.6,183.7,90.2,2419.0,0,normal
6,25,60.7,203.1,72.0,2392.0,0,normal
6,26,59.7,190.6,70.0,2414.0,0,normal
6,27,58.1,217.4,76.4,2407.0,0,normal
6,28,62.1,161.3,70.0,2405.0,0,normal
6,29,49.3,201.5,60.6,2399.0,0,normal
6,30,60.5,182.4,63.8,2424.0,0,normal
6,31,51.0,191.8,56.7,2394.0,0,normal
6,32,52.7,206.1,76.3,2356.0,0,normal
6,33,57.2,177.7,70.1,2417.0,0,normal
6,34,59.9,203.3,65.7,2376.0,0,normal
6,35,50.4,195.8,63.2,2360.0,0,normal
6,36,52.9,186.8,76.1,2369.0,0,normal
6,37,55.4,190.6,79.4,2408.0,0,normal
6,38,54.3,196.9,56.4,2397.0,1,normal
6,39,58.4,184.6,54.5,2336.0,0,normal
6,40,68.7,200.1,81.5,2388.0,0,normal
6,41,56.7,194.4,53.5,2435.0,0,normal
6,42,52.1,187.8,76.6,2386.0,0,normal
6,43,49.8,231.8,89.4,2395.0,0,normal
6,44,53.7,208.3,89.4,2431.0,0,normal
6,45,51.2,192.3,78.9,2424.0,0,normal
6,46,56.9,202.9,78.5,2431.0,0,normal
6,47,56.8,179.5,97.0,2317.0,0,normal
6,48,53.1,191.3,42.0,2452.0,0,normal
6,49,62.9,193.6,64.4,2419.0,0,normal
6,50,52.1,175.1,80.2,2474.0,0,normal
6,51,54.5,207.7,66.0,2377.0,0,normal
6,52,57.6,189.9,84.9,2347.0,0,normal
6,53,58.6,192.9,69.5,2400.0,0,normal
6,54,60.1,188.6,71.6,2392.0,0,normal
6,55,56.7,259.2,66.7,2420.0,0,normal
6,56,59.2,186.7,63.7,2432.0,0,normal
6,57,52.3,158.6,63.4,2397.0,0,normal
6,58,58.7,168.0,73.3,2393.0,0,normal
6,59,58.6,215.2,60.7,2416.0,0,normal
6,60,61.1,226.7,81.4,2392.0,0,normal
6,61,48.3,186.4,77.8,2390.0,0,normal
6,62,51.4,225.6,83.2,2431.0,0,normal
6,63,58.3,214.8,56.5,2438.0,0,normal
6,64,44.4,196.2,49.6,2433.0,0,normal
6,65,57.0,194.8,69.9,2395.0,0,normal
6,66,59.2,203.6,100.0,2336.0,0,normal
6,67,52.7,217.5,85.2,2396.0,0,normal
6,68,53.3,207.9,63.3,2377.0,0,normal
6,69,50.7,186.5,75.1,2396.0,0,normal
6,70,52.9,196.5,78.7,2380.0,0,normal
6,71,53.0,239.6,53.6,2399.0,0,normal
6,72,52.3,205.0,86.4,2369.0,0,normal
6,73,52.0,217.4,68.0,2362.0,0,normal
6,74,53.9,210.8,68.9,2437.0,0,normal
6,75,53.9,205.5,70.3,2371.0,0,normal
6,76,62.5,202.2,83.7,2400.0,0,normal
6,77,53.4,217.9,60.9,2429.0,0,normal
6,78,56.4,214.4,49.5,2427.0,0,normal
6,79,52.7,205.3,73.9,2424.0,0,normal
6,80,52.6,186.1,45.5,2409.0,0,normal
6,81,48.2,207.7,66.4,2422.0,0,normal
6,82,48.7,198.7,84.2,2441.0,0,normal
6,83,50.2,193.8,76.9,2413.0,0,normal
6,84,55.7,253.6,82.5,2345.0,0,normal
6,85,59.3,169.2,77.4,2384.0,0,normal
6,86,47.9,219.2,98.9,2421.0,0,normal
6,87,52.8,182.7,62.9,2381.0,0,normal
6,88,49.5,202.6,74.8,2449.0,0,normal
6,89,53.9,251.4,64.7,2398.0,0,normal
6,90,59.3,180.8,81.5,2403.0,0,normal
6,91,53.2,185.5,69.3,2434.0,0,normal
6,92,54.8,199.6,90.6,2395.0,0,normal
6,93,60.8,183.1,63.6,2405.0,0,normal
6,94,56.8,217.7,86.9,2427.0,0,normal
6,95,52.0,189.3,77.1,2356.0,0,normal
6,96,55.6,213.1,69.6,2391.0,0,normal
6,97,51.7,173.4,76.5,2425.0,0,normal
6,98,56.7,163.9,73.1,2402.0,0,normal
6,99,57.1,195.4,74.3,2444.0,0,normal
6,100,49.5,168.6,67.5,2353.0,0,normal
6,101,55.7,230.4,61.6,2349.0,0,normal
6,102,54.5,169.4,66.0,2423.0,0,normal
6,103,57.2,179.2,49.8,2426.0,0,normal
6,104,58.3,208.3,80.1,2394.0,0,normal
6,105,56.9,188.3,55.2,2412.0,0,normal
6,106,53.8,169.6,67.4,2422.0,0,normal
6,107,58.7,240.8,77.8,2376.0,0,normal
6,108,51.5,180.0,80.1,2379.0,0,normal
6,109,49.7,196.1,48.7,2406.0,0,normal
6,110,42.2,195.8,68.9,2427.0,0,normal
6,111,54.7,214.2,75.5,2365.0,0,normal
6,112,51.7,209.2,70.6,2394.0,0,normal
6,113,56.6,183.5,86.1,2393.0,0,normal
6,114,47.1,193.5,60.1,2413.0,0,normal
6,115,52.4,195.5,45.4,2400.0,0,normal
6,116,56.9,215.0,79.7,2384.0,0,normal
6,117,50.9,176.6,63.6,2437.0,0,normal
6,118,56.6,240.4,48.9,2384.0,0,normal
6,119,52.8,184.8,68.1,2391.0,0,normal
6,120,54.9,199.8,84.8,2352.0,0,normal
6,121,57.4,176.8,54.8,2379.0,0,normal
6,122,58.8,174.0,98.0,2415.0,0,normal
6,123,55.4,182.5,59.9,2410.0,0,normal
6,124,51.7,180.6,71.0,2418.0,0,normal
6,125,53.2,191.7,55.4,2417.0,0,normal
6,126,57.5,180.4,70.5,2463.0,0,normal
6,127,50.9,213.9,68.4,2378.0,0,normal
6,128,54.3,184.3,52.1,2351.0,0,normal
6,129,53.5,182.1,100.0,2368.0,0,normal
6,130,54.6,192.1,64.1,2379.0,0,normal
6,131,51.0,219.9,64.1,2371.0,0,normal
6,132,47.6,204.3,81.6,2403.0,0,normal
6,133,57.1,198.0,91.8,2438.0,0,normal
6,134,58.9,171.3,83.5,2446.0,0,normal
6,135,47.8,177.1,55.6,2415.0,0,normal
6,136,56.5,174.4,72.6,2464.0,0,normal
6,137,59.3,226.1,47.4,2389.0,0,normal
6,138,57.4,210.6,80.8,2351.0,0,normal
6,139,53.3,182.8,50.4,2432.0,0,normal
6,140,51.2,188.7,60.4,2345.0,0,normal
6,141,55.3,183.5,70.0,2377.0,0,normal
6,142,56.0,182.3,75.3,2416.0,0,normal
6,143,55.4,209.2,66.9,2397.0,0,normal
6,144,54.3,194.2,88.2,2394.0,0,normal
6,145,50.7,241.6,78.7,2365.0,0,normal
6,146,56.7,225.0,77.7,2400.0,0,normal
6,147,56.9,226.2,55.2,2430.0,0,normal
6,148,55.8,213.4,90.4,2401.0,0,normal
6,149,55.4,191.5,60.4,2375.0,0,normal
6,150,61.7,212.0,90.9,2363.0,0,normal
6,151,52.5,193.0,94.3,2376.0,0,normal
6,152,60.1,232.6,76.2,2412.0,0,normal
6,153,52.1,208.1,82.4,2410.0,0,normal
6,154,59.4,205.2,33.0,2376.0,0,normal
6,155,59.9,202.5,67.7,2334.0,0,normal
6,156,53.8,234.8,83.2,2413.0,0,normal
6,157,61.6,171.3,81.1,2373.0,0,normal
6,158,56.9,236.8,55.4,2421.0,0,normal
6,159,51.5,196.3,66.5,2377.0,0,normal
6,160,53.5,171.9,39.6,2370.0,0,normal
6,161,59.5,185.0,75.0,2405.0,0,normal
6,162,58.7,167.0,47.4,2471.0,0,normal
6,163,50.8,213.1,83.6,2422.0,0,normal
6,164,54.4,179.2,84.2,2404.0,0,normal
6,165,55.8,203.4,64.3,2411.0,0,normal
6,166,53.0,222.7,76.3,2347.0,0,normal
6,167,64.4,186.6,67.4,2366.0,0,normal
6,168,55.9,194.6,72.9,2325.0,0,normal
6,169,54.8,173.9,56.2,2452.0,0,normal
6,170,59.8,192.2,77.5,2446.0,0,normal
6,171,53.5,251.5,50.3,2412.0,0,normal
6,172,59.0,215.6,48.0,2404.0,0,normal
6,173,48.3,194.7,68.5,2353.0,0,normal
6,174,53.2,187.8,67.5,2393.0,0,normal
6,175,59.2,199.1,73.3,2454.0,0,normal
6,176,61.3,202.6,62.2,2404.0,0,normal
6,177,51.9,191.6,92.6,2383.0,0,normal
6,178,51.4,210.6,71.9,2347.0,0,normal
6,179,57.3,180.9,72.8,2441.0,0,normal
6,180,52.5,180.8,72.4,2398.0,0,normal
6,181,53.9,207.4,82.0,2347.0,1,normal
6,182,58.5,176.6,76.9,2372.0,0,normal
6,183,52.8,214.6,75.3,2362.0,0,normal
6,184,47.1,199.7,78.8,2396.0,0,normal
6,185,49.8,163.4,48.1,2406.0,0,normal
6,186,55.0,202.2,48.6,2385.0,0,normal
6,187,47.5,166.3,69.1,2423.0,0,normal
6,188,53.8,213.9,67.6,2402.0,0,normal
6,189,49.4,195.0,77.0,2432.0,0,normal
6,190,61.6,237.0,70.2,2389.0,0,normal
6,191,63.7,221.4,77.0,2491.0,0,normal
6,192,50.8,178.8,55.1,2383.0,0,normal
6,193,56.0,159.6,69.9,2373.0,0,normal
6,194,51.2,184.9,53.9,2369.0,0,normal
6,195,53.8,175.6,74.6,2394.0,0,normal
6,196,62.2,236.5,47.5,2348.0,0,normal
6,197,53.1,199.8,74.2,2409.0,0,normal
6,198,53.9,218.7,52.4,2343.0,0,normal
6,199,51.2,194.3,65.4,2405.0,0,normal
6,200,59.6,196.4,80.7,2359.0,0,normal
6,201,41.9,199.3,72.7,2389.0,0,normal
6,202,53.2,222.1,50.3,2418.0,0,normal
6,203,54.8,206.2,61.9,2469.0,0,normal
6,204,52.4,178.9,52.0,2368.0,0,normal
6,205,58.5,232.5,49.7,2395.0,0,normal
6,206,59.8,194.1,71.4,2378.0,0,normal
6,207,49.4,190.9,76.7,2374.0,0,normal
6,208,63.4,143.4,75.3,2379.0,0,normal
6,209,49.3,212.7,77.2,2425.0,0,normal
6,210,60.2,202.0,69.9,2385.0,1,normal
6,211,55.6,202.0,66.7,2467.0,0,normal
6,212,53.0,191.9,57.1,2412.0,0,normal
6,213,53.4,188.5,64.7,2370.0,0,normal
6,214,54.9,192.6,54.1,2389.0,0,normal
6,215,55.8,209.3,59.9,2376.0,0,normal
6,216,51.3,212.8,71.1,2424.0,0,normal
6,217,54.1,195.4,68.6,2351.0,0,normal
6,218,51.9,219.0,100.0,2360.0,0,normal
6,219,50.1,198.4,53.9,2382.0,0,normal
6,220,51.7,189.9,68.5,2420.0,0,normal
6,221,50.4,204.0,52.9,2437.0,0,normal
6,222,53.3,172.8,65.3,2441.0,0,normal
6,223,56.7,204.7,65.8,2416.0,0,normal
6,224,55.5,169.2,80.1,2398.0,0,normal
6,225,62.9,179.4,64.6,2424.0,0,normal
6,226,46.2,159.6,67.7,2366.0,0,normal
6,227,56.9,196.5,64.8,2345.0,0,normal
6,228,55.0,232.2,53.2,2413.0,0,normal
6,229,58.3,197.7,62.2,2370.0,0,normal
6,230,57.9,212.9,65.4,2398.0,0,normal
6,231,54.3,247.0,70.9,2404.0,0,normal
6,232,55.7,208.1,76.7,2407.0,0,normal
6,233,52.0,184.7,67.2,2428.0,0,normal
6,234,57.5,187.4,67.0,2425.0,0,normal
6,235,47.5,200.0,49.4,2406.0,0,normal
6,236,58.1,187.3,76.5,2387.0,1,normal
6,237,54.9,188.8,61.6,2403.0,0,normal
6,238,53.1,219.7,79.0,2382.0,0,normal
6,239,54.1,220.5,85.8,2394.0,0,normal
6,240,54.4,167.1,67.7,2479.0,0,normal
6,241,60.2,183.6,57.7,2405.0,0,normal
6,242,67.9,190.7,69.8,2414.0,0,normal
6,243,59.9,212.0,74.2,2379.0,0,normal
6,244,52.7,222.9,66.2,2431.0,0,normal
6,245,57.5,254.0,63.2,2423.0,0,normal
6,246,57.7,190.7,76.8,2423.0,0,normal
6,247,51.3,191.7,76.0,2406.0,0,normal
6,248,50.0,211.8,65.8,2431.0,0,normal
6,249,54.7,186.4,50.2,2438.0,0,normal
6,250,58.2,197.2,75.5,2408.0,0,normal
6,251,48.6,191.7,60.8,2397.0,0,normal
6,252,52.1,147.6,72.6,2427.0,1,normal
6,253,57.3,202.5,71.8,2373.0,0,normal
6,254,55.2,196.4,47.3,2378.0,0,normal
6,255,60.7,225.4,71.0,2398.0,0,normal
6,256,49.4,200.1,76.2,2348.0,0,normal
6,257,64.4,174.9,77.6,2425.0,0,normal
6,258,48.8,194.8,71.4,2371.0,0,normal
6,259,46.9,158.2,46.3,2386.0,0,normal
6,260,54.8,175.8,85.3,2394.0,0,normal
6,261,50.5,212.7,74.9,2401.0,0,normal
6,262,54.8,195.1,55.6,2390.0,0,normal
6,263,54.7,218.5,60.5,2398.0,0,normal
6,264,54.2,160.7,72.8,2398.0,0,normal
6,265,51.6,195.2,78.2,2387.0,0,normal
6,266,56.7,190.5,64.1,2377.0,0,normal
6,267,53.7,219.1,79.9,2432.0,0,normal
6,268,59.4,213.5,48.5,2337.0,0,normal
6,269,54.3,212.8,57.5,2394.0,2,normal
6,270,51.1,230.8,45.2,2386.0,0,normal
6,271,48.2,192.6,59.2,2413.0,0,normal
6,272,54.3,226.7,88.1,2356.0,0,normal
6,273,49.9,179.1,94.7,2385.0,0,normal
6,274,49.6,178.4,72.8,2397.0,0,normal
6,275,57.1,215.1,62.3,2432.0,0,normal
6,276,47.9,169.9,67.3,2410.0,1,normal
6,277,60.6,211.5,75.7,2364.0,0,normal
6,278,55.6,202.0,51.2,2385.0,0,normal
6,279,54.8,221.4,63.1,2427.0,0,normal
6,280,50.9,198.8,87.2,2364.0,0,normal
6,281,58.1,201.1,57.5,2398.0,0,normal
6,282,55.0,210.2,61.0,2400.0,0,normal
6,283,52.3,186.7,70.2,2388.0,0,normal
6,284,55.8,185.9,73.4,2481.0,0,normal
6,285,48.3,209.5,62.5,2388.0,0,normal
6,286,48.5,199.4,70.9,2413.0,0,normal
6,287,50.5,191.9,77.3,2377.0,0,normal
6,288,56.4,198.3,93.5,2416.0,0,normal
6,289,55.0,231.9,68.5,2426.0,0,normal
6,290,59.2,191.1,69.5,2382.0,0,normal
6,291,51.3,190.6,88.3,2398.0,0,normal
6,292,57.3,165.9,63.4,2373.0,0,normal
6,293,54.5,199.2,54.1,2366.0,0,normal
6,294,51.2,213.1,73.0,2431.0,0,normal
6,295,56.5,216.7,82.9,2383.0,0,normal
6,296,54.7,202.2,74.3,2328.0,0,normal
6,297,52.5,219.1,68.8,2453.0,0,normal
6,298,55.2,214.6,52.6,2376.0,0,normal
6,299,54.5,222.3,69.3,2393.0,0,normal
7,0,52.8,204.8,80.6,2350.0,0,normal
7,1,57.0,188.9,69.6,2411.0,0,normal
7,2,57.0,197.1,60.0,2383.0,0,normal
7,3,51.7,243.2,59.7,2374.0,0,normal
7,4,48.7,242.4,61.8,2366.0,0,normal
7,5,46.9,178.9,73.1,2430.0,0,normal
7,6,55.3,181.7,76.2,2341.0,0,normal
7,7,56.2,178.8,53.0,2375.0,0,normal
7,8,50.3,221.1,64.0,2404.0,0,normal
7,9,59.2,192.0,72.9,2447.0,0,normal
7,10,55.6,204.8,59.2,2417.0,0,normal
7,11,60.4,239.9,75.2,2375.0,0,normal
7,12,56.5,199.8,66.3,2446.0,1,normal
7,13,50.7,214.1,61.3,2359.0,0,normal
7,14,56.8,210.4,70.6,2408.0,0,normal
7,15,57.7,188.2,74.7,2415.0,0,normal
7,16,52.8,221.2,59.8,2374.0,0,normal
7,17,49.2,183.0,67.1,2421.0,0,normal
7,18,55.4,226.8,75.6,2385.0,0,normal
7,19,51.0,188.3,60.9,2421.0,0,normal
7,20,59.5,190.4,50.1,2345.0,0,normal
7,21,53.4,178.2,51.6,2410.0,0,normal
7,22,61.9,181.5,65.0,2388.0,0,normal
7,23,46.5,191.5,54.2,2434.0,0,normal
7,24,55.5,151.4,65.8,2399.0,1,normal
7,25,60.7,195.3,90.0,2437.0,0,normal
7,26,51.4,189.8,53.5,2415.0,0,normal
7,27,54.4,215.8,66.6,2396.0,0,normal
7,28,53.4,208.5,95.6,2424.0,0,normal
7,29,52.3,185.8,74.9,2424.0,0,normal
7,30,56.0,190.8,65.6,2414.0,0,normal
7,31,49.8,195.3,68.1,2331.0,0,normal
7,32,54.6,229.7,75.2,2371.0,0,normal
7,33,57.1,183.6,90.3,2442.0,0,normal
7,34,54.1,185.6,63.6,2362.0,0,normal
7,35,51.0,177.4,60.9,2426.0,0,normal
7,36,59.1,170.4,53.5,2421.0,0,normal
7,37,57.9,206.1,71.2,2378.0,0,normal
7,38,50.8,204.1,53.1,2340.0,0,normal
7,39,49.8,225.7,64.4,2383.0,0,normal
7,40,51.2,220.8,59.1,2462.0,0,normal
7,41,57.2,247.9,82.9,2374.0,0,normal
7,42,56.1,198.5,63.9,2376.0,0,normal
7,43,58.2,194.8,74.8,2370.0,0,normal
7,44,53.7,174.0,50.8,2436.0,0,normal
7,45,51.3,213.9,71.6,2393.0,0,normal
7,46,58.7,202.4,55.6,2381.0,0,normal
7,47,52.8,213.0,64.9,2442.0,0,normal
7,48,55.7,177.2,96.5,2417.0,0,normal
7,49,48.8,207.0,81.2,2372.0,0,normal
7,50,52.7,204.1,68.5,2363.0,0,normal
7,51,59.0,202.8,100.0,2435.0,0,normal
7,52,52.1,186.3,59.0,2401.0,0,normal
7,53,58.3,223.8,84.0,2354.0,0,normal
7,54,45.7,241.0,51.6,2347.0,0,normal
7,55,52.8,177.8,67.1,2367.0,0,normal
7,56,54.3,214.4,53.8,2363.0,0,normal
7,57,62.0,142.4,73.1,2339.0,0,normal
7,58,50.3,213.4,70.7,2367.0,0,normal
7,59,57.7,162.6,66.3,2372.0,0,normal
7,60,59.2,189.5,83.1,2386.0,0,normal
7,61,52.1,173.7,63.2,2451.0,0,normal
7,62,53.5,195.7,73.9,2392.0,0,normal
7,63,55.6,216.8,79.8,2395.0,0,normal
7,64,49.1,162.9,52.2,2415.0,0,normal
7,65,53.2,192.8,61.0,2393.0,0,normal
7,66,60.1,189.7,70.6,2412.0,0,normal
7,67,57.1,231.6,77.6,2408.0,0,normal
7,68,54.4,208.6,87.1,2404.0,0,normal
7,69,55.5,176.5,67.4,2483.0,0,normal
7,70,57.3,190.6,66.2,2427.0,0,normal
7,71,58.1,231.1,59.5,2368.0,0,normal
7,72,52.8,214.3,74.0,2411.0,0,normal
7,73,61.1,181.6,66.4,2376.0,0,normal
7,74,60.3,194.7,66.7,2413.0,0,normal
7,75,57.7,195.3,68.9,2359.0,0,normal
7,76,51.6,189.2,76.6,2367.0,0,normal
7,77,50.9,165.8,63.2,2410.0,0,normal
7,78,53.7,186.4,60.7,2430.0,0,normal
7,79,55.2,227.8,75.2,2415.0,0,normal
7,80,47.9,192.4,33.7,2426.0,0,normal
7,81,57.0,197.9,62.8,2411.0,0,normal
7,82,60.1,202.8,56.2,2405.0,1,normal
7,83,57.3,244.4,84.4,2385.0,1,normal
7,84,52.3,200.2,64.7,2424.0,0,normal
7,85,51.8,221.9,63.3,2431.0,0,normal
7,86,56.2,188.0,69.4,2398.0,0,normal
7,87,54.4,194.8,62.9,2396.0,0,normal
7,88,56.8,200.3,65.2,2448.0,0,normal
7,89,57.4,184.5,71.2,2399.0,0,normal
7,90,59.4,195.9,64.9,2402.0,0,normal
7,91,50.5,217.8,64.8,2415.0,0,normal
7,92,55.9,184.0,57.9,2397.0,0,normal
7,93,53.5,200.0,56.2,2375.0,0,normal
7,94,54.6,214.2,70.7,2411.0,0,normal
7,95,58.5,183.5,73.7,2399.0,0,normal
7,96,58.9,221.9,52.9,2455.0,0,normal
7,97,60.6,201.5,79.1,2424.0,0,normal
7,98,56.7,196.7,79.2,2382.0,0,normal
7,99,54.6,159.8,81.7,2422.0,0,normal
7,100,54.0,192.5,73.6,2409.0,0,normal
7,101,48.1,207.4,77.6,2439.0,0,normal
7,102,60.4,234.9,96.2,2384.0,0,normal
7,103,53.7,211.4,66.4,2406.0,0,normal
7,104,57.0,222.5,57.5,2397.0,0,normal
7,105,57.7,175.8,51.6,2402.0,0,normal
7,106,50.0,197.5,91.1,2373.0,0,normal
7,107,51.3,224.4,91.2,2417.0,0,normal
7,108,61.2,182.2,58.9,2413.0,0,normal
7,109,56.2,219.3,61.3,2439.0,0,normal
7,110,52.7,214.7,66.1,2400.0,0,normal
7,111,54.5,205.5,84.7,2388.0,0,normal
7,112,59.3,193.4,54.6,2424.0,0,normal
7,113,58.7,180.3,46.4,2376.0,0,normal
7,114,49.1,235.5,96.0,2433.0,0,normal
7,115,61.5,212.6,73.7,2432.0,0,normal
7,116,58.9,206.8,75.5,2438.0,0,normal
7,117,54.4,191.7,67.5,2411.0,0,normal
7,118,50.2,200.8,75.6,2385.0,0,normal
7,119,59.2,203.3,51.8,2403.0,0,normal
7,120,56.9,208.0,59.9,2411.0,0,normal
7,121,49.2,214.7,71.3,2383.0,0,normal
7,122,54.1,184.4,42.7,2440.0,0,normal
7,123,67.5,170.7,66.4,2417.0,0,normal
7,124,55.1,201.7,65.6,2373.0,0,normal
7,125,52.0,165.1,66.4,2456.0,0,normal
7,126,51.0,193.5,63.4,2403.0,0,normal
7,127,62.1,189.8,58.0,2367.0,0,normal
7,128,58.4,209.8,48.1,2375.0,0,normal
7,129,60.6,239.7,71.7,2445.0,1,normal
7,130,56.0,161.1,66.4,2455.0,0,normal
7,131,60.0,245.5,53.5,2430.0,0,normal
7,132,51.6,195.3,70.8,2440.0,0,normal
7,133,55.7,207.0,66.5,2436.0,0,normal
7,134,56.1,171.7,64.5,2417.0,0,normal
7,135,60.5,219.9,44.1,2410.0,0,normal
7,136,56.3,200.8,78.2,2416.0,0,normal
7,137,52.5,198.8,55.2,2422.0,0,normal
7,138,55.3,161.3,70.8,2378.0,0,normal
7,139,48.3,201.5,60.3,2422.0,0,normal
7,140,45.7,216.9,65.3,2444.0,0,normal
7,141,58.3,195.3,83.8,2394.0,0,normal
7,142,53.5,223.5,76.4,2391.0,0,normal
7,143,54.0,222.7,83.6,2414.0,0,normal
7,144,58.3,187.2,74.0,2381.0,0,normal
7,145,60.6,231.9,74.8,2360.0,0,normal
7,146,57.1,200.9,48.6,2434.0,0,normal
7,147,62.7,201.0,66.2,2386.0,0,normal
7,148,57.0,202.0,67.3,2401.0,0,normal
7,149,56.2,201.4,84.7,2382.0,0,normal
7,150,56.0,147.4,63.9,2438.0,0,normal
7,151,49.9,196.3,73.2,2426.0,0,normal
7,152,58.8,172.7,72.7,2393.0,0,normal
7,153,45.2,232.5,83.9,2365.0,0,normal
7,154,52.7,231.7,68.4,2390.0,0,normal
7,155,55.1,217.0,79.9,2417.0,0,normal
7,156,51.8,195.2,49.5,2406.0,0,normal
7,157,53.2,179.8,50.6,2403.0,0,normal
7,158,62.4,186.8,42.6,2406.0,0,normal
7,159,59.4,238.9,79.4,2423.0,0,normal
7,160,52.3,186.2,78.1,2399.0,0,normal
7,161,53.1,152.9,80.8,2414.0,0,normal
7,162,49.9,220.6,61.9,2370.0,0,normal
7,163,57.8,230.0,63.2,2477.0,1,normal
7,164,54.0,233.2,68.5,2391.0,0,normal
7,165,47.1,220.8,87.3,2406.0,0,normal
7,166,55.4,224.0,90.3,2417.0,0,normal
7,167,56.8,201.1,79.5,2388.0,0,normal
7,168,58.9,158.5,74.0,2400.0,0,normal
7,169,54.7,200.6,86.0,2400.0,0,normal
7,170,53.5,212.4,66.9,2373.0,1,normal
7,171,62.9,197.3,65.3,2413.0,0,normal
7,172,55.0,196.4,68.5,2351.0,0,normal
7,173,57.9,180.7,58.3,2453.0,0,normal
7,174,52.8,180.0,67.9,2424.0,0,normal
7,175,57.8,236.8,56.6,2419.0,0,normal
7,176,49.2,237.5,82.3,2348.0,0,normal
7,177,53.2,199.9,76.5,2376.0,0,normal
7,178,50.2,205.6,87.2,2442.0,0,normal
7,179,52.6,180.4,50.4,2525.0,0,normal
7,180,60.0,212.9,92.8,2436.0,0,normal
7,181,52.6,235.2,51.1,2431.0,0,normal
7,182,57.9,169.4,55.6,2416.0,0,normal
7,183,61.1,209.3,62.6,2375.0,0,normal
7,184,54.9,210.8,85.7,2430.0,0,normal
7,185,59.0,210.6,72.7,2367.0,0,normal
7,186,57.1,232.9,67.1,2364.0,0,normal
7,187,55.5,240.7,60.5,2362.0,0,normal
7,188,58.0,195.3,53.5,2429.0,0,normal
7,189,62.4,213.5,83.6,2398.0,0,normal
7,190,52.5,201.7,79.6,2403.0,0,normal
7,191,51.2,187.4,86.2,2400.0,0,normal
7,192,50.9,205.4,74.8,2366.0,0,normal
7,193,59.0,213.4,38.3,2380.0,0,normal
7,194,59.5,204.3,55.1,2381.0,0,normal
7,195,52.9,182.4,75.6,2358.0,0,normal
7,196,46.5,190.7,65.6,2385.0,0,normal
7,197,52.3,190.9,63.3,2368.0,0,normal
7,198,57.2,183.2,56.8,2417.0,0,normal
7,199,54.7,206.3,81.4,2420.0,0,normal
7,200,55.7,208.4,75.5,2361.0,0,normal
7,201,52.9,219.6,76.0,2391.0,0,normal
7,202,59.1,182.8,62.4,2456.0,0,normal
7,203,56.4,188.5,72.1,2371.0,0,normal
7,204,57.3,231.1,53.9,2413.0,0,normal
7,205,55.6,196.7,68.4,2403.0,0,normal
7,206,57.1,200.6,39.7,2433.0,0,normal
7,207,56.8,196.5,51.2,2409.0,0,normal
7,208,51.3,222.7,66.1,2387.0,0,normal
7,209,56.5,223.4,98.5,2402.0,0,normal
7,210,58.2,222.3,48.4,2402.0,0,normal
7,211,59.6,200.5,55.1,2397.0,0,normal
7,212,56.7,182.6,72.6,2360.0,0,normal
7,213,51.1,238.5,91.2,2437.0,0,normal
7,214,51.8,217.1,72.4,2432.0,0,normal
7,215,53.3,190.9,78.4,2369.0,0,normal
7,216,55.8,228.5,65.9,2391.0,0,normal
7,217,54.5,189.3,63.9,2393.0,0,normal
7,218,50.5,228.2,71.0,2365.0,0,normal
7,219,50.5,229.6,62.1,2344.0,0,normal
7,220,46.6,181.6,78.7,2380.0,1,normal
7,221,42.5,211.6,50.7,2389.0,0,normal
7,222,54.5,215.6,80.7,2357.0,0,normal
7,223,64.3,252.3,70.5,2405.0,0,normal
7,224,62.2,185.2,67.4,2435.0,0,normal
7,225,51.1,228.7,50.3,2425.0,0,normal
7,226,55.6,200.3,58.2,2396.0,0,normal
7,227,49.1,175.2,84.4,2345.0,0,normal
7,228,49.8,197.6,67.5,2421.0,0,normal
7,229,50.2,200.0,73.3,2404.0,0,normal
7,230,54.1,178.8,59.4,2413.0,0,normal
7,231,54.3,206.2,69.7,2458.0,0,normal
7,232,56.0,219.2,53.5,2375.0,0,normal
7,233,57.7,204.8,71.2,2314.0,0,normal
7,234,53.7,189.2,74.4,2368.0,0,normal
7,235,55.1,197.0,73.8,2415.0,0,normal
7,236,50.6,199.9,59.2,2401.0,0,normal
7,237,49.6,204.3,65.9,2364.0,0,normal
7,238,49.0,222.2,76.4,2357.0,0,normal
7,239,57.6,205.4,67.5,2389.0,0,normal
7,240,53.6,171.9,66.6,2363.0,0,normal
7,241,47.5,188.8,92.8,2416.0,0,normal
7,242,54.7,203.3,58.6,2388.0,0,normal
7,243,50.0,222.5,83.0,2381.0,0,normal
7,244,61.6,226.0,56.1,2377.0,0,normal
7,245,52.7,235.5,77.9,2408.0,0,normal
7,246,57.7,202.6,78.5,2401.0,0,normal
7,247,59.4,215.3,63.9,2406.0,0,normal
7,248,51.2,170.9,55.4,2405.0,0,normal
7,249,55.3,208.6,46.4,2398.0,0,normal
7,250,57.2,178.5,62.6,2369.0,0,normal
7,251,55.5,198.7,76.3,2378.0,0,normal
7,252,56.4,260.6,57.1,2388.0,0,normal
7,253,49.7,206.1,71.2,2462.0,0,normal
7,254,57.2,182.7,52.3,2360.0,0,normal
7,255,53.1,208.2,67.2,2387.0,0,normal
7,256,56.4,189.7,56.2,2403.0,0,normal
7,257,58.7,180.8,69.1,2391.0,0,normal
7,258,57.7,242.1,64.0,2432.0,0,normal
7,259,56.4,221.3,55.7,2391.0,0,normal
7,260,57.6,206.9,62.1,2393.0,0,normal
7,261,57.8,192.2,58.8,2424.0,0,normal
7,262,61.0,193.8,54.2,2454.0,0,normal
7,263,54.9,230.8,83.0,2442.0,0,normal
7,264,55.7,206.1,65.7,2396.0,0,normal
7,265,58.7,138.3,43.6,2399.0,0,normal
7,266,53.0,248.4,62.5,2401.0,0,normal
7,267,49.7,203.7,81.0,2404.0,0,normal
7,268,57.0,206.9,60.9,2375.0,0,normal
7,269,54.2,221.7,88.0,2428.0,0,normal
7,270,50.2,209.3,59.7,2406.0,0,normal
7,271,57.0,214.9,76.0,2399.0,0,normal
7,272,60.7,191.5,82.4,2362.0,0,normal
7,273,48.5,175.4,75.4,2402.0,0,normal
7,274,59.1,205.6,53.5,2343.0,0,normal
7,275,44.9,228.6,58.7,2383.0,0,normal
7,276,53.4,187.0,84.0,2383.0,0,normal
7,277,62.4,185.4,60.3,2409.0,0,normal
7,278,53.7,224.4,81.7,2456.0,0,normal
7,279,55.4,190.9,64.8,2417.0,0,normal
7,280,58.1,191.8,71.7,2443.0,0,normal
7,281,48.1,192.5,53.4,2419.0,0,normal
7,282,55.3,198.7,62.7,2434.0,0,normal
7,283,55.3,168.5,59.5,2456.0,0,normal
7,284,62.4,189.2,72.7,2378.0,0,normal
7,285,50.1,204.6,71.1,2376.0,0,normal
7,286,53.5,204.5,75.6,2420.0,0,normal
7,287,51.3,223.2,64.1,2400.0,0,normal
7,288,50.9,236.8,58.8,2407.0,0,normal
7,289,59.5,230.2,72.2,2393.0,0,normal
7,290,55.1,218.3,57.6,2382.0,0,normal
7,291,52.8,197.0,82.9,2449.0,0,normal
7,292,52.9,187.5,68.6,2367.0,0,normal
7,293,52.7,200.4,66.1,2421.0,0,normal
7,294,53.1,211.7,75.5,2416.0,0,normal
7,295,49.9,216.4,69.1,2353.0,0,normal
7,296,54.0,212.5,50.1,2375.0,0,normal
7,297,53.6,197.6,57.3,2380.0,1,normal
7,298,52.0,215.7,82.7,2417.0,0,normal
7,299,55.6,225.2,71.0,2389.0,0,normal
8,0,56.5,199.2,89.5,2388.0,0,normal
8,1,47.8,196.3,61.7,2435.0,0,normal
8,2,54.8,180.8,72.3,2395.0,0,normal
8,3,50.5,224.0,65.7,2375.0,0,normal
8,4,55.9,192.7,77.1,2380.0,0,normal
8,5,54.9,228.5,60.6,2309.0,0,normal
8,6,58.0,200.3,93.1,2370.0,0,normal
8,7,59.3,213.0,49.7,2432.0,0,normal
8,8,56.8,211.2,90.6,2383.0,0,normal
8,9,58.4,183.5,71.1,2386.0,0,normal
8,10,53.6,207.3,76.6,2330.0,1,normal
8,11,66.3,238.6,86.0,2351.0,0,normal
8,12,50.1,205.0,80.3,2436.0,0,normal
8,13,52.9,218.0,61.2,2419.0,0,normal
8,14,58.6,213.9,77.2,2361.0,0,normal
8,15,58.0,206.1,92.4,2381.0,0,normal
8,16,56.9,203.7,59.4,2399.0,0,normal
8,17,57.7,210.9,95.4,2364.0,0,normal
8,18,46.7,215.3,74.6,2340.0,0,normal
8,19,61.4,173.0,64.8,2395.0,0,normal
8,20,54.2,204.9,59.3,2417.0,1,normal
8,21,60.0,196.3,67.3,2418.0,0,normal
8,22,46.9,192.2,46.5,2426.0,0,normal
8,23,56.0,225.9,65.0,2353.0,0,normal
8,24,52.7,185.3,66.8,2402.0,0,normal
8,25,57.3,172.1,57.1,2392.0,0,normal
8,26,56.3,215.9,79.0,2397.0,0,normal
8,27,56.5,171.6,67.4,2394.0,0,normal
8,28,50.8,161.4,62.4,2380.0,0,normal
8,29,54.8,218.2,66.1,2309.0,0,normal
8,30,54.3,203.2,74.3,2435.0,0,normal
8,31,57.0,209.5,70.9,2410.0,0,normal
8,32,59.0,191.2,61.6,2355.0,0,normal
8,33,55.6,172.3,71.5,2414.0,0,normal
8,34,49.9,176.3,69.4,2387.0,0,normal
8,35,55.4,194.6,56.3,2387.0,0,normal
8,36,65.4,174.6,66.5,2377.0,0,normal
8,37,61.6,206.1,77.0,2416.0,0,normal
8,38,43.1,190.8,76.9,2376.0,0,normal
8,39,55.3,203.7,67.2,2367.0,1,normal
8,40,58.7,203.1,78.1,2434.0,0,normal
8,41,54.3,207.7,58.2,2395.0,0,normal
8,42,53.2,210.0,58.6,2396.0,0,normal
8,43,53.9,193.1,67.0,2421.0,0,normal
8,44,57.2,203.7,88.0,2380.0,0,normal
8,45,50.4,204.7,72.0,2386.0,0,normal
8,46,59.8,151.4,66.7,2409.0,0,normal
8,47,54.8,212.9,88.5,2354.0,0,normal
8,48,51.3,203.0,66.6,2407.0,0,normal
8,49,59.5,211.3,96.8,2377.0,0,normal
8,50,48.8,174.3,63.9,2426.0,0,normal
8,51,52.8,193.7,57.9,2416.0,0,normal
8,52,52.7,178.2,68.0,2412.0,0,normal
8,53,63.6,214.9,67.0,2352.0,0,normal
8,54,52.3,171.9,60.3,2397.0,0,normal
8,55,46.4,181.4,100.0,2365.0,0,normal
8,56,52.7,210.7,73.8,2399.0,0,normal
8,57,56.8,187.4,75.6,2331.0,0,normal
8,58,58.1,181.4,64.5,2354.0,0,normal
8,59,64.1,218.1,63.1,2436.0,0,normal
8,60,60.6,219.0,82.3,2411.0,0,normal
8,61,55.8,214.4,49.9,2389.0,0,normal
8,62,51.4,217.0,56.3,2373.0,0,normal
8,63,61.5,195.4,67.0,2367.0,0,normal
8,64,53.5,195.9,86.2,2406.0,0,normal
8,65,52.4,187.0,65.5,2390.0,0,normal
8,66,53.3,203.4,75.0,2446.0,0,normal
8,67,50.0,189.4,70.3,2394.0,0,normal
8,68,53.1,191.3,85.6,2402.0,0,normal
8,69,54.1,212.0,51.0,2358.0,0,normal
8,70,57.9,223.7,78.8,2389.0,0,normal
8,71,53.4,208.0,67.6,2405.0,0,normal
8,72,49.9,235.9,81.1,2389.0,0,normal
8,73,48.6,185.9,60.2,2385.0,0,normal
8,74,55.8,163.2,70.3,2410.0,0,normal
8,75,55.3,214.3,68.8,2445.0,0,normal
8,76,52.8,184.6,58.0,2404.0,0,normal
8,77,53.1,194.5,54.6,2434.0,0,normal
8,78,56.6,164.6,63.0,2419.0,1,normal
8,79,60.6,182.0,71.6,2433.0,0,normal
8,80,51.9,170.0,60.9,2382.0,0,normal
8,81,55.4,191.3,66.0,2394.0,0,normal
8,82,58.8,192.1,47.4,2394.0,0,normal
8,83,51.9,201.8,65.6,2416.0,1,normal
8,84,54.9,224.8,82.3,2424.0,0,normal
8,85,54.8,213.5,78.5,2404.0,0,normal
8,86,49.8,167.6,69.0,2426.0,0,normal
8,87,55.7,212.2,72.9,2383.0,0,normal
8,88,55.1,202.2,60.1,2427.0,0,normal
8,89,57.2,198.0,89.5,2430.0,0,normal
8,90,50.3,199.5,94.8,2420.0,0,normal
8,91,55.0,204.1,72.0,2404.0,0,normal
8,92,60.5,186.2,100.0,2421.0,0,normal
8,93,63.3,196.4,61.8,2373.0,0,normal
8,94,60.1,223.7,55.0,2406.0,0,normal
8,95,50.3,185.9,61.5,2409.0,0,normal
8,96,56.8,179.4,67.4,2360.0,0,normal
8,97,53.1,198.8,97.7,2414.0,0,normal
8,98,56.1,177.4,66.6,2363.0,0,normal
8,99,51.9,165.5,59.7,2387.0,0,normal
8,100,48.1,193.1,59.2,2401.0,0,normal
8,101,53.6,229.0,83.7,2378.0,0,normal
8,102,57.9,199.2,82.0,2402.0,0,normal
8,103,56.2,203.6,64.2,2402.0,0,normal
8,104,56.6,157.4,47.5,2375.0,0,normal
8,105,55.9,208.8,56.5,2417.0,0,normal
8,106,56.6,201.9,90.7,2377.0,0,normal
8,107,57.1,186.7,78.3,2469.0,0,normal
8,108,53.9,203.6,70.8,2397.0,0,normal
8,109,55.3,203.4,92.4,2365.0,0,normal
8,110,62.0,178.8,93.5,2370.0,0,normal
8,111,55.6,206.6,69.6,2434.0,0,normal
8,112,55.2,223.9,69.8,2388.0,0,normal
8,113,55.4,195.4,63.0,2359.0,0,normal
8,114,54.1,182.6,66.6,2426.0,0,normal
8,115,53.3,196.4,52.2,2388.0,0,normal
8,116,55.8,217.1,52.1,2420.0,0,normal
8,117,53.0,175.5,49.3,2428.0,0,normal
8,118,54.4,211.6,83.0,2408.0,0,normal
8,119,51.8,186.4,51.3,2472.0,0,normal
8,120,55.4,204.8,93.4,2348.0,0,normal
8,121,57.3,188.7,61.2,2375.0,0,normal
8,122,54.2,188.7,90.8,2392.0,0,normal
8,123,47.0,230.5,65.6,2468.0,0,normal
8,124,57.4,171.8,51.2,2454.0,0,normal
8,125,55.5,209.7,85.4,2439.0,0,normal
8,126,51.0,234.6,86.8,2376.0,0,normal
8,127,58.1,213.7,59.1,2380.0,0,normal
8,128,49.4,173.4,66.0,2375.0,0,normal
8,129,59.2,174.4,59.1,2376.0,0,normal
8,130,54.8,185.0,68.6,2445.0,0,normal
8,131,45.9,203.2,71.3,2393.0,0,normal
8,132,55.7,204.5,65.8,2397.0,0,normal
8,133,53.4,174.6,48.2,2423.0,0,normal
8,134,52.8,182.5,63.0,2350.0,1,normal
8,135,52.0,183.8,78.4,2402.0,0,normal
8,136,54.5,196.4,67.5,2367.0,0,normal
8,137,53.1,239.7,66.1,2391.0,0,normal
8,138,47.6,181.3,58.8,2382.0,0,normal
8,139,60.1,180.5,62.7,2381.0,0,normal
8,140,54.0,177.3,86.9,2407.0,0,normal
8,141,52.1,212.7,56.3,2407.0,0,normal
8,142,50.5,199.2,78.6,2393.0,0,normal
8,143,58.1,182.1,70.6,2411.0,0,normal
8,144,49.8,192.7,72.9,2374.0,0,normal
8,145,55.5,184.2,61.2,2420.0,0,normal
8,146,52.7,205.9,65.8,2394.0,0,normal
8,147,52.9,253.7,69.9,2385.0,0,normal
8,148,50.6,211.0,63.8,2376.0,0,normal
8,149,52.5,198.1,74.0,2393.0,0,normal
8,150,55.0,186.7,75.5,2456.0,0,normal
8,151,55.9,173.1,96.1,2398.0,0,normal
8,152,51.9,214.7,73.3,2366.0,0,normal
8,153,54.6,213.6,47.1,2428.0,0,normal
8,154,58.6,190.7,84.0,2386.0,0,normal
8,155,48.3,224.3,67.6,2409.0,0,normal
8,156,55.0,200.4,94.1,2382.0,0,normal
8,157,51.2,215.5,87.7,2438.0,0,normal
8,158,50.8,205.9,63.9,2382.0,0,normal
8,159,56.0,196.5,78.7,2442.0,0,normal
8,160,52.8,180.9,62.9,2369.0,0,normal
8,161,50.1,197.1,70.0,2391.0,0,normal
8,162,60.3,216.8,78.1,2442.0,0,normal
8,163,58.7,189.8,83.4,2405.0,0,normal
8,164,47.3,208.8,80.7,2468.0,0,normal
8,165,49.1,178.3,70.9,2392.0,0,normal
8,166,57.4,215.6,99.8,2408.0,0,normal
8,167,53.9,206.3,65.6,2457.0,0,normal
8,168,61.0,176.0,50.7,2355.0,0,normal
8,169,57.5,195.5,53.0,2351.0,0,normal
8,170,56.2,218.6,87.7,2376.0,0,normal
8,171,50.9,174.8,69.1,2424.0,0,normal
8,172,57.0,178.6,71.9,2352.0,0,normal
8,173,49.9,198.6,63.5,2418.0,0,normal
8,174,60.2,242.7,64.6,2416.0,0,normal
8,175,56.7,186.5,60.6,2460.0,0,normal
8,176,51.7,209.9,75.7,2431.0,0,normal
8,177,58.2,205.2,68.8,2411.0,0,normal
8,178,64.0,188.2,75.2,2441.0,0,normal
8,179,54.1,203.2,74.1,2416.0,0,normal
8,180,57.2,191.0,64.9,2386.0,0,normal
8,181,53.3,192.8,52.5,2366.0,0,normal
8,182,55.3,166.8,51.5,2383.0,0,normal
8,183,49.0,199.5,100.0,2399.0,1,normal
8,184,55.0,218.0,87.7,2405.0,0,normal
8,185,55.2,201.1,86.1,2336.0,0,normal
8,186,62.2,221.8,61.9,2393.0,0,normal
8,187,47.8,211.6,70.1,2401.0,0,normal
8,188,53.9,198.8,60.2,2416.0,0,normal
8,189,60.2,187.4,54.3,2449.0,0,normal
8,190,54.0,190.3,62.9,2406.0,0,normal
8,191,54.3,170.6,85.9,2373.0,0,normal
8,192,51.7,194.7,80.1,2345.0,0,normal
8,193,51.3,202.9,58.4,2421.0,0,normal
8,194,47.7,234.3,66.2,2374.0,0,normal
8,195,52.5,210.6,79.0,2426.0,0,normal
8,196,51.0,182.7,63.1,2442.0,0,normal
8,197,55.5,171.2,71.0,2354.0,0,normal
8,198,51.8,195.9,74.8,2417.0,0,normal
8,199,53.1,216.2,74.7,2439.0,0,normal
8,200,53.2,195.6,73.0,2431.0,0,normal
8,201,54.8,210.8,62.2,2337.0,0,normal
8,202,52.9,196.4,63.4,2374.0,0,normal
8,203,50.8,214.3,56.4,2362.0,0,normal
8,204,55.3,168.1,51.3,2416.0,0,normal
8,205,59.3,232.1,68.6,2412.0,0,normal
8,206,55.5,177.8,79.8,2319.0,0,normal
8,207,52.6,215.9,53.4,2391.0,0,normal
8,208,54.5,194.6,73.3,2424.0,0,normal
8,209,46.8,197.7,79.4,2404.0,0,normal
8,210,54.4,195.2,48.0,2404.0,0,normal
8,211,53.4,205.1,66.8,2389.0,0,normal
8,212,51.3,209.2,89.8,2368.0,0,normal
8,213,52.0,221.2,76.6,2399.0,0,normal
8,214,53.4,228.2,47.6,2402.0,0,normal
8,215,59.0,206.6,77.9,2418.0,0,normal
8,216,59.4,234.3,61.0,2421.0,0,normal
8,217,51.3,201.9,78.3,2403.0,0,normal
8,218,52.9,221.5,61.7,2433.0,0,normal
8,219,53.0,208.6,69.4,2389.0,0,normal
8,220,58.2,189.0,63.5,2357.0,0,normal
8,221,55.6,203.6,70.0,2414.0,0,normal
8,222,55.4,210.1,63.2,2404.0,0,normal
8,223,57.1,199.4,67.3,2415.0,0,normal
8,224,52.6,208.3,55.9,2362.0,0,normal
8,225,60.5,217.3,75.9,2454.0,0,normal
8,226,55.0,199.5,72.1,2421.0,0,normal
8,227,51.6,141.1,50.6,2391.0,0,normal
8,228,54.1,233.6,81.9,2372.0,0,normal
8,229,59.9,194.0,67.9,2432.0,0,normal
8,230,53.3,183.5,71.9,2367.0,0,normal
8,231,58.8,177.5,79.2,2468.0,0,normal
8,232,52.5,193.3,73.9,2382.0,0,normal
8,233,51.9,188.7,84.0,2452.0,0,normal
8,234,57.6,185.3,66.5,2394.0,0,normal
8,235,51.5,186.4,82.4,2447.0,0,normal
8,236,58.3,210.6,71.5,2378.0,0,normal
8,237,56.4,240.6,76.1,2401.0,0,normal
8,238,51.5,216.4,74.8,2424.0,1,normal
8,239,54.7,222.5,84.9,2420.0,0,normal
8,240,52.8,192.5,78.7,2433.0,0,normal
8,241,56.4,202.1,64.7,2385.0,0,normal
8,242,62.6,208.5,62.3,2403.0,0,normal
8,243,53.5,186.8,69.4,2437.0,0,normal
8,244,57.1,191.5,60.9,2379.0,0,normal
8,245,55.1,217.1,57.4,2417.0,0,normal
8,246,55.1,221.8,44.5,2393.0,0,normal
8,247,54.3,201.3,51.4,2406.0,0,normal
8,248,51.6,176.1,93.8,2403.0,0,normal
8,249,56.3,194.1,62.1,2376.0,0,normal
8,250,53.8,171.2,92.8,2392.0,0,normal
8,251,51.4,201.5,74.8,2404.0,0,normal
8,252,59.1,205.1,69.4,2397.0,0,normal
8,253,55.4,194.6,52.0,2447.0,0,normal
8,254,54.1,204.8,70.1,2430.0,0,normal
8,255,60.4,208.3,92.7,2409.0,0,normal
8,256,47.7,205.1,88.7,2377.0,0,normal
8,257,60.1,176.0,73.3,2375.0,0,normal
8,258,51.5,194.9,56.2,2459.0,0,normal
8,259,55.8,208.2,58.5,2370.0,0,normal
8,260,52.6,231.6,59.8,2403.0,0,normal
8,261,51.3,194.6,85.3,2411.0,0,normal
8,262,60.3,211.0,89.6,2391.0,0,normal
8,263,62.4,217.6,72.4,2370.0,0,normal
8,264,54.1,196.1,66.4,2376.0,0,normal
8,265,56.3,223.0,88.6,2384.0,0,normal
8,266,55.2,224.0,58.3,2379.0,0,normal
8,267,61.9,227.6,70.6,2440.0,0,normal
8,268,46.5,209.2,75.6,2400.0,0,normal
8,269,56.5,247.2,59.6,2384.0,0,normal
8,270,52.1,187.7,62.4,2403.0,0,normal
8,271,45.6,242.5,61.4,2420.0,0,normal
8,272,53.6,215.4,87.0,2390.0,0,normal
8,273,62.4,226.8,93.0,2427.0,0,normal
8,274,52.4,193.6,71.4,2362.0,0,normal
8,275,58.2,216.9,66.8,2435.0,0,normal
8,276,59.8,228.5,62.8,2400.0,1,normal
8,277,54.9,178.3,70.0,2399.0,0,normal
8,278,55.5,196.7,63.4,2379.0,0,normal
8,279,48.1,157.2,68.8,2363.0,0,normal
8,280,52.1,196.4,75.0,2350.0,0,normal
8,281,58.6,183.7,65.1,2377.0,0,normal
8,282,55.2,195.6,67.7,2418.0,0,normal
8,283,56.5,258.5,67.8,2371.0,0,normal
8,284,55.5,234.4,66.2,2354.0,0,normal
8,285,63.8,171.2,64.7,2373.0,0,normal
8,286,53.3,211.1,79.1,2388.0,0,normal
8,287,61.4,216.0,48.8,2390.0,0,normal
8,288,55.5,193.2,88.9,2396.0,0,normal
8,289,61.8,203.6,71.6,2431.0,0,normal
8,290,50.1,205.5,77.3,2437.0,0,normal
8,291,55.7,173.1,78.7,2460.0,0,normal
8,292,53.4,179.4,61.5,2351.0,0,normal
8,293,55.6,203.4,59.0,2374.0,0,normal
8,294,59.9,202.0,57.6,2421.0,0,normal
8,295,56.5,185.8,67.0,2386.0,0,normal
8,296,59.9,184.1,78.4,2426.0,0,normal
8,297,52.3,198.2,63.0,2406.0,0,normal
8,298,51.7,217.7,77.3,2447.0,0,normal
8,299,55.1,198.5,41.6,2431.0,0,normal
9,0,61.2,182.7,74.8,2371.0,0,normal
9,1,54.3,226.9,54.1,2432.0,0,normal
9,2,60.2,238.5,76.9,2420.0,0,normal
9,3,54.9,187.4,73.7,2405.0,0,normal
9,4,61.4,229.7,67.6,2399.0,0,normal
9,5,53.2,152.4,75.4,2380.0,0,normal
9,6,45.5,221.5,65.6,2336.0,0,normal
9,7,54.7,182.8,62.0,2358.0,0,normal
9,8,61.8,219.5,76.5,2378.0,0,normal
9,9,57.1,180.8,77.0,2373.0,0,normal
9,10,52.9,198.6,63.9,2409.0,0,normal
9,11,56.3,183.8,62.9,2424.0,0,normal
9,12,58.9,195.7,67.8,2396.0,0,normal
9,13,54.7,236.6,63.4,2442.0,0,normal
9,14,65.5,197.8,88.3,2377.0,0,normal
9,15,52.9,242.2,73.8,2396.0,0,normal
9,16,59.0,192.3,70.2,2398.0,0,normal
9,17,58.0,229.8,58.8,2433.0,0,normal
9,18,52.2,167.5,78.9,2403.0,0,normal
9,19,53.3,194.3,62.7,2404.0,0,normal
9,20,59.1,189.3,62.2,2350.0,0,normal
9,21,55.6,230.8,79.3,2373.0,0,normal
9,22,56.4,203.7,74.6,2433.0,0,normal
9,23,48.5,158.2,40.0,2338.0,0,normal
9,24,57.6,173.8,68.1,2440.0,0,normal
9,25,56.1,179.7,71.5,2415.0,0,normal
9,26,54.7,218.7,65.9,2378.0,0,normal
9,27,56.4,216.1,71.9,2375.0,0,normal
9,28,53.4,194.0,48.3,2457.0,0,normal
9,29,52.6,189.0,36.0,2442.0,0,normal
9,30,54.0,214.3,58.3,2396.0,1,normal
9,31,53.1,177.4,73.4,2404.0,0,normal
9,32,63.7,209.2,31.3,2381.0,0,normal
9,33,58.6,207.5,59.9,2404.0,0,normal
9,34,51.1,194.5,46.9,2380.0,0,normal
9,35,63.1,208.0,67.1,2398.0,0,normal
9,36,53.3,202.0,93.5,2454.0,0,normal
9,37,55.1,209.9,67.4,2397.0,0,normal
9,38,58.6,173.3,68.7,2369.0,0,normal
9,39,47.1,212.3,80.1,2359.0,0,normal
9,40,54.1,220.5,70.3,2404.0,0,normal
9,41,52.7,206.4,67.4,2377.0,0,normal
9,42,55.8,212.0,81.1,2407.0,0,normal
9,43,56.5,197.8,75.7,2351.0,0,normal
9,44,54.7,217.8,73.5,2421.0,0,normal
9,45,54.5,201.3,68.3,2368.0,0,normal
9,46,59.3,177.0,65.8,2401.0,0,normal
9,47,56.2,216.4,81.0,2390.0,0,normal
9,48,55.2,167.3,66.0,2452.0,0,normal
9,49,55.6,205.7,84.8,2405.0,0,normal
9,50,62.3,192.3,57.4,2458.0,0,normal
9,51,55.7,191.0,87.2,2417.0,0,normal
9,52,52.9,203.4,75.7,2443.0,0,normal
9,53,47.4,185.8,58.4,2394.0,0,normal
9,54,49.3,210.2,76.1,2410.0,0,normal
9,55,53.1,201.1,62.2,2437.0,0,normal
9,56,54.6,187.7,70.4,2427.0,0,normal
9,57,52.8,226.8,64.2,2416.0,0,normal
9,58,56.4,204.1,68.4,2390.0,0,normal
9,59,52.7,212.6,81.3,2395.0,0,normal
9,60,51.3,228.3,76.2,2434.0,0,normal
9,61,57.5,228.0,56.5,2440.0,0,normal
9,62,60.5,211.6,57.2,2382.0,0,normal
9,63,50.6,193.9,73.2,2378.0,0,normal
9,64,56.0,171.4,74.1,2373.0,0,normal
9,65,47.4,204.1,61.9,2425.0,0,normal
9,66,49.1,221.9,89.1,2372.0,0,normal
9,67,52.6,207.1,79.8,2425.0,0,normal
9,68,59.5,131.1,62.5,2416.0,1,normal
9,69,51.9,217.4,61.3,2384.0,0,normal
9,70,51.7,218.6,67.3,2447.0,0,normal
9,71,55.1,194.0,66.0,2356.0,0,normal
9,72,55.1,219.8,85.1,2450.0,0,normal
9,73,51.9,212.6,81.8,2410.0,0,normal
9,74,62.9,186.3,70.4,2338.0,0,normal
9,75,53.9,225.4,78.1,2448.0,0,normal
9,76,55.5,174.7,79.9,2429.0,0,normal
9,77,53.4,198.9,70.7,2387.0,0,normal
9,78,56.8,196.9,74.8,2371.0,0,normal
9,79,59.9,183.5,77.1,2353.0,0,normal
9,80,61.7,206.1,75.9,2472.0,0,normal
9,81,52.0,226.2,60.7,2372.0,0,normal
9,82,59.4,225.0,61.9,2362.0,0,normal
9,83,57.2,214.5,66.5,2408.0,0,normal
9,84,58.9,166.1,61.5,2351.0,0,normal
9,85,54.6,173.3,52.3,2371.0,0,normal
9,86,54.3,203.3,78.1,2430.0,0,normal
9,87,58.7,199.3,74.2,2414.0,0,normal
9,88,58.8,190.0,53.9,2388.0,0,normal
9,89,61.3,238.1,67.1,2401.0,0,normal
9,90,55.8,202.1,67.8,2387.0,0,normal
9,91,54.6,210.8,72.2,2398.0,0,normal
9,92,45.2,219.8,57.0,2377.0,0,normal
9,93,48.6,201.1,53.8,2383.0,0,normal
9,94,53.4,251.8,76.2,2382.0,0,normal
9,95,50.6,181.2,51.6,2378.0,0,normal
9,96,58.3,187.9,67.2,2431.0,0,normal
9,97,49.8,181.1,66.1,2423.0,0,normal
9,98,53.0,231.3,68.5,2372.0,0,normal
9,99,53.2,216.0,73.0,2364.0,0,normal
9,100,59.8,189.1,89.2,2395.0,0,normal
9,101,52.6,182.7,50.8,2465.0,0,normal
9,102,56.8,227.7,80.5,2369.0,0,normal
9,103,55.8,207.2,39.9,2395.0,0,normal
9,104,58.6,228.2,86.7,2403.0,0,normal
9,105,58.4,198.8,45.5,2397.0,0,normal
9,106,54.9,210.2,99.2,2386.0,0,normal
9,107,48.2,206.0,65.3,2435.0,0,normal
9,108,54.1,187.5,85.5,2414.0,0,normal
9,109,54.9,197.1,83.0,2425.0,0,normal
9,110,56.1,176.3,64.8,2418.0,0,normal
9,111,52.0,209.9,65.7,2427.0,0,normal
9,112,59.6,215.2,60.0,2448.0,0,normal
9,113,55.1,219.8,79.4,2440.0,0,normal
9,114,51.3,213.3,64.9,2470.0,0,normal
9,115,53.2,197.4,60.2,2437.0,0,normal
9,116,62.7,231.0,76.4,2380.0,0,normal
9,117,57.7,217.8,59.2,2425.0,0,normal
9,118,59.2,227.8,66.1,2421.0,0,normal
9,119,50.8,229.0,71.3,2458.0,0,normal
9,120,52.2,197.5,62.3,2371.0,0,normal
9,121,52.3,207.8,64.1,2417.0,0,normal
9,122,55.7,215.5,88.4,2380.0,0,normal
9,123,54.3,177.0,67.5,2415.0,0,normal
9,124,53.0,177.5,65.7,2394.0,0,normal
9,125,53.5,174.0,67.9,2414.0,0,normal
9,126,51.8,197.8,75.5,2358.0,0,normal
9,127,54.3,193.3,57.6,2424.0,0,normal
9,128,59.5,171.3,75.1,2406.0,0,normal
9,129,48.9,203.0,73.1,2405.0,0,normal
9,130,56.4,198.1,48.5,2459.0,0,normal
9,131,60.5,223.6,91.5,2389.0,0,normal
9,132,54.3,240.3,87.5,2410.0,0,normal
9,133,52.9,209.1,60.4,2403.0,0,normal
9,134,58.7,186.1,56.5,2406.0,0,normal
9,135,51.1,212.9,72.7,2467.0,0,normal
9,136,54.9,200.2,52.9,2402.0,0,normal
9,137,50.8,195.2,86.4,2383.0,0,normal
9,138,47.5,182.8,64.4,2456.0,0,normal
9,139,54.4,190.7,89.5,2391.0,0,normal
9,140,49.9,196.4,60.1,2352.0,0,normal
9,141,55.0,216.1,68.7,2378.0,0,normal
9,142,59.5,210.2,85.2,2363.0,0,normal
9,143,62.4,236.5,66.1,2346.0,0,normal
9,144,55.4,213.5,73.3,2389.0,0,normal
9,145,59.1,208.5,83.1,2398.0,0,normal
9,146,56.6,193.9,63.3,2435.0,0,normal
9,147,53.5,179.3,54.9,2419.0,0,normal
9,148,47.3,188.6,52.5,2418.0,0,normal
9,149,61.5,186.0,77.0,2373.0,0,normal
9,150,50.8,148.8,74.7,2427.0,0,normal
9,151,60.5,179.8,82.7,2442.0,0,normal
9,152,57.1,232.0,66.7,2412.0,0,normal
9,153,51.1,207.4,52.8,2413.0,0,normal
9,154,56.2,192.5,41.8,2362.0,0,normal
9,155,63.5,208.0,100.0,2432.0,0,normal
9,156,61.1,160.9,76.3,2453.0,0,normal
9,157,52.9,205.6,71.6,2410.0,0,normal
9,158,52.2,225.5,73.3,2382.0,0,normal
9,159,55.4,197.6,52.8,2395.0,0,normal
9,160,54.3,164.6,60.5,2387.0,0,normal
9,161,59.8,191.7,90.9,2389.0,0,normal
9,162,58.0,225.6,77.9,2419.0,0,normal
9,163,48.2,205.2,60.8,2408.0,0,normal
9,164,56.8,171.6,55.3,2430.0,0,normal
9,165,54.3,247.4,63.8,2411.0,0,normal
9,166,55.1,174.9,66.2,2374.0,0,normal
9,167,56.0,195.1,94.6,2385.0,0,normal
9,168,59.8,179.3,67.7,2383.0,0,normal
9,169,58.9,179.3,55.7,2394.0,0,normal
9,170,52.0,191.0,69.3,2454.0,0,normal
9,171,54.8,212.7,73.2,2459.0,0,normal
9,172,53.2,225.8,54.6,2425.0,0,normal
9,173,48.3,192.3,74.8,2404.0,0,normal
9,174,54.6,179.8,84.5,2359.0,0,normal
9,175,62.4,209.6,71.7,2407.0,0,normal
9,176,48.2,210.2,60.4,2376.0,0,normal
9,177,54.9,204.8,63.7,2449.0,0,normal
9,178,54.8,205.5,50.1,2352.0,0,normal
9,179,56.2,197.7,68.4,2412.0,0,normal
9,180,51.1,202.0,73.7,2374.0,0,normal
9,181,49.3,196.4,59.2,2400.0,0,normal
9,182,49.5,221.4,93.3,2420.0,0,normal
9,183,60.3,244.6,79.5,2431.0,0,normal
9,184,51.1,203.6,48.5,2398.0,0,normal
9,185,53.0,199.9,48.7,2423.0,0,normal
9,186,63.4,205.1,58.2,2380.0,0,normal
9,187,52.1,186.8,88.9,2407.0,0,normal
9,188,56.4,215.3,80.7,2430.0,0,normal
9,189,59.3,208.8,89.5,2410.0,0,normal
9,190,59.1,191.6,70.1,2384.0,0,normal
9,191,49.7,218.0,67.5,2392.0,0,normal
9,192,52.1,200.4,55.0,2430.0,0,normal
9,193,56.2,180.6,74.2,2367.0,0,normal
9,194,62.7,207.0,67.6,2372.0,0,normal
9,195,52.0,204.7,67.2,2418.0,0,normal
9,196,53.0,219.2,89.4,2387.0,0,normal
9,197,56.7,216.6,68.5,2356.0,0,normal
9,198,57.5,197.8,86.0,2441.0,0,normal
9,199,57.7,190.6,50.9,2367.0,0,normal
9,200,51.6,200.0,100.0,2394.0,0,normal
9,201,52.9,207.3,65.5,2381.0,0,normal
9,202,55.9,209.7,78.5,2391.0,0,normal
9,203,60.0,206.0,80.4,2373.0,0,normal
9,204,54.0,198.2,64.0,2421.0,0,normal
9,205,54.9,219.9,79.8,2403.0,0,normal
9,206,50.9,186.5,80.5,2430.0,0,normal
9,207,62.5,249.6,61.4,2382.0,0,normal
9,208,55.6,215.3,61.6,2464.0,0,normal
9,209,59.3,177.5,70.5,2343.0,0,normal
9,210,55.1,203.7,68.6,2352.0,0,normal
9,211,55.3,215.5,86.7,2453.0,0,normal
9,212,49.0,193.0,78.4,2414.0,0,normal
9,213,46.4,170.1,69.2,2410.0,0,normal
9,214,60.0,179.2,77.3,2413.0,0,normal
9,215,55.3,210.8,45.4,2417.0,0,normal
9,216,55.8,164.9,62.6,2409.0,0,normal
9,217,50.0,171.0,73.5,2371.0,0,normal
9,218,51.4,210.7,83.4,2425.0,0,normal
9,219,59.2,195.5,72.4,2420.0,0,normal
9,220,62.0,186.1,87.5,2443.0,0,normal
9,221,52.5,190.1,80.4,2453.0,0,normal
9,222,57.7,170.6,64.1,2410.0,0,normal
9,223,55.8,209.7,68.3,2363.0,0,normal
9,224,54.5,183.9,74.9,2453.0,0,normal
9,225,62.4,189.3,64.6,2369.0,0,normal
9,226,53.2,206.9,88.4,2410.0,0,normal
9,227,60.0,194.9,56.7,2392.0,0,normal
9,228,56.5,185.9,73.8,2387.0,0,normal
9,229,54.9,160.2,78.8,2423.0,0,normal
9,230,60.5,207.3,66.2,2407.0,0,normal
9,231,56.2,201.6,63.5,2415.0,0,normal
9,232,54.6,189.7,69.1,2376.0,0,normal
9,233,60.5,179.3,79.7,2395.0,0,normal
9,234,60.0,200.3,64.0,2377.0,0,normal
9,235,59.8,209.6,57.2,2394.0,0,normal
9,236,39.4,202.0,83.8,2396.0,0,normal
9,237,56.8,232.8,74.8,2455.0,0,normal
9,238,55.8,214.1,82.1,2392.0,0,normal
9,239,54.9,197.9,79.1,2336.0,0,normal
9,240,57.4,214.8,96.2,2442.0,0,normal
9,241,56.0,201.0,83.4,2413.0,0,normal
9,242,57.7,200.9,61.3,2396.0,0,normal
9,243,53.9,225.9,75.6,2387.0,0,normal
9,244,61.0,182.0,63.3,2372.0,0,normal
9,245,58.1,200.5,64.6,2458.0,0,normal
9,246,57.2,223.8,53.0,2402.0,0,normal
9,247,57.0,206.2,66.6,2348.0,0,normal
9,248,59.6,192.6,76.5,2410.0,0,normal
9,249,59.1,165.9,69.2,2436.0,0,normal
9,250,54.5,154.6,56.8,2405.0,0,normal
9,251,59.0,241.5,51.7,2373.0,0,normal
9,252,55.7,206.2,95.3,2370.0,0,normal
9,253,62.7,188.3,73.9,2372.0,0,normal
9,254,59.4,207.0,60.1,2446.0,0,normal
9,255,52.5,181.0,75.5,2398.0,0,normal
9,256,64.3,193.4,96.3,2350.0,0,normal
9,257,46.6,181.2,77.4,2412.0,0,normal
9,258,57.5,171.7,36.6,2404.0,0,normal
9,259,52.2,157.9,100.0,2387.0,0,normal
9,260,62.5,168.0,47.8,2369.0,0,normal
9,261,56.0,220.4,67.5,2368.0,0,normal
9,262,51.8,180.3,56.4,2433.0,0,normal
9,263,53.9,210.7,61.1,2407.0,0,normal
9,264,52.1,219.1,73.4,2414.0,0,normal
9,265,53.8,200.3,45.1,2407.0,0,normal
9,266,53.7,194.0,68.9,2410.0,0,normal
9,267,52.0,202.7,83.8,2386.0,0,normal
9,268,56.1,191.7,59.9,2394.0,0,normal
9,269,56.6,224.1,53.3,2435.0,0,normal
9,270,51.0,237.5,68.3,2442.0,0,normal
9,271,48.4,229.0,65.9,2363.0,0,normal
9,272,56.2,157.0,62.9,2394.0,0,normal
9,273,57.1,191.3,55.7,2425.0,0,normal
9,274,57.9,200.1,76.2,2456.0,0,normal
9,275,57.2,209.3,77.1,2453.0,0,normal
9,276,61.3,165.5,57.2,2376.0,0,normal
9,277,59.0,165.1,58.9,2438.0,0,normal
9,278,65.7,226.1,71.6,2402.0,0,normal
9,279,67.4,188.8,58.4,2431.0,0,normal
9,280,48.0,170.3,72.1,2424.0,0,normal
9,281,46.2,177.9,87.6,2362.0,0,normal
9,282,55.0,207.8,69.3,2416.0,0,normal
9,283,57.0,183.5,55.4,2430.0,0,normal
9,284,54.7,204.8,74.7,2399.0,0,normal
9,285,57.8,180.4,67.9,2393.0,0,normal
9,286,53.9,165.1,68.2,2353.0,0,normal
9,287,52.2,228.5,75.7,2421.0,0,normal
9,288,52.8,208.0,78.3,2406.0,0,normal
9,289,54.2,193.3,70.4,2372.0,0,normal
9,290,58.4,189.6,69.3,2390.0,0,normal
9,291,53.1,229.3,94.8,2405.0,0,normal
9,292,53.8,211.8,84.4,2383.0,0,normal
9,293,57.3,222.9,80.0,2400.0,0,normal
9,294,54.2,188.3,71.6,2348.0,0,normal
9,295,59.5,201.0,57.9,2440.0,0,normal
9,296,51.3,208.0,83.5,2400.0,0,normal
9,297,50.5,189.0,71.7,2367.0,0,normal
9,298,56.2,198.1,63.1,2326.0,0,normal
9,299,56.6,188.3,67.1,2431.0,0,normal
10,0,49.4,198.0,64.4,2433.0,0,normal
10,1,51.8,186.4,85.6,2437.0,0,normal
10,2,50.9,228.5,57.5,2439.0,0,normal
10,3,59.4,207.5,85.9,2421.0,0,normal
10,4,61.6,185.7,64.8,2400.0,0,normal
10,5,46.3,194.6,95.4,2398.0,0,normal
10,6,61.3,202.7,61.8,2393.0,0,normal
10,7,55.3,198.6,68.3,2335.0,0,normal
10,8,59.1,205.4,59.1,2422.0,0,normal
10,9,57.0,201.4,61.7,2407.0,0,normal
10,10,60.8,172.2,86.1,2425.0,0,normal
10,11,55.8,157.0,75.7,2396.0,0,normal
10,12,49.5,192.5,82.3,2420.0,0,normal
10,13,54.6,211.2,54.2,2359.0,0,normal
10,14,57.1,192.8,77.9,2365.0,0,normal
10,15,54.1,224.7,58.3,2326.0,0,normal
10,16,57.6,199.1,54.0,2396.0,0,normal
10,17,54.7,227.1,72.9,2377.0,0,normal
10,18,52.6,223.0,72.7,2373.0,0,normal
10,19,50.7,221.0,70.6,2410.0,0,normal
10,20,53.4,175.9,78.6,2387.0,0,normal
10,21,55.8,200.3,80.5,2357.0,0,normal
10,22,47.2,224.5,87.6,2476.0,0,normal
10,23,51.9,205.4,55.7,2399.0,0,normal
10,24,47.0,211.1,88.0,2368.0,0,normal
10,25,52.5,172.2,92.6,2380.0,0,normal
10,26,59.8,238.4,65.6,2395.0,0,normal
10,27,50.3,184.2,50.0,2395.0,0,normal
10,28,57.8,160.1,53.4,2439.0,0,normal
10,29,66.4,193.0,64.5,2398.0,0,normal
10,30,60.8,151.1,94.2,2456.0,1,normal
10,31,55.5,178.3,70.2,2387.0,0,normal
10,32,58.4,251.2,62.6,2413.0,0,normal
10,33,49.5,192.4,61.8,2431.0,0,normal
10,34,48.7,171.4,54.1,2436.0,0,normal
10,35,55.1,200.5,80.5,2439.0,0,normal
10,36,56.6,182.0,68.9,2392.0,0,normal
10,37,59.4,217.3,95.2,2400.0,0,normal
10,38,52.7,182.2,77.5,2326.0,0,normal
10,39,55.8,205.4,80.0,2394.0,0,normal
10,40,55.6,177.1,67.1,2433.0,0,normal
10,41,54.5,252.0,56.9,2427.0,0,normal
10,42,54.7,210.1,59.5,2397.0,0,normal
10,43,51.6,197.1,53.6,2451.0,0,normal
10,44,56.1,194.1,80.9,2388.0,0,normal
10,45,55.8,188.9,65.4,2379.0,0,normal
10,46,53.2,184.8,81.4,2386.0,0,normal
10,47,57.7,184.2,71.6,2366.0,0,normal
10,48,59.1,233.6,66.5,2419.0,0,normal
10,49,57.7,188.9,56.0,2409.0,0,normal
10,50,50.8,157.4,73.6,2418.0,0,normal
10,51,55.4,176.7,67.4,2388.0,0,normal
10,52,51.4,218.6,80.8,2398.0,0,normal
10,53,55.4,195.0,61.4,2335.0,0,normal
10,54,51.4,197.3,77.4,2411.0,1,normal
10,55,60.1,223.4,89.7,2403.0,0,normal
10,56,58.1,184.5,73.3,2367.0,0,normal
10,57,59.6,212.6,79.4,2397.0,0,normal
10,58,59.2,186.6,76.9,2392.0,0,normal
10,59,53.9,211.5,92.8,2453.0,0,normal
10,60,53.3,192.2,74.5,2368.0,0,normal
10,61,62.0,195.2,78.4,2410.0,0,normal
10,62,54.3,216.4,69.6,2367.0,0,normal
10,63,49.6,215.0,60.7,2383.0,0,normal
10,64,59.0,196.7,55.5,2408.0,0,normal
10,65,55.6,190.6,85.2,2394.0,0,normal
10,66,61.0,232.0,57.9,2400.0,0,normal
10,67,56.0,211.8,79.0,2410.0,0,normal
10,68,54.9,192.2,75.0,2385.0,0,normal
10,69,61.1,186.9,81.0,2427.0,0,normal
10,70,48.8,220.5,63.8,2391.0,0,normal
10,71,52.7,202.3,60.5,2397.0,0,normal
10,72,51.5,196.7,74.5,2411.0,0,normal
10,73,46.2,202.3,66.5,2407.0,0,normal
10,74,58.5,206.8,55.2,2419.0,0,normal
10,75,52.8,198.9,93.3,2410.0,0,normal
10,76,58.6,224.1,60.5,2414.0,0,normal
10,77,56.6,225.2,58.1,2390.0,0,normal
10,78,57.4,210.6,67.1,2368.0,0,normal
10,79,53.2,227.5,85.0,2357.0,0,normal
10,80,51.9,200.2,44.0,2350.0,0,normal
10,81,55.4,213.8,84.0,2453.0,0,normal
10,82,58.7,220.1,59.1,2334.0,0,normal
10,83,54.8,220.4,73.2,2436.0,0,normal
10,84,52.2,218.3,61.9,2375.0,0,normal
10,85,50.2,212.6,93.9,2436.0,0,normal
10,86,55.8,239.1,71.5,2334.0,0,normal
10,87,52.8,189.2,61.5,2393.0,0,normal
10,88,54.7,196.9,66.4,2444.0,0,normal
10,89,54.0,195.7,71.1,2421.0,0,normal
10,90,53.2,192.6,72.1,2390.0,0,normal
10,91,56.2,160.2,75.3,2342.0,0,normal
10,92,57.2,227.5,70.0,2360.0,0,normal
10,93,62.9,179.5,53.5,2442.0,0,normal
10,94,58.0,203.4,65.9,2390.0,0,normal
10,95,61.4,171.6,77.3,2398.0,0,normal
10,96,51.7,212.4,62.0,2409.0,0,normal
10,97,48.6,184.3,78.1,2361.0,0,normal
10,98,54.9,177.3,70.4,2412.0,0,normal
10,99,58.4,203.9,67.4,2387.0,0,normal
10,100,57.8,186.0,84.3,2409.0,0,normal
10,101,59.8,188.5,49.1,2383.0,0,normal
10,102,44.9,203.4,61.9,2353.0,0,normal
10,103,60.0,216.0,84.8,2387.0,0,normal
10,104,56.3,183.6,92.0,2419.0,0,normal
10,105,48.8,180.2,97.4,2412.0,0,normal
10,106,57.9,200.5,70.6,2401.0,0,normal
10,107,55.7,210.8,75.5,2427.0,0,normal
10,108,56.5,229.3,79.8,2394.0,0,normal
10,109,59.0,178.6,85.3,2402.0,0,normal
10,110,56.7,193.6,73.8,2386.0,0,normal
10,111,49.1,223.5,81.1,2429.0,0,normal
10,112,54.4,239.5,75.5,2409.0,0,normal
10,113,48.5,180.1,76.3,2383.0,0,normal
10,114,57.6,185.2,59.0,2355.0,0,normal
10,115,60.6,207.6,66.0,2433.0,0,normal
10,116,50.0,188.4,63.7,2378.0,0,normal
10,117,52.3,184.8,55.7,2402.0,0,normal
10,118,51.5,204.9,50.2,2471.0,0,normal
10,119,53.2,231.0,64.9,2424.0,0,normal
10,120,56.6,173.8,66.8,2448.0,0,normal
10,121,53.2,230.0,71.3,2384.0,0,normal
10,122,57.6,188.5,76.7,2432.0,0,normal
10,123,59.3,206.9,72.3,2401.0,0,normal
10,124,59.4,231.8,66.9,2411.0,0,normal
10,125,50.5,206.5,59.0,2461.0,0,normal
10,126,60.5,194.1,80.5,2392.0,0,normal
10,127,60.9,214.4,68.8,2401.0,0,normal
10,128,61.2,196.5,64.8,2373.0,0,normal
10,129,54.4,210.4,67.8,2427.0,0,normal
10,130,52.0,195.9,61.2,2383.0,0,normal
10,131,51.1,217.2,63.6,2431.0,0,normal
10,132,50.6,172.1,63.3,2351.0,0,normal
10,133,55.0,179.7,66.6,2416.0,0,normal
10,134,58.4,171.8,77.9,2381.0,0,normal
10,135,60.2,198.9,74.9,2422.0,0,normal
10,136,53.1,169.4,88.6,2400.0,0,normal
10,137,54.8,186.2,84.5,2384.0,0,normal
10,138,54.6,177.8,93.5,2388.0,0,normal
10,139,52.5,229.6,76.7,2374.0,0,normal
10,140,57.9,180.2,76.5,2425.0,0,normal
10,141,56.5,174.3,64.2,2369.0,0,normal
10,142,55.6,205.0,79.9,2392.0,0,normal
10,143,56.4,233.7,62.1,2410.0,0,normal
10,144,57.5,197.7,52.4,2448.0,0,normal
10,145,57.4,199.2,88.3,2400.0,0,normal
10,146,51.6,225.8,55.0,2393.0,0,normal
10,147,58.6,217.6,75.3,2408.0,0,normal
10,148,56.0,208.5,59.4,2338.0,0,normal
10,149,53.3,188.4,83.5,2364.0,0,normal
10,150,55.9,209.1,85.2,2389.0,0,normal
10,151,56.4,172.8,76.4,2379.0,0,normal
10,152,59.3,187.5,85.0,2352.0,0,normal
10,153,50.8,228.6,70.1,2426.0,0,normal
10,154,60.3,226.0,96.8,2408.0,0,normal
10,155,55.1,208.7,79.0,2404.0,0,normal
10,156,53.0,161.4,59.2,2379.0,0,normal
10,157,52.9,175.8,70.8,2402.0,1,normal
10,158,51.0,186.4,68.2,2415.0,0,normal
10,159,48.0,196.6,67.0,2392.0,0,normal
10,160,57.7,175.0,50.1,2413.0,0,normal
10,161,62.9,195.1,74.6,2376.0,1,normal
10,162,48.5,235.3,53.4,2403.0,1,normal
10,163,51.2,208.0,39.7,2434.0,0,normal
10,164,58.0,204.4,65.9,2437.0,0,normal
10,165,54.8,179.6,60.9,2440.0,0,normal
10,166,58.3,167.2,59.7,2409.0,0,normal
10,167,54.6,175.4,32.8,2401.0,0,normal
10,168,52.7,166.4,59.8,2387.0,0,normal
10,169,54.1,201.5,67.9,2346.0,0,normal
10,170,45.5,207.7,62.4,2360.0,0,normal
10,171,50.4,180.7,74.6,2395.0,0,normal
10,172,58.8,203.0,86.7,2397.0,0,normal
10,173,59.8,229.4,76.2,2442.0,0,normal
10,174,60.6,239.2,82.3,2439.0,0,normal
10,175,56.8,215.4,83.3,2379.0,0,normal
10,176,46.0,196.5,57.8,2425.0,0,normal
10,177,52.5,214.8,75.3,2386.0,0,normal
10,178,60.3,227.0,81.9,2420.0,0,normal
10,179,61.5,159.9,64.8,2424.0,0,normal
10,180,60.5,229.6,60.5,2437.0,0,normal
10,181,54.1,189.1,76.4,2385.0,0,normal
10,182,49.8,189.3,52.2,2430.0,0,normal
10,183,54.8,192.9,56.9,2344.0,0,normal
10,184,55.1,206.4,62.0,2439.0,0,normal
10,185,61.3,177.8,75.4,2399.0,0,normal
10,186,55.9,194.3,72.6,2400.0,0,normal
10,187,55.1,210.5,82.4,2339.0,0,normal
10,188,55.3,204.4,58.9,2388.0,0,normal
10,189,56.6,207.6,58.3,2441.0,0,normal
10,190,57.5,193.5,76.3,2387.0,0,normal
10,191,52.1,213.9,60.4,2421.0,0,normal
10,192,50.8,221.1,62.8,2401.0,0,normal
10,193,60.5,219.9,47.7,2432.0,0,normal
10,194,48.4,208.6,73.5,2406.0,0,normal
10,195,61.6,218.8,88.5,2372.0,0,normal
10,196,47.4,217.4,57.6,2402.0,0,normal
10,197,52.7,253.5,82.3,2448.0,0,normal
10,198,58.9,224.4,69.3,2415.0,0,normal
10,199,55.0,198.2,48.8,2397.0,0,normal
10,200,49.7,181.8,59.3,2468.0,0,normal
10,201,56.7,194.8,58.5,2435.0,0,normal
10,202,55.3,193.4,66.2,2425.0,0,normal
10,203,54.1,210.2,75.0,2410.0,0,normal
10,204,52.5,186.0,92.2,2422.0,0,normal
10,205,54.9,223.8,52.8,2423.0,0,normal
10,206,52.7,172.2,64.2,2335.0,0,normal
10,207,64.7,167.3,59.2,2412.0,0,normal
10,208,54.0,197.3,54.8,2395.0,0,normal
10,209,53.5,183.1,71.1,2385.0,0,normal
10,210,52.8,174.8,70.0,2394.0,1,normal
10,211,62.1,187.3,48.2,2353.0,0,normal
10,212,48.4,184.8,70.2,2346.0,0,normal
10,213,56.4,200.2,55.5,2437.0,0,normal
10,214,54.0,187.6,70.1,2414.0,0,normal
10,215,49.3,189.2,85.2,2328.0,0,normal
10,216,51.7,199.9,75.6,2383.0,0,normal
10,217,56.3,220.3,72.1,2426.0,0,normal
10,218,51.5,229.4,63.7,2392.0,0,normal
10,219,56.0,203.0,70.8,2437.0,0,normal
10,220,61.9,204.5,76.8,2431.0,0,normal
10,221,55.7,196.3,75.6,2359.0,0,normal
10,222,49.2,209.6,68.8,2396.0,0,normal
10,223,51.6,207.8,72.6,2387.0,0,normal
10,224,53.9,226.5,54.2,2358.0,0,normal
10,225,53.6,162.2,61.2,2356.0,0,normal
10,226,55.6,195.3,78.5,2376.0,0,normal
10,227,56.2,206.8,80.1,2381.0,0,normal
10,228,61.9,199.5,71.1,2408.0,0,normal
10,229,55.0,181.2,87.7,2431.0,0,normal
10,230,50.4,174.0,76.1,2415.0,0,normal
10,231,59.6,216.1,67.2,2423.0,0,normal
10,232,60.1,184.9,55.4,2392.0,0,normal
10,233,55.9,164.9,87.3,2418.0,0,normal
10,234,54.0,217.1,79.2,2396.0,0,normal
10,235,57.5,209.2,91.6,2387.0,0,normal
10,236,54.2,197.7,96.0,2457.0,0,normal
10,237,46.8,181.7,54.6,2330.0,0,normal
10,238,57.3,197.7,54.6,2344.0,0,normal
10,239,58.6,224.3,35.6,2411.0,0,normal
10,240,60.8,167.7,81.0,2392.0,0,normal
10,241,52.1,168.7,77.9,2357.0,0,normal
10,242,55.9,187.4,71.2,2368.0,0,normal
10,243,56.0,199.5,55.3,2372.0,0,normal
10,244,55.3,190.1,68.9,2427.0,0,normal
10,245,55.5,212.9,72.2,2436.0,0,normal
10,246,55.1,221.8,79.4,2449.0,0,normal
10,247,55.8,205.6,73.3,2352.0,0,normal
10,248,58.0,211.2,78.0,2359.0,0,normal
10,249,59.9,205.4,68.5,2357.0,0,normal
10,250,52.0,200.2,84.2,2439.0,0,normal
10,251,54.3,174.1,77.6,2413.0,0,normal
10,252,53.3,179.4,55.8,2402.0,0,normal
10,253,52.7,173.0,86.7,2407.0,0,normal
10,254,48.5,197.0,84.7,2398.0,0,normal
10,255,55.1,204.6,75.6,2366.0,0,normal
10,256,56.9,171.0,73.4,2415.0,0,normal
10,257,54.4,201.5,89.9,2394.0,0,normal
10,258,55.0,182.5,50.4,2364.0,0,normal
10,259,56.7,178.6,84.9,2417.0,0,normal
10,260,60.6,187.5,64.3,2387.0,0,normal
10,261,53.3,177.6,83.1,2407.0,0,normal
10,262,50.3,212.1,71.4,2396.0,0,normal
10,263,54.6,196.6,55.1,2427.0,0,normal
10,264,62.5,216.3,64.0,2407.0,0,normal
10,265,50.4,191.1,82.3,2373.0,0,normal
10,266,57.6,191.9,67.5,2410.0,0,normal
10,267,59.6,237.5,62.5,2411.0,0,normal
10,268,45.5,167.5,62.5,2415.0,0,normal
10,269,56.6,225.7,77.7,2431.0,0,normal
10,270,57.4,233.1,91.0,2382.0,0,normal
10,271,53.9,215.3,44.3,2420.0,0,normal
10,272,52.4,193.4,100.0,2348.0,0,normal
10,273,52.6,228.5,72.4,2396.0,0,normal
10,274,53.7,193.6,77.0,2392.0,0,normal
10,275,53.8,185.9,64.8,2443.0,0,normal
10,276,53.0,192.2,70.0,2395.0,0,normal
10,277,53.6,188.6,72.3,2418.0,0,normal
10,278,59.8,181.1,57.4,2347.0,0,normal
10,279,50.1,222.2,60.3,2389.0,0,normal
10,280,48.0,184.5,84.2,2375.0,0,normal
10,281,59.8,199.4,51.4,2474.0,0,normal
10,282,54.2,171.1,75.3,2380.0,0,normal
10,283,53.4,200.6,65.6,2402.0,0,normal
10,284,54.6,176.9,58.5,2404.0,0,normal
10,285,55.8,176.4,93.7,2352.0,1,normal
10,286,52.9,197.8,58.5,2384.0,0,normal
10,287,57.0,221.1,56.4,2412.0,0,normal
10,288,51.2,208.8,67.8,2403.0,0,normal
10,289,53.8,210.2,60.8,2331.0,0,normal
10,290,46.1,197.4,70.1,2383.0,0,normal
10,291,59.7,193.3,71.9,2431.0,0,normal
10,292,54.3,215.8,72.8,2418.0,0,normal
10,293,57.7,188.7,68.5,2437.0,0,normal
10,294,56.9,216.7,61.6,2370.0,0,normal
10,295,57.2,224.7,77.7,2438.0,0,normal
10,296,55.0,183.2,68.7,2399.0,0,normal
10,297,56.6,186.1,64.1,2448.0,0,normal
10,298,51.2,189.1,87.8,2400.0,0,normal
10,299,50.3,170.7,68.5,2339.0,0,normal
11,0,53.8,220.7,71.6,2337.0,0,normal
11,1,54.8,196.3,68.4,2395.0,0,normal
11,2,51.8,152.9,88.6,2444.0,0,normal
11,3,56.1,198.0,63.9,2357.0,0,normal
11,4,55.8,209.4,66.2,2352.0,0,normal
11,5,55.1,214.8,67.2,2407.0,0,normal
11,6,50.4,182.4,54.2,2442.0,1,normal
11,7,56.1,194.6,73.8,2410.0,0,normal
11,8,52.9,219.5,60.9,2343.0,0,normal
11,9,51.1,198.8,63.2,2350.0,0,normal
11,10,60.1,169.4,61.5,2403.0,0,normal
11,11,63.7,224.8,63.0,2365.0,0,normal
11,12,62.8,195.7,59.9,2404.0,0,normal
11,13,57.6,221.8,73.0,2406.0,0,normal
11,14,53.9,172.1,68.1,2385.0,0,normal
11,15,54.7,197.6,70.6,2454.0,0,normal
11,16,56.6,210.2,98.2,2418.0,0,normal
11,17,53.3,198.3,68.1,2436.0,0,normal
11,18,60.3,176.3,77.3,2428.0,0,normal
11,19,46.9,152.3,78.6,2395.0,0,normal
11,20,53.8,230.5,69.2,2394.0,0,normal
11,21,58.2,205.0,73.3,2391.0,0,normal
11,22,51.6,223.3,70.2,2420.0,0,normal
11,23,54.0,218.6,72.4,2380.0,0,normal
11,24,57.4,211.9,63.0,2452.0,0,normal
11,25,61.1,193.6,64.1,2378.0,0,normal
11,26,49.8,209.8,70.2,2406.0,0,normal
11,27,49.5,228.7,46.3,2393.0,0,normal
11,28,51.2,201.7,88.0,2386.0,0,normal
11,29,48.8,238.0,95.9,2465.0,0,normal
11,30,49.1,170.0,72.0,2387.0,0,normal
11,31,51.1,167.9,78.0,2391.0,0,normal
11,32,59.9,219.8,83.0,2380.0,0,normal
11,33,53.8,183.6,54.1,2401.0,0,normal
11,34,55.1,240.9,81.1,2397.0,0,normal
11,35,51.2,226.7,64.9,2366.0,0,normal
11,36,57.5,231.8,97.5,2387.0,0,normal
11,37,62.5,217.7,67.7,2418.0,0,normal
11,38,51.4,181.6,80.9,2431.0,0,normal
11,39,61.9,166.8,67.9,2401.0,0,normal
11,40,56.5,229.9,96.4,2402.0,0,normal
11,41,55.1,170.0,63.9,2389.0,0,normal
11,42,56.6,231.7,84.0,2385.0,0,normal
11,43,56.6,213.4,77.5,2372.0,0,normal
11,44,62.4,198.5,74.9,2353.0,0,normal
11,45,57.1,208.8,72.7,2379.0,0,normal
11,46,57.2,209.3,62.0,2427.0,0,normal
11,47,53.3,196.0,39.0,2387.0,0,normal
11,48,58.4,228.5,82.9,2390.0,0,normal
11,49,51.2,227.8,64.1,2389.0,0,normal
11,50,55.4,203.1,84.0,2437.0,0,normal
11,51,66.5,188.0,74.2,2372.0,0,normal
11,52,45.0,226.1,84.4,2408.0,0,normal
11,53,55.9,159.5,79.6,2398.0,0,normal
11,54,56.1,208.9,40.4,2402.0,0,normal
11,55,54.1,214.8,77.4,2407.0,0,normal
11,56,54.2,183.4,65.9,2402.0,0,normal
11,57,55.4,219.5,84.0,2424.0,0,normal
11,58,54.0,199.5,77.1,2399.0,0,normal
11,59,55.9,189.1,77.2,2452.0,0,normal
11,60,53.0,219.3,66.7,2401.0,0,normal
11,61,63.1,178.3,59.0,2349.0,0,normal
11,62,54.0,217.4,64.8,2419.0,0,normal
11,63,57.3,160.4,48.4,2412.0,0,normal
11,64,52.3,205.7,62.9,2401.0,0,normal
11,65,58.7,200.9,52.4,2392.0,0,normal
11,66,57.9,189.2,52.7,2337.0,0,normal
11,67,56.7,207.8,71.4,2342.0,0,normal
11,68,50.9,198.4,76.4,2449.0,0,normal
11,69,52.0,221.1,69.6,2382.0,0,normal
11,70,61.7,211.2,64.0,2429.0,0,normal
11,71,51.9,209.1,58.6,2352.0,0,normal
11,72,57.6,205.8,66.2,2369.0,0,normal
11,73,51.2,190.6,60.1,2420.0,0,normal
11,74,59.0,194.0,69.2,2397.0,0,normal
11,75,52.3,205.0,51.7,2416.0,0,normal
11,76,51.1,196.5,78.4,2400.0,0,normal
11,77,52.2,222.2,63.2,2394.0,0,normal
11,78,52.8,201.9,74.5,2380.0,0,normal
11,79,56.6,207.5,80.6,2364.0,0,normal
11,80,55.3,171.9,73.9,2442.0,0,normal
11,81,50.6,218.9,79.6,2447.0,0,normal
11,82,54.9,188.4,45.2,2369.0,0,normal
11,83,50.4,179.1,64.1,2367.0,0,normal
11,84,57.6,232.9,83.2,2390.0,0,normal
11,85,58.3,214.0,76.1,2410.0,0,normal
11,86,54.9,219.5,92.2,2395.0,0,normal
11,87,56.1,209.1,90.5,2415.0,0,normal
11,88,62.0,198.1,73.6,2399.0,0,normal
11,89,54.4,194.4,67.0,2397.0,0,normal
11,90,51.2,215.6,58.5,2472.0,0,normal
11,91,57.3,222.7,64.3,2384.0,0,normal
11,92,50.5,198.6,65.1,2449.0,0,normal
11,93,54.2,241.5,62.9,2443.0,0,normal
11,94,52.6,196.1,59.0,2415.0,0,normal
11,95,52.2,172.1,74.8,2342.0,0,normal
11,96,54.0,165.6,90.4,2401.0,0,normal
11,97,58.6,166.2,81.2,2385.0,0,normal
11,98,59.4,191.7,66.1,2401.0,0,normal
11,99,58.7,195.4,82.2,2368.0,0,normal
11,100,56.3,213.7,74.2,2423.0,0,normal
11,101,54.0,199.4,69.5,2430.0,0,normal
11,102,45.6,216.9,68.8,2435.0,0,normal
11,103,56.5,200.9,67.6,2389.0,0,normal
11,104,45.9,200.3,77.8,2368.0,0,normal
11,105,47.3,188.4,71.7,2411.0,0,normal
11,106,54.4,228.5,61.3,2453.0,0,normal
11,107,56.1,169.4,60.7,2402.0,0,normal
11,108,53.2,206.0,73.7,2414.0,0,normal
11,109,61.1,196.4,75.1,2393.0,0,normal
11,110,56.8,215.6,66.2,2385.0,0,normal
11,111,54.0,199.6,56.4,2420.0,0,normal
11,112,60.5,200.2,85.0,2397.0,0,normal
11,113,61.3,194.7,82.5,2412.0,0,normal
11,114,57.1,227.9,46.2,2415.0,1,normal
11,115,51.9,200.0,86.1,2410.0,0,normal
11,116,52.8,239.4,67.5,2417.0,0,normal
11,117,49.2,205.4,72.3,2374.0,0,normal
11,118,54.8,200.4,83.7,2373.0,0,normal
11,119,50.8,197.1,89.8,2399.0,0,normal
11,120,53.7,211.3,82.0,2399.0,0,normal
11,121,56.0,188.2,72.9,2384.0,0,normal
11,122,47.1,202.9,53.5,2407.0,0,normal
11,123,49.9,200.2,45.7,2427.0,0,normal
11,124,53.0,206.5,80.5,2436.0,0,normal
11,125,54.8,207.0,86.1,2442.0,0,normal
11,126,53.0,208.0,60.2,2361.0,0,normal
11,127,53.9,201.9,66.8,2365.0,0,normal
11,128,52.2,231.4,63.3,2391.0,0,normal
11,129,49.2,208.5,63.0,2402.0,0,normal
11,130,52.9,252.1,82.9,2393.0,0,normal
11,131,54.1,201.0,72.6,2383.0,0,normal
11,132,53.8,219.2,67.2,2391.0,0,normal
11,133,55.4,185.5,100.0,2414.0,0,normal
11,134,56.7,228.0,52.8,2360.0,0,normal
11,135,57.7,185.9,76.6,2470.0,0,normal
11,136,52.5,209.1,57.4,2401.0,0,normal
11,137,48.7,194.7,68.1,2432.0,0,normal
11,138,60.1,209.0,71.8,2383.0,0,normal
11,139,56.5,195.3,80.1,2417.0,0,normal
11,140,51.2,184.2,66.9,2403.0,0,normal
11,141,56.1,194.6,65.6,2426.0,0,normal
11,142,59.3,230.8,66.7,2394.0,0,normal
11,143,61.9,209.3,57.0,2447.0,0,normal
11,144,56.0,174.2,77.6,2355.0,0,normal
11,145,59.2,221.9,73.4,2428.0,0,normal
11,146,50.2,182.2,75.2,2404.0,0,normal
11,147,54.9,214.9,69.2,2369.0,0,normal
11,148,53.7,211.1,67.7,2459.0,0,normal
11,149,56.4,212.3,84.1,2455.0,0,normal
11,150,61.4,237.1,82.3,2338.0,0,normal
11,151,56.0,183.4,87.0,2405.0,0,normal
11,152,51.2,212.2,74.5,2421.0,0,normal
11,153,49.9,225.2,86.2,2413.0,0,normal
11,154,61.6,187.1,65.0,2445.0,0,normal
11,155,57.1,185.1,67.6,2439.0,0,normal
11,156,56.8,194.3,84.3,2408.0,0,normal
11,157,53.6,206.5,80.1,2468.0,0,normal
11,158,56.1,171.8,66.5,2428.0,0,normal
11,159,51.1,211.0,57.4,2389.0,0,normal
11,160,56.5,171.8,67.6,2383.0,0,normal
11,161,50.3,225.9,61.8,2437.0,0,normal
11,162,53.6,210.3,90.7,2376.0,0,normal
11,163,52.4,238.3,79.1,2388.0,0,normal
11,164,42.0,213.4,60.8,2393.0,0,normal
11,165,53.6,193.9,57.5,2411.0,0,normal
11,166,51.4,184.0,60.7,2394.0,0,normal
11,167,54.2,204.8,63.3,2360.0,0,normal
11,168,55.0,199.4,68.0,2435.0,0,normal
11,169,62.1,223.7,83.4,2388.0,0,normal
11,170,56.2,181.4,58.4,2461.0,0,normal
11,171,56.3,240.4,97.5,2409.0,0,normal
11,172,57.0,225.5,58.7,2438.0,0,normal
11,173,58.5,195.9,53.1,2419.0,0,normal
11,174,56.8,236.0,90.3,2439.0,0,normal
11,175,56.1,184.3,85.9,2417.0,0,normal
11,176,57.8,204.1,67.8,2407.0,0,normal
11,177,45.3,174.5,74.6,2433.0,0,normal
11,178,63.4,236.9,74.9,2475.0,0,normal
11,179,61.4,167.1,71.6,2392.0,0,normal
11,180,55.9,171.2,54.4,2424.0,0,normal
11,181,49.3,187.3,40.2,2400.0,0,normal
11,182,59.8,226.4,59.9,2415.0,0,normal
11,183,52.2,219.1,91.8,2401.0,0,normal
11,184,57.1,202.4,92.3,2335.0,0,normal
11,185,49.9,220.4,66.9,2394.0,0,normal
11,186,63.9,197.7,58.5,2430.0,0,normal
11,187,49.2,208.4,73.3,2377.0,0,normal
11,188,55.3,233.0,75.3,2428.0,0,normal
11,189,46.5,195.1,77.2,2406.0,0,normal
11,190,54.8,184.7,39.7,2394.0,0,normal
11,191,53.3,209.4,100.0,2427.0,0,normal
11,192,59.5,214.8,83.6,2420.0,0,normal
11,193,53.3,202.2,67.6,2413.0,0,normal
11,194,59.6,220.1,61.4,2430.0,0,normal
11,195,50.9,196.0,81.8,2406.0,0,normal
11,196,53.9,202.6,75.9,2351.0,0,normal
11,197,54.0,207.5,71.1,2389.0,0,normal
11,198,57.0,205.7,75.5,2346.0,0,normal
11,199,56.5,232.3,68.6,2420.0,0,normal
11,200,57.9,207.4,74.8,2427.0,0,normal
11,201,56.1,193.9,78.7,2428.0,0,normal
11,202,57.6,210.6,74.1,2415.0,0,normal
11,203,51.4,220.2,73.5,2429.0,0,normal
11,204,56.6,215.5,86.7,2353.0,0,normal
11,205,61.4,214.4,50.8,2397.0,0,normal
11,206,48.3,170.0,60.4,2358.0,0,normal
11,207,57.0,150.1,70.3,2389.0,0,normal
11,208,57.7,225.5,61.2,2448.0,1,normal
11,209,60.8,208.8,65.2,2433.0,0,normal
11,210,57.9,199.6,85.5,2420.0,0,normal
11,211,55.4,213.9,68.2,2395.0,0,normal
11,212,56.7,238.5,48.0,2370.0,0,normal
11,213,52.1,228.3,64.9,2406.0,0,normal
11,214,53.4,219.2,70.7,2433.0,0,normal
11,215,49.7,182.3,70.5,2412.0,0,normal
11,216,60.9,184.9,76.7,2352.0,0,normal
11,217,56.8,152.3,75.7,2403.0,0,normal
11,218,51.3,212.7,68.3,2343.0,0,normal
11,219,56.1,222.2,55.7,2424.0,0,normal
11,220,59.6,223.8,64.7,2379.0,0,normal
11,221,59.0,213.5,62.5,2363.0,0,normal
11,222,51.3,196.9,66.6,2425.0,0,normal
11,223,42.5,188.7,78.3,2417.0,0,normal
11,224,56.6,183.5,74.8,2407.0,0,normal
11,225,51.5,196.7,79.9,2466.0,0,normal
11,226,57.5,180.4,65.4,2419.0,0,normal
11,227,58.8,235.1,88.1,2381.0,0,normal
11,228,59.5,174.0,78.1,2416.0,0,normal
11,229,62.0,196.1,71.3,2391.0,0,normal
11,230,59.9,161.3,77.2,2438.0,0,normal
11,231,62.0,205.9,61.9,2408.0,0,normal
11,232,60.5,200.0,44.7,2411.0,0,normal
11,233,60.9,192.9,62.7,2357.0,0,normal
11,234,54.8,181.3,79.0,2402.0,0,normal
11,235,49.8,200.0,71.0,2398.0,0,normal
11,236,64.9,189.1,68.4,2369.0,0,normal
11,237,55.3,197.3,59.8,2393.0,0,normal
11,238,59.9,239.1,46.5,2413.0,0,normal
11,239,52.8,203.4,87.1,2400.0,0,normal
11,240,58.9,210.7,67.5,2358.0,0,normal
11,241,45.2,190.7,64.8,2392.0,0,normal
11,242,53.4,184.3,61.9,2386.0,0,normal
11,243,54.6,199.5,85.1,2406.0,0,normal
11,244,56.9,250.1,80.6,2403.0,0,normal
11,245,59.3,194.3,58.4,2388.0,0,normal
11,246,50.6,207.2,84.0,2386.0,0,normal
11,247,57.6,183.4,68.3,2402.0,0,normal
11,248,59.9,144.9,62.7,2429.0,0,normal
11,249,64.4,184.2,66.5,2408.0,0,normal
11,250,57.8,247.6,60.6,2443.0,0,normal
11,251,53.2,211.9,54.1,2434.0,0,normal
11,252,49.9,232.8,79.3,2445.0,0,normal
11,253,62.3,193.0,67.4,2441.0,1,normal
11,254,57.9,152.9,77.4,2447.0,0,normal
11,255,54.9,177.8,73.4,2365.0,0,normal
11,256,48.5,207.9,76.6,2419.0,0,normal
11,257,51.3,204.8,45.4,2437.0,0,normal
11,258,57.5,199.8,59.6,2442.0,0,normal
11,259,56.4,189.4,76.8,2377.0,0,normal
11,260,47.2,218.8,54.7,2420.0,0,normal
11,261,57.5,190.0,74.5,2402.0,0,normal
11,262,48.7,206.2,53.3,2455.0,0,normal
11,263,60.4,203.9,70.2,2358.0,0,normal
11,264,55.8,192.6,89.3,2377.0,0,normal
11,265,53.1,182.4,79.3,2346.0,0,normal
11,266,59.0,191.5,47.8,2404.0,0,normal
11,267,56.4,237.5,80.2,2468.0,0,normal
11,268,60.3,222.2,91.9,2399.0,0,normal
11,269,55.3,220.4,100.0,2403.0,0,normal
11,270,55.6,184.3,75.7,2417.0,0,normal
11,271,53.9,171.2,53.6,2397.0,0,normal
11,272,56.1,221.9,75.2,2411.0,0,normal
11,273,61.8,218.1,89.2,2412.0,0,normal
11,274,53.0,202.7,67.8,2375.0,0,normal
11,275,57.6,192.6,82.5,2397.0,0,normal
11,276,51.5,170.7,59.9,2422.0,0,normal
11,277,46.7,217.3,74.5,2428.0,0,normal
11,278,55.8,223.7,40.1,2439.0,0,normal
11,279,56.5,186.4,58.6,2410.0,0,normal
11,280,54.6,184.7,69.9,2411.0,1,normal
11,281,49.0,224.8,65.6,2423.0,0,normal
11,282,56.2,187.2,54.4,2382.0,0,normal
11,283,56.1,235.6,64.0,2381.0,0,normal
11,284,51.4,197.8,74.0,2396.0,0,normal
11,285,49.6,192.3,69.0,2362.0,0,normal
11,286,54.0,200.9,70.7,2412.0,0,normal
11,287,57.6,192.3,78.8,2431.0,0,normal
11,288,56.7,222.5,65.9,2379.0,0,normal
11,289,51.5,217.7,86.3,2413.0,0,normal
11,290,55.5,221.8,58.1,2381.0,0,normal
11,291,58.5,203.7,93.1,2370.0,0,normal
11,292,50.3,190.9,83.4,2462.0,0,normal
11,293,55.3,199.8,65.7,2370.0,0,normal
11,294,60.4,191.5,66.5,2362.0,0,normal
11,295,49.9,229.3,72.5,2406.0,0,normal
11,296,59.6,220.0,77.2,2408.0,0,normal
11,297,61.5,198.2,83.1,2420.0,0,normal
11,298,54.1,181.5,53.9,2460.0,0,normal
11,299,53.6,230.8,75.2,2377.0,0,normal
12,0,88.3,296.5,95.8,2038.0,0,sobrecalentamiento
12,1,89.8,298.9,95.4,2091.0,0,sobrecalentamiento
12,2,84.6,284.7,91.8,2043.0,0,sobrecalentamiento
12,3,89.2,297.3,92.3,2053.0,0,sobrecalentamiento
12,4,85.8,288.9,92.2,2305.0,0,sobrecalentamiento
12,5,87.6,301.5,88.6,2080.0,0,sobrecalentamiento
12,6,93.1,310.3,95.6,2122.0,0,sobrecalentamiento
12,7,83.8,279.1,94.8,2119.0,0,sobrecalentamiento
12,8,87.2,297.7,98.0,2147.0,0,sobrecalentamiento
12,9,84.2,303.0,100.0,2062.0,0,sobrecalentamiento
12,10,88.5,280.3,100.0,2200.0,0,sobrecalentamiento
12,11,91.1,284.2,100.0,2135.0,0,sobrecalentamiento
12,12,88.5,284.1,92.0,1997.0,0,sobrecalentamiento
12,13,87.6,288.7,89.3,2091.0,1,sobrecalentamiento
12,14,92.0,286.4,98.7,2086.0,0,sobrecalentamiento
12,15,89.0,288.0,100.0,2083.0,0,sobrecalentamiento
12,16,90.5,298.4,100.0,2141.0,0,sobrecalentamiento
12,17,90.1,271.0,96.9,2151.0,0,sobrecalentamiento
12,18,79.4,280.3,87.0,2141.0,0,sobrecalentamiento
12,19,87.8,296.7,96.5,2127.0,0,sobrecalentamiento
12,20,84.8,295.5,97.2,2107.0,0,sobrecalentamiento
12,21,85.5,279.4,100.0,1928.0,0,sobrecalentamiento
12,22,92.4,295.6,100.0,2162.0,0,sobrecalentamiento
12,23,86.9,303.3,98.6,2139.0,0,sobrecalentamiento
12,24,93.7,289.5,92.7,2021.0,0,sobrecalentamiento
12,25,83.8,279.9,90.9,2122.0,0,sobrecalentamiento
12,26,84.7,298.7,97.1,2152.0,0,sobrecalentamiento
12,27,90.3,307.2,91.8,2194.0,0,sobrecalentamiento
12,28,87.0,281.1,100.0,2141.0,0,sobrecalentamiento
12,29,88.9,290.4,88.2,2126.0,0,sobrecalentamiento
12,30,87.7,300.9,97.3,2176.0,0,sobrecalentamiento
12,31,87.6,291.2,96.3,2075.0,0,sobrecalentamiento
12,32,87.1,272.5,94.2,2133.0,0,sobrecalentamiento
12,33,88.5,294.4,91.3,2050.0,0,sobrecalentamiento
12,34,89.9,280.2,86.8,2189.0,0,sobrecalentamiento
12,35,92.8,277.3,92.9,1971.0,0,sobrecalentamiento
12,36,87.4,272.7,92.9,2165.0,0,sobrecalentamiento
12,37,86.8,301.9,99.4,2101.0,0,sobrecalentamiento
12,38,86.4,281.7,91.9,2177.0,1,sobrecalentamiento
12,39,92.4,293.3,96.8,2038.0,0,sobrecalentamiento
12,40,90.1,295.8,89.8,2107.0,0,sobrecalentamiento
12,41,82.3,291.6,96.9,2105.0,0,sobrecalentamiento
12,42,82.2,293.0,86.0,2135.0,0,sobrecalentamiento
12,43,85.5,293.8,100.0,2016.0,0,sobrecalentamiento
12,44,88.7,291.4,94.4,2151.0,0,sobrecalentamiento
12,45,87.9,282.4,83.8,1952.0,0,sobrecalentamiento
12,46,89.5,281.5,92.1,2047.0,0,sobrecalentamiento
12,47,87.5,289.0,91.5,1975.0,0,sobrecalentamiento
12,48,92.2,288.7,92.4,2166.0,0,sobrecalentamiento
12,49,90.3,294.3,93.5,2132.0,0,sobrecalentamiento
12,50,88.2,301.0,92.3,2136.0,0,sobrecalentamiento
12,51,91.4,293.4,91.7,2218.0,0,sobrecalentamiento
12,52,83.1,281.9,90.4,2075.0,0,sobrecalentamiento
12,53,87.7,268.2,98.3,2149.0,1,sobrecalentamiento
12,54,88.4,282.3,99.8,2105.0,0,sobrecalentamiento
12,55,89.8,276.6,94.0,2093.0,0,sobrecalentamiento
12,56,82.9,282.7,94.9,2205.0,1,sobrecalentamiento
12,57,87.2,292.4,90.5,2267.0,0,sobrecalentamiento
12,58,89.2,290.8,95.3,2065.0,0,sobrecalentamiento
12,59,89.4,308.6,95.9,2167.0,0,sobrecalentamiento
12,60,91.6,294.8,94.1,2126.0,0,sobrecalentamiento
12,61,90.3,309.1,96.6,2126.0,0,sobrecalentamiento
12,62,87.8,297.2,96.2,2120.0,0,sobrecalentamiento
12,63,90.0,300.9,90.8,2073.0,0,sobrecalentamiento
12,64,87.4,286.4,99.8,1813.0,0,sobrecalentamiento
12,65,88.4,279.3,94.2,2223.0,0,sobrecalentamiento
12,66,90.4,285.5,100.0,2044.0,0,sobrecalentamiento
12,67,87.9,289.9,96.7,2081.0,0,sobrecalentamiento
12,68,89.1,283.7,100.0,2082.0,0,sobrecalentamiento
12,69,90.9,280.0,99.7,2037.0,0,sobrecalentamiento
12,70,90.1,294.2,95.9,2119.0,0,sobrecalentamiento
12,71,91.7,279.9,92.1,2096.0,0,sobrecalentamiento
12,72,95.0,274.7,92.2,2043.0,0,sobrecalentamiento
12,73,90.1,278.8,97.1,2112.0,0,sobrecalentamiento
12,74,86.6,287.7,95.6,2097.0,0,sobrecalentamiento
12,75,89.5,280.1,92.6,2174.0,0,sobrecalentamiento
12,76,89.4,287.7,98.3,1993.0,0,sobrecalentamiento
12,77,89.8,296.0,95.2,2036.0,0,sobrecalentamiento
12,78,92.5,295.7,98.4,2158.0,0,sobrecalentamiento
12,79,82.9,283.4,91.1,2049.0,0,sobrecalentamiento
12,80,92.5,277.0,99.0,2028.0,0,sobrecalentamiento
12,81,93.6,284.2,97.0,2053.0,0,sobrecalentamiento
12,82,89.7,296.6,99.8,2092.0,0,sobrecalentamiento
12,83,89.8,298.9,98.9,2092.0,0,sobrecalentamiento
12,84,87.3,293.5,94.7,2083.0,0,sobrecalentamiento
12,85,88.0,302.0,94.3,2018.0,0,sobrecalentamiento
12,86,90.1,307.3,100.0,2162.0,0,sobrecalentamiento
12,87,89.9,285.2,93.8,2206.0,0,sobrecalentamiento
12,88,90.2,304.9,98.0,1947.0,0,sobrecalentamiento
12,89,89.9,287.4,93.5,1976.0,0,sobrecalentamiento
12,90,90.7,300.2,87.6,2180.0,0,sobrecalentamiento
12,91,90.4,297.1,90.1,2226.0,0,sobrecalentamiento
12,92,84.9,270.2,96.6,1930.0,0,sobrecalentamiento
12,93,90.5,280.3,97.8,2165.0,0,sobrecalentamiento
12,94,93.6,277.8,96.6,2231.0,0,sobrecalentamiento
12,95,87.9,272.2,99.6,2031.0,0,sobrecalentamiento
12,96,92.5,298.8,96.6,2226.0,0,sobrecalentamiento
12,97,85.2,310.7,91.9,2086.0,0,sobrecalentamiento
12,98,87.9,287.4,97.4,2125.0,0,sobrecalentamiento
12,99,86.1,298.5,95.7,2042.0,0,sobrecalentamiento
12,100,92.1,304.8,92.7,2180.0,0,sobrecalentamiento
12,101,92.9,292.1,96.9,2167.0,0,sobrecalentamiento
12,102,87.7,289.7,95.3,2238.0,0,sobrecalentamiento
12,103,91.5,287.5,92.6,2215.0,0,sobrecalentamiento
12,104,93.0,295.4,94.3,2099.0,0,sobrecalentamiento
12,105,87.9,298.7,100.0,2349.0,0,sobrecalentamiento
12,106,88.4,294.6,100.0,2208.0,0,sobrecalentamiento
12,107,90.2,294.3,95.8,2143.0,0,sobrecalentamiento
12,108,85.5,289.5,95.2,2020.0,0,sobrecalentamiento
12,109,88.3,274.1,89.3,1978.0,0,sobrecalentamiento
12,110,94.4,299.0,100.0,1984.0,1,sobrecalentamiento
12,111,86.5,277.2,99.1,2025.0,0,sobrecalentamiento
12,112,90.6,296.2,98.0,2210.0,0,sobrecalentamiento
12,113,89.6,297.6,85.9,2139.0,0,sobrecalentamiento
12,114,87.5,278.6,95.2,2051.0,0,sobrecalentamiento
12,115,88.7,283.9,94.5,2089.0,0,sobrecalentamiento
12,116,93.3,311.2,97.7,2079.0,0,sobrecalentamiento
12,117,89.7,289.2,93.2,2164.0,0,sobrecalentamiento
12,118,90.1,277.8,94.1,2030.0,0,sobrecalentamiento
12,119,92.8,298.0,97.5,2128.0,0,sobrecalentamiento
12,120,87.1,282.3,91.9,2124.0,0,sobrecalentamiento
12,121,84.9,270.8,92.7,2032.0,0,sobrecalentamiento
12,122,93.3,295.2,95.8,2227.0,0,sobrecalentamiento
12,123,88.4,280.8,100.0,2076.0,0,sobrecalentamiento
12,124,90.7,293.2,98.2,2021.0,0,sobrecalentamiento
12,125,85.7,281.9,99.3,2168.0,0,sobrecalentamiento
12,126,89.2,297.1,95.3,2104.0,0,sobrecalentamiento
12,127,84.7,291.8,100.0,2133.0,0,sobrecalentamiento
12,128,88.2,264.1,88.0,2005.0,1,sobrecalentamiento
12,129,86.1,293.8,100.0,2165.0,0,sobrecalentamiento
12,130,85.4,287.1,100.0,2274.0,0,sobrecalentamiento
12,131,87.1,304.2,96.8,1999.0,0,sobrecalentamiento
12,132,81.1,294.0,98.3,2128.0,0,sobrecalentamiento
12,133,84.5,297.6,94.8,2037.0,0,sobrecalentamiento
12,134,90.3,282.9,94.2,2315.0,0,sobrecalentamiento
12,135,89.0,282.1,92.6,2199.0,1,sobrecalentamiento
12,136,84.8,289.7,94.8,2123.0,0,sobrecalentamiento
12,137,89.6,286.4,97.2,2002.0,0,sobrecalentamiento
12,138,85.4,303.4,96.7,2021.0,0,sobrecalentamiento
12,139,90.2,288.5,100.0,2160.0,0,sobrecalentamiento
12,140,87.7,277.8,95.4,1991.0,0,sobrecalentamiento
12,141,87.0,281.7,89.0,1994.0,1,sobrecalentamiento
12,142,87.7,299.7,100.0,2101.0,0,sobrecalentamiento
12,143,95.7,288.3,90.1,2111.0,0,sobrecalentamiento
12,144,85.7,287.8,92.8,2130.0,0,sobrecalentamiento
12,145,88.7,300.6,96.1,2065.0,1,sobrecalentamiento
12,146,90.3,280.9,96.7,2174.0,0,sobrecalentamiento
12,147,85.1,267.6,89.2,2031.0,0,sobrecalentamiento
12,148,83.2,281.5,92.0,2150.0,0,sobrecalentamiento
12,149,86.2,292.4,89.1,2117.0,1,sobrecalentamiento
12,150,90.3,287.5,97.5,2148.0,0,sobrecalentamiento
12,151,87.0,274.4,99.7,2195.0,0,sobrecalentamiento
12,152,87.3,300.2,90.1,2064.0,0,sobrecalentamiento
12,153,90.7,291.6,99.0,2047.0,2,sobrecalentamiento
12,154,85.6,293.9,98.7,1965.0,1,sobrecalentamiento
12,155,87.7,294.2,92.4,1938.0,0,sobrecalentamiento
12,156,83.5,277.0,87.1,2086.0,0,sobrecalentamiento
12,157,89.0,293.0,90.7,2091.0,0,sobrecalentamiento
12,158,88.7,299.1,92.6,2013.0,0,sobrecalentamiento
12,159,90.4,301.4,100.0,2030.0,0,sobrecalentamiento
12,160,84.6,297.2,94.5,2222.0,0,sobrecalentamiento
12,161,87.4,295.1,91.0,2170.0,0,sobrecalentamiento
12,162,84.2,272.6,95.6,1999.0,0,sobrecalentamiento
12,163,87.3,289.9,89.8,2065.0,0,sobrecalentamiento
12,164,92.4,280.4,97.1,2132.0,0,sobrecalentamiento
12,165,87.0,302.8,91.1,2050.0,0,sobrecalentamiento
12,166,83.9,301.3,91.7,2035.0,0,sobrecalentamiento
12,167,86.0,280.5,96.5,2073.0,0,sobrecalentamiento
12,168,83.2,289.5,100.0,2187.0,0,sobrecalentamiento
12,169,84.1,292.5,100.0,2195.0,0,sobrecalentamiento
12,170,90.0,299.0,90.8,2041.0,0,sobrecalentamiento
12,171,83.7,273.2,92.6,2137.0,0,sobrecalentamiento
12,172,88.9,267.9,97.1,2099.0,1,sobrecalentamiento
12,173,88.1,290.4,99.7,2019.0,0,sobrecalentamiento
12,174,86.4,264.7,86.3,2076.0,0,sobrecalentamiento
12,175,88.7,291.6,95.3,1999.0,0,sobrecalentamiento
12,176,85.2,295.9,93.1,2193.0,1,sobrecalentamiento
12,177,90.5,302.4,87.3,2224.0,0,sobrecalentamiento
12,178,85.9,283.8,89.7,2067.0,0,sobrecalentamiento
12,179,86.8,291.6,92.7,2048.0,0,sobrecalentamiento
12,180,86.5,296.5,95.2,2184.0,0,sobrecalentamiento
12,181,90.1,278.2,99.0,2197.0,0,sobrecalentamiento
12,182,89.6,299.2,96.4,2011.0,0,sobrecalentamiento
12,183,80.1,292.7,98.8,2088.0,1,sobrecalentamiento
12,184,88.8,283.9,95.1,2095.0,0,sobrecalentamiento
12,185,82.8,291.4,92.2,2038.0,0,sobrecalentamiento
12,186,87.0,288.6,94.3,2131.0,0,sobrecalentamiento
12,187,87.7,297.8,97.8,2044.0,0,sobrecalentamiento
12,188,86.9,286.4,99.1,2057.0,0,sobrecalentamiento
12,189,89.5,292.3,94.4,2092.0,0,sobrecalentamiento
12,190,90.2,283.8,91.3,1981.0,0,sobrecalentamiento
12,191,85.7,280.6,96.3,1935.0,0,sobrecalentamiento
12,192,85.6,291.7,96.9,2173.0,0,sobrecalentamiento
12,193,87.9,281.0,99.9,2041.0,0,sobrecalentamiento
12,194,83.4,298.0,92.3,2271.0,0,sobrecalentamiento
12,195,86.6,295.9,92.3,2258.0,0,sobrecalentamiento
12,196,92.0,282.3,98.0,2059.0,0,sobrecalentamiento
12,197,83.5,292.1,93.4,2287.0,0,sobrecalentamiento
12,198,87.0,282.3,93.2,2175.0,0,sobrecalentamiento
12,199,86.2,274.0,100.0,2048.0,0,sobrecalentamiento
12,200,94.0,284.0,89.5,1893.0,0,sobrecalentamiento
12,201,86.4,289.5,100.0,2155.0,0,sobrecalentamiento
12,202,86.6,295.2,92.5,2103.0,0,sobrecalentamiento
12,203,84.9,291.5,98.5,2135.0,0,sobrecalentamiento
12,204,88.0,299.1,94.6,2082.0,0,sobrecalentamiento
12,205,88.8,280.2,96.1,2008.0,0,sobrecalentamiento
12,206,85.3,286.2,93.9,2066.0,0,sobrecalentamiento
12,207,91.0,306.4,98.4,2157.0,0,sobrecalentamiento
12,208,88.8,270.7,93.6,2072.0,1,sobrecalentamiento
12,209,90.6,285.5,92.7,2071.0,0,sobrecalentamiento
12,210,87.0,279.3,100.0,1978.0,1,sobrecalentamiento
12,211,88.7,288.0,95.1,2107.0,0,sobrecalentamiento
12,212,87.4,285.7,92.3,2011.0,1,sobrecalentamiento
12,213,92.4,296.0,89.0,2173.0,0,sobrecalentamiento
12,214,88.3,292.6,100.0,2041.0,0,sobrecalentamiento
12,215,88.0,276.9,92.8,2076.0,0,sobrecalentamiento
12,216,86.6,284.1,100.0,2273.0,0,sobrecalentamiento
12,217,86.5,290.0,96.6,2075.0,0,sobrecalentamiento
12,218,88.7,297.4,95.6,2065.0,0,sobrecalentamiento
12,219,90.5,314.3,95.7,2147.0,0,sobrecalentamiento
12,220,85.9,297.0,100.0,1957.0,1,sobrecalentamiento
12,221,88.4,279.9,86.2,2200.0,1,sobrecalentamiento
12,222,88.6,289.1,95.9,2180.0,0,sobrecalentamiento
12,223,89.1,291.8,93.9,2142.0,0,sobrecalentamiento
12,224,82.9,284.8,94.1,1830.0,0,sobrecalentamiento
12,225,85.2,294.7,95.6,2079.0,0,sobrecalentamiento
12,226,83.9,267.3,93.9,1998.0,0,sobrecalentamiento
12,227,88.1,295.5,95.8,2190.0,0,sobrecalentamiento
12,228,85.3,285.2,94.9,2184.0,0,sobrecalentamiento
12,229,86.5,288.9,89.7,2131.0,0,sobrecalentamiento
12,230,84.4,304.7,96.5,2004.0,2,sobrecalentamiento
12,231,86.8,277.4,97.9,2220.0,0,sobrecalentamiento
12,232,84.6,292.7,92.8,2079.0,0,sobrecalentamiento
12,233,90.3,297.9,100.0,2244.0,0,sobrecalentamiento
12,234,89.4,291.7,100.0,2121.0,1,sobrecalentamiento
12,235,88.5,273.9,98.4,2141.0,0,sobrecalentamiento
12,236,87.1,303.5,98.3,2063.0,0,sobrecalentamiento
12,237,81.9,287.9,95.1,2213.0,0,sobrecalentamiento
12,238,86.6,284.7,99.6,2149.0,1,sobrecalentamiento
12,239,85.7,286.9,100.0,2215.0,0,sobrecalentamiento
12,240,88.7,286.2,98.2,2114.0,0,sobrecalentamiento
12,241,89.9,278.1,92.7,2096.0,0,sobrecalentamiento
12,242,89.0,291.6,94.8,2148.0,0,sobrecalentamiento
12,243,91.8,284.0,97.3,2215.0,0,sobrecalentamiento
12,244,86.3,296.7,98.4,2181.0,0,sobrecalentamiento
12,245,86.2,295.2,94.7,2111.0,0,sobrecalentamiento
12,246,91.1,306.3,92.7,1951.0,0,sobrecalentamiento
12,247,88.5,287.9,100.0,2165.0,0,sobrecalentamiento
12,248,87.3,282.0,90.7,1985.0,0,sobrecalentamiento
12,249,93.5,275.3,91.2,2103.0,0,sobrecalentamiento
12,250,89.7,311.9,89.7,2091.0,1,sobrecalentamiento
12,251,87.4,296.6,91.2,1987.0,1,sobrecalentamiento
12,252,85.9,283.1,100.0,2130.0,0,sobrecalentamiento
12,253,92.0,306.9,100.0,2272.0,0,sobrecalentamiento
12,254,88.6,303.6,94.7,2075.0,0,sobrecalentamiento
12,255,88.1,276.5,97.0,2161.0,0,sobrecalentamiento
12,256,90.0,282.5,95.0,2288.0,0,sobrecalentamiento
12,257,90.6,288.7,90.2,2169.0,2,sobrecalentamiento
12,258,89.6,279.3,100.0,2048.0,0,sobrecalentamiento
12,259,90.7,289.0,100.0,2119.0,0,sobrecalentamiento
12,260,89.4,297.1,96.4,2138.0,0,sobrecalentamiento
12,261,89.7,276.3,91.6,2215.0,0,sobrecalentamiento
12,262,85.8,292.9,94.1,2197.0,0,sobrecalentamiento
12,263,93.4,301.7,92.2,1878.0,0,sobrecalentamiento
12,264,84.3,294.0,95.4,2032.0,0,sobrecalentamiento
12,265,88.9,289.2,96.2,2094.0,1,sobrecalentamiento
12,266,84.0,283.3,93.6,2019.0,0,sobrecalentamiento
12,267,87.7,298.3,89.2,1804.0,0,sobrecalentamiento
12,268,86.3,278.2,100.0,2042.0,0,sobrecalentamiento
12,269,88.4,292.4,96.0,2100.0,0,sobrecalentamiento
12,270,89.0,290.3,96.8,2058.0,0,sobrecalentamiento
12,271,85.1,301.3,93.3,2020.0,0,sobrecalentamiento
12,272,87.9,284.2,88.8,2103.0,0,sobrecalentamiento
12,273,92.2,285.0,94.7,2127.0,0,sobrecalentamiento
12,274,84.1,277.6,93.7,2063.0,0,sobrecalentamiento
12,275,85.4,294.4,97.8,2210.0,0,sobrecalentamiento
12,276,90.6,285.8,98.6,2105.0,0,sobrecalentamiento
12,277,88.2,281.4,98.1,2030.0,0,sobrecalentamiento
12,278,88.5,282.3,99.0,2010.0,0,sobrecalentamiento
12,279,91.1,295.4,100.0,2083.0,0,sobrecalentamiento
12,280,85.6,279.0,96.6,2189.0,0,sobrecalentamiento
12,281,86.4,279.9,99.4,2034.0,0,sobrecalentamiento
12,282,86.1,299.0,97.0,2148.0,0,sobrecalentamiento
12,283,87.0,288.3,87.4,2108.0,0,sobrecalentamiento
12,284,92.0,299.6,94.4,2259.0,0,sobrecalentamiento
12,285,82.9,286.4,91.5,2131.0,0,sobrecalentamiento
12,286,84.4,290.0,95.9,2044.0,0,sobrecalentamiento
12,287,83.9,291.6,91.8,2159.0,0,sobrecalentamiento
12,288,92.2,303.9,97.4,2162.0,0,sobrecalentamiento
12,289,86.2,303.1,98.9,2068.0,0,sobrecalentamiento
12,290,87.0,301.5,99.8,2007.0,0,sobrecalentamiento
12,291,83.2,283.7,100.0,2143.0,0,sobrecalentamiento
12,292,87.2,280.1,88.3,2105.0,0,sobrecalentamiento
12,293,90.6,297.6,90.2,1979.0,1,sobrecalentamiento
12,294,88.8,303.8,100.0,2120.0,0,sobrecalentamiento
12,295,87.7,301.6,99.0,2049.0,0,sobrecalentamiento
12,296,83.3,290.1,95.9,1979.0,0,sobrecalentamiento
12,297,87.0,297.3,95.1,2072.0,0,sobrecalentamiento
12,298,88.4,297.5,94.8,2203.0,0,sobrecalentamiento
12,299,85.0,291.5,87.3,2197.0,0,sobrecalentamiento
13,0,90.9,309.6,97.5,2127.0,0,sobrecalentamiento
13,1,83.3,287.4,96.7,2041.0,0,sobrecalentamiento
13,2,91.9,294.3,100.0,2074.0,0,sobrecalentamiento
13,3,91.7,287.9,88.5,2062.0,0,sobrecalentamiento
13,4,87.8,273.8,97.8,2301.0,0,sobrecalentamiento
13,5,87.6,288.0,99.0,2182.0,0,sobrecalentamiento
13,6,78.7,297.5,98.7,2113.0,1,sobrecalentamiento
13,7,84.3,296.0,93.4,2209.0,0,sobrecalentamiento
13,8,89.6,287.1,97.1,2199.0,0,sobrecalentamiento
13,9,91.6,275.4,91.9,1990.0,0,sobrecalentamiento
13,10,90.2,296.4,93.8,2082.0,0,sobrecalentamiento
13,11,87.8,294.2,90.8,2099.0,0,sobrecalentamiento
13,12,93.8,298.4,92.0,2149.0,0,sobrecalentamiento
13,13,91.0,287.3,94.0,2082.0,0,sobrecalentamiento
13,14,86.8,273.2,93.0,2092.0,0,sobrecalentamiento
13,15,94.5,295.3,92.0,2063.0,0,sobrecalentamiento
13,16,84.7,289.9,89.8,2184.0,1,sobrecalentamiento
13,17,83.6,303.9,100.0,1985.0,0,sobrecalentamiento
13,18,86.7,290.3,93.0,2066.0,0,sobrecalentamiento
13,19,85.7,289.5,96.3,1953.0,0,sobrecalentamiento
13,20,86.9,294.2,88.0,2018.0,0,sobrecalentamiento
13,21,90.4,284.0,100.0,2125.0,0,sobrecalentamiento
13,22,87.9,283.5,95.7,2127.0,0,sobrecalentamiento
13,23,88.0,289.0,93.2,2075.0,0,sobrecalentamiento
13,24,88.2,280.8,93.3,2190.0,0,sobrecalentamiento
13,25,81.1,287.7,98.5,2208.0,0,sobrecalentamiento
13,26,83.5,309.4,83.2,2094.0,1,sobrecalentamiento
13,27,86.8,300.4,91.7,2120.0,0,sobrecalentamiento
13,28,85.5,293.1,94.5,2064.0,1,sobrecalentamiento
13,29,87.3,305.5,94.5,2150.0,0,sobrecalentamiento
13,30,92.2,281.8,100.0,2004.0,0,sobrecalentamiento
13,31,87.8,314.9,93.6,2244.0,0,sobrecalentamiento
13,32,84.0,285.4,99.0,2191.0,0,sobrecalentamiento
13,33,85.6,310.0,100.0,2004.0,0,sobrecalentamiento
13,34,93.1,310.0,97.7,2037.0,0,sobrecalentamiento
13,35,92.6,272.5,92.3,2134.0,0,sobrecalentamiento
13,36,89.8,304.7,89.9,2073.0,0,sobrecalentamiento
13,37,83.3,287.2,98.0,2144.0,0,sobrecalentamiento
13,38,88.9,284.3,100.0,2071.0,1,sobrecalentamiento
13,39,89.2,295.2,97.2,2222.0,0,sobrecalentamiento
13,40,88.1,279.9,99.9,2101.0,0,sobrecalentamiento
13,41,86.3,295.0,100.0,2294.0,0,sobrecalentamiento
13,42,86.9,280.6,98.3,2148.0,0,sobrecalentamiento
13,43,86.1,291.8,90.6,1992.0,0,sobrecalentamiento
13,44,84.6,303.4,95.2,2267.0,0,sobrecalentamiento
13,45,92.1,293.9,100.0,2188.0,0,sobrecalentamiento
13,46,90.6,286.4,94.0,2130.0,0,sobrecalentamiento
13,47,87.1,295.4,100.0,2152.0,0,sobrecalentamiento
13,48,89.1,275.9,94.7,2005.0,0,sobrecalentamiento
13,49,89.2,281.6,96.3,1956.0,0,sobrecalentamiento
13,50,95.0,285.7,93.6,2097.0,0,sobrecalentamiento
13,51,90.6,297.9,95.6,2210.0,0,sobrecalentamiento
13,52,90.5,294.1,95.8,2132.0,0,sobrecalentamiento
13,53,88.1,295.4,88.6,2237.0,0,sobrecalentamiento
13,54,86.7,289.7,93.2,2206.0,0,sobrecalentamiento
13,55,92.1,282.1,90.1,2102.0,0,sobrecalentamiento
13,56,90.0,304.9,93.4,2195.0,0,sobrecalentamiento
13,57,85.5,283.0,91.8,2222.0,0,sobrecalentamiento
13,58,89.4,294.2,99.0,2094.0,1,sobrecalentamiento
13,59,90.5,288.9,99.1,2083.0,0,sobrecalentamiento
13,60,81.7,295.6,97.2,2111.0,0,sobrecalentamiento
13,61,85.2,283.9,89.9,1907.0,0,sobrecalentamiento
13,62,89.1,300.5,94.6,2122.0,1,sobrecalentamiento
13,63,82.2,303.8,89.6,2158.0,1,sobrecalentamiento
13,64,82.7,299.9,94.4,2112.0,0,sobrecalentamiento
13,65,87.2,291.6,97.6,2128.0,0,sobrecalentamiento
13,66,89.5,285.6,99.0,2097.0,0,sobrecalentamiento
13,67,89.6,318.2,96.9,1940.0,0,sobrecalentamiento
13,68,92.7,280.1,100.0,2233.0,0,sobrecalentamiento
13,69,88.2,298.8,96.0,2071.0,0,sobrecalentamiento
13,70,86.9,293.3,94.1,2051.0,0,sobrecalentamiento
13,71,84.1,289.4,98.5,2209.0,1,sobrecalentamiento
13,72,86.8,291.9,98.6,2178.0,0,sobrecalentamiento
13,73,90.1,284.9,92.9,2122.0,0,sobrecalentamiento
13,74,90.3,294.3,96.5,2162.0,0,sobrecalentamiento
13,75,88.8,293.2,93.8,2008.0,0,sobrecalentamiento
13,76,89.6,316.8,87.0,2094.0,0,sobrecalentamiento
13,77,91.8,300.7,96.8,2204.0,0,sobrecalentamiento
13,78,88.2,295.2,89.8,2046.0,0,sobrecalentamiento
13,79,92.1,295.8,96.3,2020.0,0,sobrecalentamiento
13,80,85.8,308.4,88.9,2106.0,0,sobrecalentamiento
13,81,87.8,280.3,92.1,2108.0,0,sobrecalentamiento
13,82,86.6,288.2,93.3,2152.0,0,sobrecalentamiento
13,83,90.4,270.9,99.8,1990.0,2,sobrecalentamiento
13,84,85.0,295.6,92.9,1896.0,0,sobrecalentamiento
13,85,87.0,298.5,90.7,2174.0,0,sobrecalentamiento
13,86,82.4,280.0,96.5,2013.0,0,sobrecalentamiento
13,87,89.8,304.4,94.1,2051.0,0,sobrecalentamiento
13,88,91.7,282.8,98.2,1925.0,0,sobrecalentamiento
13,89,90.7,286.6,91.0,2182.0,0,sobrecalentamiento
13,90,90.4,291.2,95.8,2128.0,0,sobrecalentamiento
13,91,90.5,305.9,100.0,2125.0,0,sobrecalentamiento
13,92,90.1,281.4,94.0,2124.0,0,sobrecalentamiento
13,93,89.8,292.9,95.7,1935.0,0,sobrecalentamiento
13,94,90.0,297.7,88.4,2021.0,0,sobrecalentamiento
13,95,86.0,295.7,91.6,2064.0,0,sobrecalentamiento
13,96,87.4,296.1,96.8,2040.0,1,sobrecalentamiento
13,97,88.2,297.6,93.7,2078.0,0,sobrecalentamiento
13,98,87.0,284.5,97.5,2120.0,0,sobrecalentamiento
13,99,83.3,306.9,96.7,2181.0,0,sobrecalentamiento
13,100,84.3,288.9,89.7,1982.0,0,sobrecalentamiento
13,101,88.7,287.6,99.1,2099.0,0,sobrecalentamiento
13,102,90.7,303.5,90.0,2157.0,0,sobrecalentamiento
13,103,88.0,283.7,91.9,2026.0,0,sobrecalentamiento
13,104,96.3,293.2,95.9,2085.0,0,sobrecalentamiento
13,105,85.2,282.8,100.0,2137.0,0,sobrecalentamiento
13,106,89.3,315.2,91.0,2101.0,0,sobrecalentamiento
13,107,91.9,313.1,95.6,2154.0,0,sobrecalentamiento
13,108,91.2,288.9,95.6,2108.0,0,sobrecalentamiento
13,109,90.0,295.2,97.6,2075.0,0,sobrecalentamiento
13,110,91.2,290.1,99.7,2006.0,0,sobrecalentamiento
13,111,88.2,286.5,93.4,2120.0,0,sobrecalentamiento
13,112,93.0,291.2,99.0,2108.0,0,sobrecalentamiento
13,113,91.8,289.6,100.0,2021.0,0,sobrecalentamiento
13,114,85.4,274.8,100.0,2147.0,0,sobrecalentamiento
13,115,89.0,292.6,97.0,2201.0,0,sobrecalentamiento
13,116,83.4,289.6,95.6,2047.0,0,sobrecalentamiento
13,117,92.6,293.1,93.1,2042.0,1,sobrecalentamiento
13,118,88.7,289.2,89.2,2039.0,0,sobrecalentamiento
13,119,92.0,286.4,93.9,1966.0,0,sobrecalentamiento
13,120,87.7,298.7,95.4,2260.0,0,sobrecalentamiento
13,121,82.4,295.3,94.6,2064.0,0,sobrecalentamiento
13,122,95.9,304.0,97.4,2031.0,0,sobrecalentamiento
13,123,88.4,294.9,89.2,2010.0,1,sobrecalentamiento
13,124,85.0,288.0,94.3,2069.0,0,sobrecalentamiento
13,125,91.4,296.2,100.0,2044.0,1,sobrecalentamiento
13,126,94.1,270.2,99.0,2215.0,0,sobrecalentamiento
13,127,87.4,311.0,97.5,2000.0,0,sobrecalentamiento
13,128,87.7,292.7,96.6,1977.0,0,sobrecalentamiento
13,129,88.7,311.8,93.5,2144.0,0,sobrecalentamiento
13,130,84.7,281.3,88.0,2091.0,0,sobrecalentamiento
13,131,85.9,278.8,96.8,2082.0,0,sobrecalentamiento
13,132,93.3,293.7,85.2,2145.0,0,sobrecalentamiento
13,133,87.6,293.6,93.7,2111.0,0,sobrecalentamiento
13,134,85.5,293.4,95.0,2096.0,0,sobrecalentamiento
13,135,86.6,291.9,93.2,1988.0,0,sobrecalentamiento
13,136,91.2,283.7,100.0,1967.0,0,sobrecalentamiento
13,137,82.1,275.1,100.0,2044.0,0,sobrecalentamiento
13,138,88.8,292.8,99.1,2013.0,0,sobrecalentamiento
13,139,95.4,277.2,91.3,2122.0,0,sobrecalentamiento
13,140,94.1,276.2,100.0,1956.0,0,sobrecalentamiento
13,141,89.7,286.2,97.5,2064.0,0,sobrecalentamiento
13,142,91.9,294.3,91.2,2086.0,0,sobrecalentamiento
13,143,91.9,309.9,95.1,2097.0,0,sobrecalentamiento
13,144,87.6,299.8,98.8,2132.0,0,sobrecalentamiento
13,145,90.8,304.3,92.6,2074.0,0,sobrecalentamiento
13,146,93.4,296.5,95.6,2047.0,0,sobrecalentamiento
13,147,84.2,293.7,96.3,2200.0,0,sobrecalentamiento
13,148,89.7,315.1,90.6,2074.0,0,sobrecalentamiento
13,149,89.1,276.8,93.9,2214.0,0,sobrecalentamiento
13,150,88.3,285.9,90.9,2074.0,0,sobrecalentamiento
13,151,88.0,286.6,98.5,2099.0,0,sobrecalentamiento
13,152,88.7,298.9,91.4,2089.0,1,sobrecalentamiento
13,153,88.9,280.2,96.2,2118.0,0,sobrecalentamiento
13,154,91.4,297.6,89.4,2066.0,1,sobrecalentamiento
13,155,89.4,295.8,90.5,2108.0,0,sobrecalentamiento
13,156,87.5,298.1,90.3,2222.0,0,sobrecalentamiento
13,157,85.5,298.0,93.8,2184.0,0,sobrecalentamiento
13,158,86.6,305.4,95.7,2184.0,0,sobrecalentamiento
13,159,88.8,289.5,96.5,1993.0,0,sobrecalentamiento
13,160,85.9,295.3,87.9,2006.0,0,sobrecalentamiento
13,161,90.8,282.6,94.3,2117.0,0,sobrecalentamiento
13,162,89.3,280.4,92.0,2162.0,2,sobrecalentamiento
13,163,91.4,307.6,97.1,2058.0,0,sobrecalentamiento
13,164,86.1,281.9,93.9,2044.0,0,sobrecalentamiento
13,165,85.5,296.4,94.7,2212.0,0,sobrecalentamiento
13,166,91.4,295.3,92.0,2155.0,0,sobrecalentamiento
13,167,88.4,301.7,100.0,2185.0,0,sobrecalentamiento
13,168,87.4,273.4,89.9,2065.0,0,sobrecalentamiento
13,169,90.1,298.9,93.4,2058.0,1,sobrecalentamiento
13,170,90.0,289.4,95.4,2176.0,0,sobrecalentamiento
13,171,84.2,284.0,94.0,2079.0,0,sobrecalentamiento
13,172,92.2,287.5,91.9,2051.0,0,sobrecalentamiento
13,173,86.8,300.4,87.8,2027.0,0,sobrecalentamiento
13,174,93.1,297.3,92.2,2059.0,0,sobrecalentamiento
13,175,84.0,288.7,91.2,2170.0,0,sobrecalentamiento
13,176,89.0,278.6,100.0,1979.0,0,sobrecalentamiento
13,177,87.4,279.3,100.0,2150.0,0,sobrecalentamiento
13,178,82.1,297.5,94.8,2043.0,0,sobrecalentamiento
13,179,90.0,277.2,89.4,2083.0,0,sobrecalentamiento
13,180,82.2,288.8,98.0,2088.0,0,sobrecalentamiento
13,181,87.1,316.8,91.1,2082.0,0,sobrecalentamiento
13,182,91.3,294.6,92.8,2077.0,0,sobrecalentamiento
13,183,86.4,297.4,92.5,2064.0,0,sobrecalentamiento
13,184,85.3,279.4,93.0,2054.0,0,sobrecalentamiento
13,185,90.4,277.7,93.6,2206.0,0,sobrecalentamiento
13,186,87.3,298.0,89.7,2102.0,0,sobrecalentamiento
13,187,86.8,287.2,92.2,2090.0,0,sobrecalentamiento
13,188,91.8,301.7,99.1,2048.0,0,sobrecalentamiento
13,189,84.5,291.4,94.9,2067.0,0,sobrecalentamiento
13,190,86.6,325.6,95.5,2049.0,0,sobrecalentamiento
13,191,90.6,285.3,86.1,2161.0,0,sobrecalentamiento
13,192,84.3,293.9,98.8,2040.0,0,sobrecalentamiento
13,193,93.3,282.1,92.3,1920.0,0,sobrecalentamiento
13,194,87.3,301.3,99.5,2105.0,1,sobrecalentamiento
13,195,90.6,295.4,95.6,2078.0,0,sobrecalentamiento
13,196,90.6,281.4,92.8,2053.0,1,sobrecalentamiento
13,197,87.5,287.8,88.3,2173.0,0,sobrecalentamiento
13,198,86.6,304.7,100.0,1881.0,0,sobrecalentamiento
13,199,87.9,303.5,98.2,2226.0,0,sobrecalentamiento
13,200,90.1,276.9,98.5,2184.0,0,sobrecalentamiento
13,201,85.0,286.3,100.0,2050.0,1,sobrecalentamiento
13,202,84.4,309.2,95.9,2064.0,0,sobrecalentamiento
13,203,92.5,289.3,100.0,2140.0,0,sobrecalentamiento
13,204,85.8,292.8,93.1,2142.0,0,sobrecalentamiento
13,205,89.1,301.3,98.0,2049.0,0,sobrecalentamiento
13,206,87.4,277.7,92.5,1971.0,0,sobrecalentamiento
13,207,87.5,281.6,93.0,2269.0,0,sobrecalentamiento
13,208,92.3,287.8,95.4,2176.0,0,sobrecalentamiento
13,209,87.7,303.0,89.9,2113.0,1,sobrecalentamiento
13,210,86.9,301.2,96.3,2114.0,0,sobrecalentamiento
13,211,87.2,298.2,93.8,2150.0,0,sobrecalentamiento
13,212,86.5,289.6,87.0,2159.0,0,sobrecalentamiento
13,213,86.0,302.3,93.2,1933.0,0,sobrecalentamiento
13,214,86.5,289.5,93.6,2072.0,1,sobrecalentamiento
13,215,93.0,296.8,98.4,2064.0,0,sobrecalentamiento
13,216,90.1,300.1,96.1,2087.0,0,sobrecalentamiento
13,217,87.0,308.0,100.0,2162.0,0,sobrecalentamiento
13,218,90.9,290.4,97.1,1957.0,0,sobrecalentamiento
13,219,83.2,287.4,92.8,1992.0,0,sobrecalentamiento
13,220,92.1,304.0,94.8,2045.0,0,sobrecalentamiento
13,221,91.9,304.7,93.6,2112.0,0,sobrecalentamiento
13,222,94.7,285.6,97.0,2167.0,0,sobrecalentamiento
13,223,91.0,279.9,95.2,2231.0,0,sobrecalentamiento
13,224,89.3,303.2,92.5,2077.0,1,sobrecalentamiento
13,225,91.9,274.6,95.0,2166.0,0,sobrecalentamiento
13,226,86.1,274.1,96.8,2157.0,1,sobrecalentamiento
13,227,86.8,288.3,91.0,2143.0,0,sobrecalentamiento
13,228,87.8,291.0,96.3,2098.0,0,sobrecalentamiento
13,229,92.1,279.4,88.7,2068.0,0,sobrecalentamiento
13,230,85.4,292.2,99.4,2015.0,0,sobrecalentamiento
13,231,85.1,292.7,97.1,2009.0,0,sobrecalentamiento
13,232,88.7,285.2,100.0,2128.0,0,sobrecalentamiento
13,233,90.2,310.3,90.5,2096.0,0,sobrecalentamiento
13,234,85.9,294.3,99.5,2067.0,0,sobrecalentamiento
13,235,90.0,301.3,98.7,2153.0,0,sobrecalentamiento
13,236,92.1,275.4,94.3,2084.0,0,sobrecalentamiento
13,237,91.6,275.4,93.5,2027.0,0,sobrecalentamiento
13,238,89.1,294.6,90.7,2079.0,0,sobrecalentamiento
13,239,87.7,308.5,89.6,2166.0,0,sobrecalentamiento
13,240,93.2,279.9,92.0,2018.0,0,sobrecalentamiento
13,241,88.0,291.4,90.0,2117.0,0,sobrecalentamiento
13,242,90.8,277.6,100.0,2096.0,0,sobrecalentamiento
13,243,93.9,282.8,89.0,2039.0,1,sobrecalentamiento
13,244,90.5,291.9,95.6,2077.0,0,sobrecalentamiento
13,245,85.0,285.1,96.7,1974.0,0,sobrecalentamiento
13,246,84.3,276.9,96.4,2109.0,0,sobrecalentamiento
13,247,87.1,276.7,96.8,1991.0,0,sobrecalentamiento
13,248,90.1,271.1,98.8,2186.0,0,sobrecalentamiento
13,249,89.3,294.8,93.2,2093.0,0,sobrecalentamiento
13,250,94.6,296.0,95.4,2054.0,0,sobrecalentamiento
13,251,89.3,295.9,93.8,2193.0,0,sobrecalentamiento
13,252,87.0,280.9,100.0,2017.0,0,sobrecalentamiento
13,253,84.6,300.1,100.0,2040.0,1,sobrecalentamiento
13,254,91.5,297.1,90.2,1954.0,1,sobrecalentamiento
13,255,88.0,290.1,86.9,2205.0,0,sobrecalentamiento
13,256,83.5,288.4,97.3,2250.0,0,sobrecalentamiento
13,257,88.1,283.5,99.3,1966.0,0,sobrecalentamiento
13,258,85.0,291.9,100.0,2035.0,0,sobrecalentamiento
13,259,86.7,306.2,98.0,2106.0,0,sobrecalentamiento
13,260,88.0,301.4,100.0,2059.0,1,sobrecalentamiento
13,261,85.3,287.4,100.0,2097.0,0,sobrecalentamiento
13,262,86.5,295.4,100.0,2091.0,0,sobrecalentamiento
13,263,85.8,279.0,98.5,2133.0,0,sobrecalentamiento
13,264,85.8,297.3,89.9,2023.0,0,sobrecalentamiento
13,265,85.0,281.7,95.0,2115.0,0,sobrecalentamiento
13,266,86.6,296.9,96.2,2011.0,0,sobrecalentamiento
13,267,85.3,319.7,94.6,2067.0,0,sobrecalentamiento
13,268,89.8,284.3,94.8,1961.0,0,sobrecalentamiento
13,269,88.6,319.2,100.0,2068.0,0,sobrecalentamiento
13,270,91.6,294.9,92.0,2054.0,0,sobrecalentamiento
13,271,93.7,282.5,98.2,2175.0,0,sobrecalentamiento
13,272,90.0,282.0,96.3,2095.0,0,sobrecalentamiento
13,273,89.3,313.6,91.6,2110.0,0,sobrecalentamiento
13,274,90.2,294.9,90.7,2098.0,0,sobrecalentamiento
13,275,89.4,284.3,88.2,1930.0,1,sobrecalentamiento
13,276,88.2,288.0,96.9,1940.0,0,sobrecalentamiento
13,277,87.9,294.3,94.7,2075.0,0,sobrecalentamiento
13,278,84.9,289.9,91.7,2122.0,0,sobrecalentamiento
13,279,90.5,293.5,87.5,2081.0,0,sobrecalentamiento
13,280,87.9,307.7,96.7,2031.0,1,sobrecalentamiento
13,281,92.3,278.7,94.3,2081.0,0,sobrecalentamiento
13,282,90.7,296.4,92.1,2074.0,0,sobrecalentamiento
13,283,86.1,289.3,91.1,2162.0,0,sobrecalentamiento
13,284,91.7,285.0,94.0,2158.0,0,sobrecalentamiento
13,285,80.3,300.7,96.9,2056.0,0,sobrecalentamiento
13,286,93.8,275.4,93.7,2096.0,0,sobrecalentamiento
13,287,84.0,266.3,90.2,2122.0,0,sobrecalentamiento
13,288,89.5,292.2,94.8,2134.0,0,sobrecalentamiento
13,289,89.3,288.6,99.2,2232.0,0,sobrecalentamiento
13,290,91.4,276.5,95.2,2098.0,0,sobrecalentamiento
13,291,87.0,272.9,95.3,2193.0,0,sobrecalentamiento
13,292,81.6,309.3,93.7,2007.0,0,sobrecalentamiento
13,293,87.0,294.6,91.4,2049.0,0,sobrecalentamiento
13,294,87.3,290.2,91.3,1929.0,0,sobrecalentamiento
13,295,81.9,312.0,88.4,2112.0,0,sobrecalentamiento
13,296,88.1,300.2,99.7,2152.0,0,sobrecalentamiento
13,297,84.8,307.7,96.8,1896.0,0,sobrecalentamiento
13,298,89.9,278.2,95.3,2115.0,0,sobrecalentamiento
13,299,87.3,277.8,96.2,2148.0,0,sobrecalentamiento
14,0,88.3,286.5,93.9,2193.0,0,sobrecalentamiento
14,1,87.5,300.7,100.0,2097.0,0,sobrecalentamiento
14,2,89.1,299.9,97.4,2121.0,0,sobrecalentamiento
14,3,91.2,273.6,90.4,1975.0,0,sobrecalentamiento
14,4,92.6,276.0,88.9,2058.0,0,sobrecalentamiento
14,5,88.1,310.3,96.6,2129.0,0,sobrecalentamiento
14,6,85.6,299.3,93.4,2173.0,1,sobrecalentamiento
14,7,92.6,277.4,100.0,2175.0,0,sobrecalentamiento
14,8,84.8,274.3,96.1,1974.0,1,sobrecalentamiento
14,9,93.4,292.1,87.1,1982.0,0,sobrecalentamiento
14,10,92.0,278.6,90.9,2147.0,0,sobrecalentamiento
14,11,92.5,286.8,92.3,2040.0,0,sobrecalentamiento
14,12,90.1,289.5,96.8,2172.0,0,sobrecalentamiento
14,13,81.7,289.1,90.8,1970.0,0,sobrecalentamiento
14,14,84.9,301.3,95.6,2092.0,0,sobrecalentamiento
14,15,88.9,308.3,89.7,2097.0,1,sobrecalentamiento
14,16,86.0,285.2,95.0,2138.0,0,sobrecalentamiento
14,17,87.1,278.7,96.5,2018.0,0,sobrecalentamiento
14,18,89.8,293.9,100.0,1943.0,0,sobrecalentamiento
14,19,87.5,306.3,96.0,2114.0,0,sobrecalentamiento
14,20,84.3,286.0,91.7,2142.0,0,sobrecalentamiento
14,21,90.7,298.5,100.0,2181.0,0,sobrecalentamiento
14,22,89.5,281.6,94.3,2071.0,0,sobrecalentamiento
14,23,87.3,290.2,98.1,2162.0,1,sobrecalentamiento
14,24,90.1,278.4,92.5,2139.0,0,sobrecalentamiento
14,25,88.3,290.1,95.4,2206.0,0,sobrecalentamiento
14,26,92.0,288.8,91.8,2096.0,0,sobrecalentamiento
14,27,88.5,296.1,96.3,1962.0,0,sobrecalentamiento
14,28,92.0,307.8,98.2,2095.0,0,sobrecalentamiento
14,29,82.4,286.1,93.0,2107.0,0,sobrecalentamiento
14,30,89.4,270.0,92.8,2141.0,0,sobrecalentamiento
14,31,86.8,288.0,96.4,1977.0,0,sobrecalentamiento
14,32,85.4,293.0,91.7,2075.0,0,sobrecalentamiento
14,33,91.5,292.0,88.9,2169.0,1,sobrecalentamiento
14,34,90.7,288.4,96.4,2092.0,0,sobrecalentamiento
14,35,82.0,304.9,94.6,2076.0,0,sobrecalentamiento
14,36,90.1,291.4,94.5,2253.0,0,sobrecalentamiento
14,37,89.8,289.0,97.1,2014.0,0,sobrecalentamiento
14,38,85.8,282.2,97.6,2199.0,0,sobrecalentamiento
14,39,85.5,272.5,94.4,2182.0,0,sobrecalentamiento
14,40,83.2,293.3,90.5,2082.0,0,sobrecalentamiento
14,41,87.0,292.5,92.4,2097.0,0,sobrecalentamiento
14,42,87.5,279.4,97.3,2097.0,0,sobrecalentamiento
14,43,90.4,289.6,95.5,2115.0,0,sobrecalentamiento
14,44,88.8,288.6,92.8,2052.0,0,sobrecalentamiento
14,45,84.8,283.8,91.9,2066.0,0,sobrecalentamiento
14,46,88.7,282.1,97.5,2072.0,0,sobrecalentamiento
14,47,87.2,294.1,94.1,2074.0,0,sobrecalentamiento
14,48,85.2,287.7,98.0,2075.0,0,sobrecalentamiento
14,49,83.2,284.1,98.5,1921.0,0,sobrecalentamiento
14,50,89.9,281.4,93.7,2108.0,0,sobrecalentamiento
14,51,89.3,288.7,98.8,2058.0,0,sobrecalentamiento
14,52,89.7,299.2,95.6,1951.0,0,sobrecalentamiento
14,53,85.8,292.1,96.1,2072.0,0,sobrecalentamiento
14,54,88.5,287.6,86.2,2070.0,0,sobrecalentamiento
14,55,83.9,293.1,91.1,2202.0,0,sobrecalentamiento
14,56,85.0,303.6,91.3,2057.0,0,sobrecalentamiento
14,57,88.1,294.9,93.7,2153.0,0,sobrecalentamiento
14,58,88.8,292.6,95.5,2211.0,1,sobrecalentamiento
14,59,83.1,296.4,95.6,2050.0,0,sobrecalentamiento
14,60,84.8,288.4,96.1,2096.0,0,sobrecalentamiento
14,61,86.9,291.8,92.3,2238.0,0,sobrecalentamiento
14,62,90.9,285.1,97.8,2118.0,0,sobrecalentamiento
14,63,85.6,274.5,100.0,2130.0,0,sobrecalentamiento
14,64,88.4,293.4,93.6,2067.0,0,sobrecalentamiento
14,65,88.7,293.5,92.3,2155.0,0,sobrecalentamiento
14,66,87.3,287.1,92.3,2097.0,0,sobrecalentamiento
14,67,88.8,300.4,95.3,1953.0,1,sobrecalentamiento
14,68,84.0,282.8,92.9,2072.0,0,sobrecalentamiento
14,69,86.0,272.3,88.1,2005.0,0,sobrecalentamiento
14,70,92.3,283.0,89.2,2109.0,0,sobrecalentamiento
14,71,92.5,274.6,99.1,2027.0,0,sobrecalentamiento
14,72,90.5,293.4,100.0,2138.0,0,sobrecalentamiento
14,73,91.3,282.5,100.0,2104.0,0,sobrecalentamiento
14,74,82.5,299.8,95.9,2000.0,1,sobrecalentamiento
14,75,85.2,299.6,91.0,2061.0,0,sobrecalentamiento
14,76,87.1,280.8,93.2,2150.0,1,sobrecalentamiento
14,77,95.2,281.9,89.0,2192.0,0,sobrecalentamiento
14,78,87.1,295.3,88.9,2028.0,0,sobrecalentamiento
14,79,90.2,299.8,96.0,2012.0,0,sobrecalentamiento
14,80,89.1,269.9,97.2,2256.0,0,sobrecalentamiento
14,81,89.1,292.8,100.0,2099.0,0,sobrecalentamiento
14,82,87.9,268.0,94.7,2107.0,0,sobrecalentamiento
14,83,84.4,284.5,89.6,2041.0,0,sobrecalentamiento
14,84,79.9,300.9,94.5,2117.0,0,sobrecalentamiento
14,85,91.8,320.1,93.9,2237.0,0,sobrecalentamiento
14,86,86.2,287.6,93.0,2120.0,0,sobrecalentamiento
14,87,82.4,277.5,96.4,2185.0,0,sobrecalentamiento
14,88,89.3,284.9,90.1,2102.0,0,sobrecalentamiento
14,89,89.3,290.7,95.5,2018.0,0,sobrecalentamiento
14,90,90.3,283.3,97.6,2045.0,0,sobrecalentamiento
14,91,91.3,280.8,100.0,2011.0,0,sobrecalentamiento
14,92,85.2,285.7,96.2,2117.0,0,sobrecalentamiento
14,93,85.4,294.0,99.2,2198.0,0,sobrecalentamiento
14,94,87.0,288.3,93.2,2113.0,0,sobrecalentamiento
14,95,90.5,281.2,93.8,2075.0,0,sobrecalentamiento
14,96,81.7,283.3,100.0,2037.0,0,sobrecalentamiento
14,97,88.4,285.9,89.5,2128.0,0,sobrecalentamiento
14,98,90.8,280.0,93.4,2001.0,0,sobrecalentamiento
14,99,90.7,282.9,99.5,2009.0,0,sobrecalentamiento
14,100,90.1,296.4,94.2,2172.0,0,sobrecalentamiento
14,101,91.2,287.7,93.9,2078.0,0,sobrecalentamiento
14,102,79.8,272.5,93.9,2076.0,0,sobrecalentamiento
14,103,92.8,300.2,95.5,2086.0,0,sobrecalentamiento
14,104,89.0,294.2,99.3,2158.0,0,sobrecalentamiento
14,105,92.0,276.2,98.7,2113.0,0,sobrecalentamiento
14,106,84.5,286.3,95.0,2041.0,0,sobrecalentamiento
14,107,82.7,282.1,99.4,2043.0,1,sobrecalentamiento
14,108,93.4,296.8,96.4,2084.0,0,sobrecalentamiento
14,109,85.2,286.3,98.4,2124.0,1,sobrecalentamiento
14,110,87.1,289.3,90.9,2097.0,0,sobrecalentamiento
14,111,89.6,288.1,100.0,2090.0,0,sobrecalentamiento
14,112,90.3,275.2,95.9,2104.0,1,sobrecalentamiento
14,113,91.2,304.1,84.0,2097.0,0,sobrecalentamiento
14,114,88.7,296.6,100.0,2038.0,0,sobrecalentamiento
14,115,84.8,282.5,95.0,2189.0,0,sobrecalentamiento
14,116,90.1,291.9,93.4,2061.0,0,sobrecalentamiento
14,117,90.2,299.7,92.6,2110.0,0,sobrecalentamiento
14,118,82.6,290.6,96.8,1935.0,0,sobrecalentamiento
14,119,92.3,305.6,91.4,2083.0,0,sobrecalentamiento
14,120,80.5,319.2,92.7,2012.0,0,sobrecalentamiento
14,121,91.1,288.7,92.8,2022.0,0,sobrecalentamiento
14,122,86.1,284.2,93.8,2294.0,0,sobrecalentamiento
14,123,90.1,280.1,92.9,2120.0,0,sobrecalentamiento
14,124,89.5,267.9,98.4,2198.0,0,sobrecalentamiento
14,125,87.9,302.5,96.1,2168.0,0,sobrecalentamiento
14,126,89.4,286.5,96.6,2179.0,0,sobrecalentamiento
14,127,87.7,298.8,97.4,2084.0,0,sobrecalentamiento
14,128,90.1,300.8,94.6,2229.0,0,sobrecalentamiento
14,129,94.6,279.2,90.9,2168.0,0,sobrecalentamiento
14,130,84.0,280.7,100.0,2103.0,0,sobrecalentamiento
14,131,78.4,307.4,98.7,2121.0,0,sobrecalentamiento
14,132,86.8,289.3,100.0,2089.0,0,sobrecalentamiento
14,133,86.5,283.4,99.1,2104.0,0,sobrecalentamiento
14,134,86.9,279.5,93.2,2097.0,0,sobrecalentamiento
14,135,85.2,288.6,85.6,2131.0,0,sobrecalentamiento
14,136,90.6,305.1,90.1,2239.0,0,sobrecalentamiento
14,137,83.9,296.9,97.5,2004.0,0,sobrecalentamiento
14,138,89.4,291.8,94.6,2191.0,0,sobrecalentamiento
14,139,89.9,305.9,93.3,2071.0,0,sobrecalentamiento
14,140,88.9,304.0,85.0,2202.0,0,sobrecalentamiento
14,141,89.5,293.3,94.9,2073.0,0,sobrecalentamiento
14,142,90.8,317.8,90.7,2133.0,0,sobrecalentamiento
14,143,88.2,287.5,92.1,2087.0,0,sobrecalentamiento
14,144,87.0,301.0,98.4,1962.0,0,sobrecalentamiento
14,145,89.5,286.1,90.9,2239.0,0,sobrecalentamiento
14,146,89.8,299.0,91.3,2025.0,0,sobrecalentamiento
14,147,90.7,287.5,95.7,2107.0,0,sobrecalentamiento
14,148,82.9,294.6,98.5,2016.0,0,sobrecalentamiento
14,149,87.4,313.9,93.4,1993.0,0,sobrecalentamiento
14,150,84.8,299.5,100.0,2084.0,1,sobrecalentamiento
14,151,89.7,294.8,89.9,2053.0,0,sobrecalentamiento
14,152,90.2,282.3,89.2,2006.0,0,sobrecalentamiento
14,153,87.2,291.9,88.8,2097.0,0,sobrecalentamiento
14,154,85.8,279.9,88.4,1981.0,0,sobrecalentamiento
14,155,89.8,298.9,96.3,2110.0,0,sobrecalentamiento
14,156,87.6,298.6,91.1,2090.0,0,sobrecalentamiento
14,157,92.3,288.2,89.4,1902.0,0,sobrecalentamiento
14,158,93.3,306.6,96.5,2058.0,0,sobrecalentamiento
14,159,91.0,305.2,98.3,2137.0,0,sobrecalentamiento
14,160,88.7,291.5,99.2,2015.0,0,sobrecalentamiento
14,161,93.5,295.7,98.5,2141.0,0,sobrecalentamiento
14,162,88.7,284.1,91.3,2135.0,0,sobrecalentamiento
14,163,86.6,287.3,96.1,2019.0,0,sobrecalentamiento
14,164,86.0,279.2,97.0,2099.0,1,sobrecalentamiento
14,165,85.9,285.2,93.1,2166.0,0,sobrecalentamiento
14,166,88.0,289.0,95.7,2030.0,0,sobrecalentamiento
14,167,89.4,273.4,90.0,2084.0,0,sobrecalentamiento
14,168,83.8,295.8,92.5,2192.0,0,sobrecalentamiento
14,169,86.7,300.2,96.5,2031.0,1,sobrecalentamiento
14,170,88.6,289.9,100.0,2137.0,0,sobrecalentamiento
14,171,89.9,263.0,99.6,2014.0,0,sobrecalentamiento
14,172,87.9,287.5,97.6,2087.0,1,sobrecalentamiento
14,173,88.7,276.1,95.3,2136.0,0,sobrecalentamiento
14,174,84.3,283.9,94.7,1908.0,0,sobrecalentamiento
14,175,85.3,304.5,89.2,2057.0,0,sobrecalentamiento
14,176,87.8,265.7,91.7,2134.0,0,sobrecalentamiento
14,177,89.5,281.8,91.8,2118.0,0,sobrecalentamiento
14,178,88.7,298.3,97.3,2058.0,0,sobrecalentamiento
14,179,85.5,283.0,98.8,2012.0,0,sobrecalentamiento
14,180,87.3,282.2,97.9,2150.0,0,sobrecalentamiento
14,181,92.5,310.3,99.7,2074.0,0,sobrecalentamiento
14,182,89.6,293.8,95.3,2144.0,0,sobrecalentamiento
14,183,87.5,299.3,91.1,2130.0,0,sobrecalentamiento
14,184,84.9,294.9,94.8,2064.0,0,sobrecalentamiento
14,185,85.9,291.6,92.1,2186.0,0,sobrecalentamiento
14,186,88.0,302.6,97.6,2052.0,0,sobrecalentamiento
14,187,88.8,309.1,93.6,2195.0,0,sobrecalentamiento
14,188,89.7,273.2,94.6,2206.0,0,sobrecalentamiento
14,189,89.2,289.6,97.8,2184.0,0,sobrecalentamiento
14,190,86.9,289.6,92.0,2086.0,0,sobrecalentamiento
14,191,86.5,285.7,98.9,2304.0,0,sobrecalentamiento
14,192,94.1,299.8,89.6,2112.0,1,sobrecalentamiento
14,193,86.3,292.6,96.2,2119.0,0,sobrecalentamiento
14,194,84.1,309.3,94.6,2098.0,0,sobrecalentamiento
14,195,83.1,301.0,98.3,2010.0,1,sobrecalentamiento
14,196,86.9,303.6,89.5,2204.0,0,sobrecalentamiento
14,197,90.8,278.0,88.9,2054.0,0,sobrecalentamiento
14,198,86.3,281.9,98.0,2174.0,0,sobrecalentamiento
14,199,92.4,282.8,93.4,2193.0,0,sobrecalentamiento
14,200,88.0,303.2,94.6,2148.0,0,sobrecalentamiento
14,201,91.3,280.3,92.4,2045.0,0,sobrecalentamiento
14,202,85.7,280.6,98.7,2073.0,0,sobrecalentamiento
14,203,85.8,278.8,96.2,1886.0,0,sobrecalentamiento
14,204,88.3,317.5,96.0,2091.0,0,sobrecalentamiento
14,205,89.4,288.6,90.3,2164.0,0,sobrecalentamiento
14,206,87.5,295.3,97.0,2081.0,0,sobrecalentamiento
14,207,88.9,278.6,91.0,2053.0,0,sobrecalentamiento
14,208,89.8,299.6,92.4,2076.0,0,sobrecalentamiento
14,209,83.7,272.3,89.5,2197.0,0,sobrecalentamiento
14,210,87.0,280.2,94.4,2096.0,0,sobrecalentamiento
14,211,86.4,282.7,99.3,2249.0,0,sobrecalentamiento
14,212,86.6,292.2,95.9,2054.0,0,sobrecalentamiento
14,213,89.2,282.1,93.2,2117.0,0,sobrecalentamiento
14,214,86.5,305.2,95.4,2065.0,0,sobrecalentamiento
14,215,82.0,295.0,95.4,2266.0,1,sobrecalentamiento
14,216,87.3,283.1,95.3,2114.0,0,sobrecalentamiento
14,217,84.8,300.0,95.7,2270.0,0,sobrecalentamiento
14,218,89.5,286.1,90.8,2066.0,0,sobrecalentamiento
14,219,90.4,284.1,95.4,2222.0,0,sobrecalentamiento
14,220,81.5,299.0,88.0,2109.0,1,sobrecalentamiento
14,221,85.7,265.5,97.3,2167.0,0,sobrecalentamiento
14,222,89.1,297.3,90.6,2002.0,0,sobrecalentamiento
14,223,83.8,282.9,99.7,2128.0,0,sobrecalentamiento
14,224,90.3,282.9,85.2,2014.0,0,sobrecalentamiento
14,225,91.1,309.6,100.0,2121.0,0,sobrecalentamiento
14,226,87.5,284.7,88.4,1979.0,0,sobrecalentamiento
14,227,85.7,299.6,90.2,2092.0,0,sobrecalentamiento
14,228,81.1,292.8,96.2,2188.0,1,sobrecalentamiento
14,229,90.4,293.8,97.5,2144.0,0,sobrecalentamiento
14,230,94.0,287.5,93.9,2001.0,0,sobrecalentamiento
14,231,93.4,287.0,98.6,1948.0,0,sobrecalentamiento
14,232,87.4,305.3,91.8,2140.0,0,sobrecalentamiento
14,233,84.7,299.3,93.4,2226.0,1,sobrecalentamiento
14,234,90.5,285.0,93.8,2023.0,0,sobrecalentamiento
14,235,87.6,279.5,92.8,2268.0,0,sobrecalentamiento
14,236,89.4,284.2,87.3,2099.0,0,sobrecalentamiento
14,237,88.9,299.8,94.9,1943.0,0,sobrecalentamiento
14,238,88.3,301.8,94.5,1975.0,0,sobrecalentamiento
14,239,91.1,295.5,99.3,2162.0,0,sobrecalentamiento
14,240,91.2,273.8,89.9,2110.0,0,sobrecalentamiento
14,241,86.4,297.5,92.4,2219.0,0,sobrecalentamiento
14,242,85.2,303.0,99.8,2004.0,0,sobrecalentamiento
14,243,80.5,291.7,96.2,2109.0,0,sobrecalentamiento
14,244,87.0,309.8,97.2,2101.0,0,sobrecalentamiento
14,245,84.7,276.8,96.8,2089.0,0,sobrecalentamiento
14,246,89.3,296.8,96.8,2069.0,0,sobrecalentamiento
14,247,87.0,279.8,100.0,2071.0,0,sobrecalentamiento
14,248,87.3,300.6,95.4,2114.0,0,sobrecalentamiento
14,249,90.4,296.1,91.0,2124.0,0,sobrecalentamiento
14,250,89.2,308.0,97.6,2120.0,0,sobrecalentamiento
14,251,87.6,295.0,92.7,2196.0,0,sobrecalentamiento
14,252,93.1,286.0,94.6,2004.0,1,sobrecalentamiento
14,253,90.2,285.1,96.5,1955.0,0,sobrecalentamiento
14,254,86.8,287.5,91.7,2181.0,0,sobrecalentamiento
14,255,86.9,284.9,93.0,2025.0,1,sobrecalentamiento
14,256,90.4,303.5,96.9,2070.0,1,sobrecalentamiento
14,257,88.6,302.8,92.8,2051.0,0,sobrecalentamiento
14,258,84.6,275.0,98.9,2049.0,0,sobrecalentamiento
14,259,90.7,290.4,91.1,1983.0,0,sobrecalentamiento
14,260,91.8,290.6,91.0,2054.0,0,sobrecalentamiento
14,261,91.5,282.2,100.0,2152.0,0,sobrecalentamiento
14,262,92.6,294.4,88.9,2100.0,0,sobrecalentamiento
14,263,94.2,304.6,94.9,2140.0,0,sobrecalentamiento
14,264,93.2,298.9,100.0,2060.0,1,sobrecalentamiento
14,265,89.0,303.5,94.9,2172.0,0,sobrecalentamiento
14,266,87.4,282.8,100.0,2059.0,0,sobrecalentamiento
14,267,82.5,290.4,97.6,1931.0,0,sobrecalentamiento
14,268,88.0,282.3,95.0,2125.0,0,sobrecalentamiento
14,269,89.6,292.4,94.5,2161.0,0,sobrecalentamiento
14,270,88.1,293.3,86.5,2055.0,0,sobrecalentamiento
14,271,82.3,299.6,93.7,2196.0,0,sobrecalentamiento
14,272,87.1,303.1,95.9,2032.0,0,sobrecalentamiento
14,273,89.9,296.9,95.9,2154.0,0,sobrecalentamiento
14,274,84.9,281.4,100.0,2240.0,0,sobrecalentamiento
14,275,88.5,276.5,96.1,2103.0,0,sobrecalentamiento
14,276,89.3,295.2,97.5,2082.0,0,sobrecalentamiento
14,277,91.4,305.0,99.7,2092.0,0,sobrecalentamiento
14,278,93.1,289.8,97.2,2230.0,0,sobrecalentamiento
14,279,86.9,274.7,94.7,2132.0,0,sobrecalentamiento
14,280,88.6,310.8,94.7,2272.0,0,sobrecalentamiento
14,281,88.6,294.9,93.6,2122.0,0,sobrecalentamiento
14,282,89.9,291.7,96.8,2048.0,0,sobrecalentamiento
14,283,89.6,278.3,94.3,2053.0,0,sobrecalentamiento
14,284,92.3,290.2,97.5,2105.0,0,sobrecalentamiento
14,285,81.0,296.9,91.0,1937.0,0,sobrecalentamiento
14,286,89.3,295.0,95.6,2062.0,0,sobrecalentamiento
14,287,89.5,283.2,100.0,2064.0,0,sobrecalentamiento
14,288,87.3,289.4,94.1,2119.0,0,sobrecalentamiento
14,289,81.2,283.8,100.0,2255.0,0,sobrecalentamiento
14,290,87.8,306.6,95.7,2104.0,0,sobrecalentamiento
14,291,85.9,298.9,94.8,1946.0,0,sobrecalentamiento
14,292,93.0,284.8,95.5,2027.0,1,sobrecalentamiento
14,293,89.1,278.3,93.8,2121.0,0,sobrecalentamiento
14,294,85.6,292.8,87.1,2107.0,0,sobrecalentamiento
14,295,81.8,285.1,98.5,2230.0,0,sobrecalentamiento
14,296,89.8,285.8,100.0,2177.0,1,sobrecalentamiento
14,297,90.1,278.6,96.9,2174.0,0,sobrecalentamiento
14,298,87.4,279.9,97.2,2083.0,0,sobrecalentamiento
14,299,89.8,291.6,94.3,2188.0,0,sobrecalentamiento
15,0,84.8,293.9,92.8,2083.0,0,sobrecalentamiento
15,1,90.3,281.3,89.8,2136.0,0,sobrecalentamiento
15,2,89.4,296.3,100.0,2213.0,0,sobrecalentamiento
15,3,88.2,288.0,100.0,2024.0,0,sobrecalentamiento
15,4,86.3,287.5,87.3,2261.0,0,sobrecalentamiento
15,5,92.0,290.5,96.2,2038.0,0,sobrecalentamiento
15,6,87.9,278.6,96.1,2172.0,0,sobrecalentamiento
15,7,83.3,281.7,95.8,2101.0,0,sobrecalentamiento
15,8,91.7,287.4,92.6,2096.0,0,sobrecalentamiento
15,9,88.7,278.6,99.1,1996.0,0,sobrecalentamiento
15,10,91.3,297.1,96.6,2173.0,1,sobrecalentamiento
15,11,89.7,286.9,99.1,1997.0,1,sobrecalentamiento
15,12,95.2,275.5,92.0,1985.0,0,sobrecalentamiento
15,13,87.1,284.4,89.5,2193.0,0,sobrecalentamiento
15,14,88.0,291.0,96.7,2243.0,0,sobrecalentamiento
15,15,90.2,285.5,91.1,2047.0,0,sobrecalentamiento
15,16,87.1,294.0,99.2,2180.0,0,sobrecalentamiento
15,17,90.4,295.7,86.5,2164.0,0,sobrecalentamiento
15,18,79.2,314.0,93.1,2093.0,0,sobrecalentamiento
15,19,87.8,301.5,92.5,2207.0,0,sobrecalentamiento
15,20,87.7,273.6,93.7,2087.0,0,sobrecalentamiento
15,21,87.6,286.4,96.0,2141.0,0,sobrecalentamiento
15,22,85.4,287.3,96.6,2000.0,1,sobrecalentamiento
15,23,90.7,295.8,97.6,2003.0,0,sobrecalentamiento
15,24,86.5,280.7,98.0,2194.0,0,sobrecalentamiento
15,25,88.6,284.7,94.3,2144.0,0,sobrecalentamiento
15,26,87.9,277.6,100.0,2089.0,0,sobrecalentamiento
15,27,89.5,284.0,100.0,2253.0,0,sobrecalentamiento
15,28,92.3,284.4,93.8,2252.0,0,sobrecalentamiento
15,29,88.6,286.9,94.5,2135.0,0,sobrecalentamiento
15,30,90.5,278.1,93.7,1984.0,0,sobrecalentamiento
15,31,88.4,299.8,96.5,2091.0,0,sobrecalentamiento
15,32,86.5,294.7,91.1,2033.0,0,sobrecalentamiento
15,33,87.6,275.5,91.8,2107.0,0,sobrecalentamiento
15,34,87.1,290.3,86.3,2025.0,0,sobrecalentamiento
15,35,89.7,274.3,93.4,2004.0,0,sobrecalentamiento
15,36,88.3,303.4,99.3,1919.0,0,sobrecalentamiento
15,37,85.6,306.1,94.4,2113.0,0,sobrecalentamiento
15,38,87.3,289.4,94.6,1916.0,0,sobrecalentamiento
15,39,83.4,281.5,96.1,2074.0,0,sobrecalentamiento
15,40,87.4,283.4,91.0,2156.0,0,sobrecalentamiento
15,41,88.0,285.5,95.1,2042.0,0,sobrecalentamiento
15,42,93.4,288.9,98.6,2013.0,0,sobrecalentamiento
15,43,92.0,303.7,96.2,2095.0,0,sobrecalentamiento
15,44,84.9,299.6,98.9,2034.0,0,sobrecalentamiento
15,45,88.6,299.7,100.0,2115.0,0,sobrecalentamiento
15,46,88.7,291.7,97.7,2017.0,1,sobrecalentamiento
15,47,87.3,278.5,92.1,2092.0,0,sobrecalentamiento
15,48,87.5,282.3,93.6,2072.0,0,sobrecalentamiento
15,49,86.9,290.6,100.0,2099.0,0,sobrecalentamiento
15,50,93.6,278.0,96.3,2231.0,0,sobrecalentamiento
15,51,86.8,293.0,95.7,2116.0,0,sobrecalentamiento
15,52,89.0,298.1,91.6,2140.0,1,sobrecalentamiento
15,53,80.4,295.5,94.6,2050.0,0,sobrecalentamiento
15,54,90.5,295.1,97.9,2118.0,0,sobrecalentamiento
15,55,91.6,271.3,95.1,2078.0,0,sobrecalentamiento
15,56,84.8,303.3,92.9,2102.0,0,sobrecalentamiento
15,57,86.5,274.3,93.9,2152.0,0,sobrecalentamiento
15,58,89.4,288.5,99.8,2060.0,0,sobrecalentamiento
15,59,88.1,296.2,97.7,2068.0,0,sobrecalentamiento
15,60,89.4,293.6,97.1,2061.0,0,sobrecalentamiento
15,61,87.1,277.2,96.8,2060.0,0,sobrecalentamiento
15,62,93.6,279.0,90.3,2114.0,0,sobrecalentamiento
15,63,86.0,292.9,96.1,2071.0,0,sobrecalentamiento
15,64,96.1,295.1,99.3,2220.0,0,sobrecalentamiento
15,65,91.7,278.9,94.0,2314.0,0,sobrecalentamiento
15,66,90.5,293.9,98.9,2055.0,0,sobrecalentamiento
15,67,84.9,274.8,97.2,2124.0,1,sobrecalentamiento
15,68,90.7,296.2,98.3,2183.0,0,sobrecalentamiento
15,69,89.8,281.2,95.2,2079.0,0,sobrecalentamiento
15,70,81.6,290.8,98.5,2020.0,0,sobrecalentamiento
15,71,83.8,289.1,89.1,2239.0,1,sobrecalentamiento
15,72,89.1,301.6,95.1,2155.0,0,sobrecalentamiento
15,73,87.6,292.4,97.9,2125.0,0,sobrecalentamiento
15,74,86.5,284.0,96.2,2216.0,0,sobrecalentamiento
15,75,91.2,293.6,99.4,2162.0,0,sobrecalentamiento
15,76,85.3,311.4,94.4,2096.0,0,sobrecalentamiento
15,77,86.6,297.4,92.8,2022.0,1,sobrecalentamiento
15,78,86.1,289.4,88.4,2061.0,0,sobrecalentamiento
15,79,89.5,281.7,93.9,2196.0,0,sobrecalentamiento
15,80,82.8,283.8,97.1,2155.0,0,sobrecalentamiento
15,81,86.5,296.8,98.0,2085.0,0,sobrecalentamiento
15,82,82.8,281.1,89.4,2241.0,0,sobrecalentamiento
15,83,87.1,290.0,99.7,2087.0,1,sobrecalentamiento
15,84,90.2,304.4,91.1,2179.0,0,sobrecalentamiento
15,85,90.2,291.5,94.5,2118.0,0,sobrecalentamiento
15,86,85.8,279.2,92.7,2255.0,0,sobrecalentamiento
15,87,89.6,311.8,96.7,2160.0,0,sobrecalentamiento
15,88,87.4,307.6,95.4,2104.0,0,sobrecalentamiento
15,89,92.1,295.0,97.7,2086.0,0,sobrecalentamiento
15,90,87.6,302.8,100.0,2099.0,0,sobrecalentamiento
15,91,79.1,287.3,96.6,2042.0,0,sobrecalentamiento
15,92,90.7,297.2,92.7,1991.0,0,sobrecalentamiento
15,93,86.6,285.8,96.8,2125.0,0,sobrecalentamiento
15,94,87.2,276.4,100.0,2057.0,1,sobrecalentamiento
15,95,89.0,315.9,97.6,2057.0,1,sobrecalentamiento
15,96,83.7,275.9,98.8,2093.0,0,sobrecalentamiento
15,97,88.2,293.0,88.6,2104.0,0,sobrecalentamiento
15,98,89.6,292.9,96.5,2101.0,0,sobrecalentamiento
15,99,89.1,295.2,93.9,2239.0,0,sobrecalentamiento
15,100,86.2,289.1,92.3,2153.0,0,sobrecalentamiento
15,101,91.0,289.2,94.9,2269.0,0,sobrecalentamiento
15,102,85.0,291.4,95.4,2065.0,0,sobrecalentamiento
15,103,86.1,294.8,92.5,2163.0,0,sobrecalentamiento
15,104,87.6,290.0,95.8,2069.0,0,sobrecalentamiento
15,105,88.9,289.3,94.3,2055.0,0,sobrecalentamiento
15,106,87.0,276.8,97.8,2272.0,0,sobrecalentamiento
15,107,91.7,310.1,95.9,2039.0,0,sobrecalentamiento
15,108,88.9,295.4,96.5,1921.0,0,sobrecalentamiento
15,109,88.2,292.1,98.9,2043.0,0,sobrecalentamiento
15,110,88.8,283.8,97.2,1939.0,0,sobrecalentamiento
15,111,90.2,280.0,95.0,2024.0,0,sobrecalentamiento
15,112,88.7,298.6,86.7,2031.0,1,sobrecalentamiento
15,113,82.6,288.4,97.1,2103.0,0,sobrecalentamiento
15,114,91.3,296.2,91.4,1936.0,0,sobrecalentamiento
15,115,88.4,276.5,94.7,2196.0,0,sobrecalentamiento
15,116,90.1,305.5,96.5,1950.0,0,sobrecalentamiento
15,117,86.8,299.0,100.0,2090.0,0,sobrecalentamiento
15,118,82.5,289.2,100.0,2074.0,0,sobrecalentamiento
15,119,81.2,294.7,91.3,2166.0,0,sobrecalentamiento
15,120,85.2,297.4,89.7,2128.0,0,sobrecalentamiento
15,121,89.6,276.6,96.3,2195.0,0,sobrecalentamiento
15,122,91.9,306.8,96.0,2071.0,0,sobrecalentamiento
15,123,88.9,294.8,90.2,2063.0,0,sobrecalentamiento
15,124,84.8,283.0,94.9,2133.0,1,sobrecalentamiento
15,125,85.6,279.0,97.4,2182.0,0,sobrecalentamiento
15,126,92.1,299.9,90.1,2166.0,0,sobrecalentamiento
15,127,84.1,292.1,91.0,2126.0,0,sobrecalentamiento
15,128,94.3,294.8,92.4,2119.0,0,sobrecalentamiento
15,129,93.6,290.3,94.2,2097.0,0,sobrecalentamiento
15,130,94.4,280.0,97.8,2133.0,0,sobrecalentamiento
15,131,89.1,295.1,93.7,2263.0,1,sobrecalentamiento
15,132,87.0,288.0,95.2,2081.0,0,sobrecalentamiento
15,133,89.1,289.8,100.0,2071.0,0,sobrecalentamiento
15,134,90.7,313.8,91.2,2065.0,0,sobrecalentamiento
15,135,86.0,298.7,92.4,2131.0,0,sobrecalentamiento
15,136,84.7,299.3,97.7,1930.0,0,sobrecalentamiento
15,137,87.1,317.2,99.0,2089.0,0,sobrecalentamiento
15,138,85.7,293.8,96.7,2170.0,0,sobrecalentamiento
15,139,91.7,291.2,100.0,2058.0,0,sobrecalentamiento
15,140,86.2,283.2,96.3,2115.0,0,sobrecalentamiento
15,141,88.3,285.5,87.1,2269.0,0,sobrecalentamiento
15,142,90.9,269.5,95.4,2127.0,0,sobrecalentamiento
15,143,91.8,297.9,92.7,1921.0,0,sobrecalentamiento
15,144,88.6,277.3,100.0,1987.0,0,sobrecalentamiento
15,145,89.2,299.0,98.9,2080.0,1,sobrecalentamiento
15,146,84.9,289.6,88.6,2036.0,1,sobrecalentamiento
15,147,91.1,291.3,100.0,2108.0,0,sobrecalentamiento
15,148,91.8,289.6,98.8,2076.0,0,sobrecalentamiento
15,149,82.4,303.9,93.7,2193.0,0,sobrecalentamiento
15,150,93.3,302.1,94.7,2013.0,0,sobrecalentamiento
15,151,85.9,289.7,100.0,2083.0,0,sobrecalentamiento
15,152,89.8,281.0,87.1,2117.0,0,sobrecalentamiento
15,153,88.2,299.2,96.8,2127.0,0,sobrecalentamiento
15,154,87.8,280.3,99.4,2112.0,0,sobrecalentamiento
15,155,87.4,274.5,94.6,1907.0,0,sobrecalentamiento
15,156,85.0,295.0,97.6,2107.0,1,sobrecalentamiento
15,157,89.6,302.2,95.4,2088.0,0,sobrecalentamiento
15,158,87.1,285.9,91.9,2169.0,0,sobrecalentamiento
15,159,84.1,294.0,91.8,2158.0,0,sobrecalentamiento
15,160,84.9,285.8,97.8,2119.0,0,sobrecalentamiento
15,161,84.1,297.2,92.5,2125.0,0,sobrecalentamiento
15,162,86.4,301.0,88.9,2208.0,1,sobrecalentamiento
15,163,89.5,287.4,95.5,2192.0,0,sobrecalentamiento
15,164,85.9,279.7,92.9,2122.0,0,sobrecalentamiento
15,165,90.9,275.4,90.2,2272.0,0,sobrecalentamiento
15,166,87.6,299.3,95.3,2050.0,0,sobrecalentamiento
15,167,87.1,278.6,98.1,2005.0,0,sobrecalentamiento
15,168,88.1,293.7,95.1,2099.0,0,sobrecalentamiento
15,169,92.2,297.8,90.7,2070.0,0,sobrecalentamiento
15,170,83.9,285.0,96.9,1903.0,0,sobrecalentamiento
15,171,93.0,288.3,99.1,2048.0,1,sobrecalentamiento
15,172,90.9,300.0,100.0,2127.0,0,sobrecalentamiento
15,173,87.9,281.9,100.0,2095.0,0,sobrecalentamiento
15,174,91.5,280.9,91.0,2038.0,0,sobrecalentamiento
15,175,87.0,287.7,98.4,2103.0,0,sobrecalentamiento
15,176,88.9,302.8,96.0,2110.0,0,sobrecalentamiento
15,177,86.4,306.1,90.4,2157.0,0,sobrecalentamiento
15,178,90.9,289.0,96.1,2049.0,0,sobrecalentamiento
15,179,85.9,282.9,100.0,2170.0,0,sobrecalentamiento
15,180,87.8,300.6,99.8,2013.0,0,sobrecalentamiento
15,181,90.0,273.3,90.9,2060.0,0,sobrecalentamiento
15,182,91.1,292.5,95.1,2236.0,0,sobrecalentamiento
15,183,85.5,289.6,97.0,2018.0,0,sobrecalentamiento
15,184,90.3,302.9,88.1,2047.0,0,sobrecalentamiento
15,185,85.1,304.0,88.2,2000.0,0,sobrecalentamiento
15,186,81.5,280.6,95.6,2034.0,1,sobrecalentamiento
15,187,85.8,291.7,95.7,2111.0,0,sobrecalentamiento
15,188,90.5,284.3,87.6,2157.0,1,sobrecalentamiento
15,189,88.0,287.1,96.6,2099.0,1,sobrecalentamiento
15,190,86.4,296.2,99.3,2074.0,0,sobrecalentamiento
15,191,88.2,286.7,94.1,2001.0,0,sobrecalentamiento
15,192,88.1,291.9,95.2,2042.0,1,sobrecalentamiento
15,193,89.9,299.6,97.3,1976.0,0,sobrecalentamiento
15,194,83.2,305.2,96.8,2159.0,0,sobrecalentamiento
15,195,87.7,292.9,88.3,2164.0,0,sobrecalentamiento
15,196,88.4,291.2,91.4,2097.0,0,sobrecalentamiento
15,197,83.9,278.9,93.4,2135.0,0,sobrecalentamiento
15,198,83.9,305.9,91.6,2170.0,0,sobrecalentamiento
15,199,86.9,295.0,100.0,2108.0,0,sobrecalentamiento
15,200,88.0,291.4,97.5,2211.0,0,sobrecalentamiento
15,201,88.0,290.9,90.6,2018.0,0,sobrecalentamiento
15,202,86.3,293.6,94.1,2072.0,0,sobrecalentamiento
15,203,86.2,297.7,99.5,2063.0,0,sobrecalentamiento
15,204,86.8,299.0,92.4,2152.0,0,sobrecalentamiento
15,205,88.9,306.1,98.4,1985.0,1,sobrecalentamiento
15,206,91.7,292.4,100.0,2216.0,0,sobrecalentamiento
15,207,81.3,307.5,99.9,2145.0,0,sobrecalentamiento
15,208,89.9,300.6,95.7,2240.0,0,sobrecalentamiento
15,209,87.7,289.4,100.0,2097.0,0,sobrecalentamiento
15,210,89.6,273.3,92.9,2056.0,0,sobrecalentamiento
15,211,91.6,290.9,100.0,2153.0,0,sobrecalentamiento
15,212,85.7,305.6,96.0,2182.0,0,sobrecalentamiento
15,213,90.8,282.2,99.6,2043.0,0,sobrecalentamiento
15,214,84.2,290.8,93.6,1940.0,0,sobrecalentamiento
15,215,88.4,291.7,97.0,1954.0,0,sobrecalentamiento
15,216,87.3,299.4,97.2,2121.0,0,sobrecalentamiento
15,217,88.1,286.1,91.3,2223.0,1,sobrecalentamiento
15,218,85.0,281.3,91.2,1996.0,0,sobrecalentamiento
15,219,89.3,295.7,94.2,2078.0,0,sobrecalentamiento
15,220,92.8,282.6,99.4,2072.0,0,sobrecalentamiento
15,221,85.1,271.6,87.7,2254.0,0,sobrecalentamiento
15,222,88.6,308.4,93.5,2281.0,0,sobrecalentamiento
15,223,90.6,299.3,100.0,2134.0,0,sobrecalentamiento
15,224,87.1,308.8,90.1,2172.0,0,sobrecalentamiento
15,225,92.1,298.7,100.0,2170.0,0,sobrecalentamiento
15,226,86.7,296.8,90.5,1998.0,0,sobrecalentamiento
15,227,87.7,293.7,91.3,2156.0,0,sobrecalentamiento
15,228,85.0,288.1,94.4,2018.0,0,sobrecalentamiento
15,229,88.4,295.1,100.0,2086.0,0,sobrecalentamiento
15,230,88.0,284.5,92.4,2191.0,0,sobrecalentamiento
15,231,89.9,279.3,88.1,2106.0,0,sobrecalentamiento
15,232,86.1,286.7,89.4,2188.0,0,sobrecalentamiento
15,233,86.0,302.9,98.7,2204.0,0,sobrecalentamiento
15,234,89.4,277.7,89.6,1959.0,0,sobrecalentamiento
15,235,92.2,277.8,99.8,1926.0,0,sobrecalentamiento
15,236,89.9,295.9,95.3,2193.0,0,sobrecalentamiento
15,237,93.5,285.8,94.9,2196.0,0,sobrecalentamiento
15,238,89.7,294.9,96.2,2121.0,0,sobrecalentamiento
15,239,89.6,299.9,91.8,2131.0,0,sobrecalentamiento
15,240,90.0,294.6,95.6,2171.0,0,sobrecalentamiento
15,241,92.5,283.7,90.2,2170.0,0,sobrecalentamiento
15,242,91.7,302.8,100.0,2076.0,0,sobrecalentamiento
15,243,84.7,297.4,90.9,2176.0,0,sobrecalentamiento
15,244,90.4,290.3,96.8,2072.0,0,sobrecalentamiento
15,245,88.8,289.8,90.9,2119.0,1,sobrecalentamiento
15,246,87.4,293.7,92.9,2116.0,0,sobrecalentamiento
15,247,82.7,286.9,93.5,2031.0,0,sobrecalentamiento
15,248,83.4,273.7,100.0,2041.0,0,sobrecalentamiento
15,249,86.9,297.5,94.9,2279.0,0,sobrecalentamiento
15,250,83.6,296.9,91.7,2029.0,0,sobrecalentamiento
15,251,87.0,267.0,93.2,2130.0,0,sobrecalentamiento
15,252,90.1,295.1,89.0,2146.0,0,sobrecalentamiento
15,253,86.3,307.6,94.3,2096.0,0,sobrecalentamiento
15,254,88.3,278.7,100.0,2154.0,0,sobrecalentamiento
15,255,84.8,289.3,96.3,2126.0,0,sobrecalentamiento
15,256,88.9,288.2,98.6,2030.0,0,sobrecalentamiento
15,257,89.5,306.6,91.4,2143.0,0,sobrecalentamiento
15,258,83.7,301.2,94.2,2056.0,0,sobrecalentamiento
15,259,85.7,281.2,95.8,2239.0,0,sobrecalentamiento
15,260,84.2,293.4,92.1,2134.0,0,sobrecalentamiento
15,261,89.5,313.0,96.6,2044.0,0,sobrecalentamiento
15,262,88.5,283.8,97.5,2127.0,0,sobrecalentamiento
15,263,87.9,289.9,97.2,2026.0,0,sobrecalentamiento
15,264,87.6,295.1,94.4,2121.0,0,sobrecalentamiento
15,265,89.0,283.9,99.4,2082.0,0,sobrecalentamiento
15,266,89.0,307.6,94.0,2034.0,0,sobrecalentamiento
15,267,86.5,285.3,93.6,2033.0,0,sobrecalentamiento
15,268,86.1,276.1,100.0,2295.0,0,sobrecalentamiento
15,269,87.8,284.8,90.6,2107.0,0,sobrecalentamiento
15,270,87.4,296.5,88.2,2065.0,0,sobrecalentamiento
15,271,94.2,282.0,91.5,2052.0,0,sobrecalentamiento
15,272,86.8,293.0,96.5,2138.0,0,sobrecalentamiento
15,273,88.9,295.6,100.0,2049.0,0,sobrecalentamiento
15,274,89.4,277.9,92.4,2012.0,0,sobrecalentamiento
15,275,92.2,284.4,100.0,2097.0,1,sobrecalentamiento
15,276,85.6,293.5,95.1,2097.0,0,sobrecalentamiento
15,277,92.0,297.0,94.5,2067.0,0,sobrecalentamiento
15,278,87.6,284.6,91.6,2029.0,2,sobrecalentamiento
15,279,95.5,291.5,100.0,2069.0,0,sobrecalentamiento
15,280,89.1,287.2,94.4,2062.0,0,sobrecalentamiento
15,281,84.3,297.3,89.7,2051.0,0,sobrecalentamiento
15,282,87.4,295.2,100.0,2122.0,0,sobrecalentamiento
15,283,92.0,286.3,96.6,2278.0,0,sobrecalentamiento
15,284,88.2,294.8,98.2,2207.0,0,sobrecalentamiento
15,285,87.8,285.9,100.0,2255.0,0,sobrecalentamiento
15,286,90.2,294.6,97.5,2055.0,0,sobrecalentamiento
15,287,87.0,294.7,98.9,2234.0,0,sobrecalentamiento
15,288,87.4,313.7,95.2,2118.0,0,sobrecalentamiento
15,289,85.2,286.6,97.9,2179.0,0,sobrecalentamiento
15,290,93.2,288.6,94.9,2137.0,0,sobrecalentamiento
15,291,84.3,283.5,94.9,2073.0,0,sobrecalentamiento
15,292,88.5,279.7,95.5,2158.0,0,sobrecalentamiento
15,293,89.4,285.4,93.4,2139.0,0,sobrecalentamiento
15,294,88.0,296.7,97.0,1959.0,0,sobrecalentamiento
15,295,84.2,297.4,97.0,2090.0,0,sobrecalentamiento
15,296,85.0,293.0,98.3,2170.0,0,sobrecalentamiento
15,297,89.6,287.0,97.6,2122.0,0,sobrecalentamiento
15,298,85.7,285.1,100.0,2138.0,0,sobrecalentamiento
15,299,81.8,280.8,99.2,2040.0,0,sobrecalentamiento
16,0,86.1,293.6,92.7,1989.0,0,sobrecalentamiento
16,1,88.5,281.9,96.7,2140.0,0,sobrecalentamiento
16,2,88.5,310.1,99.3,2243.0,1,sobrecalentamiento
16,3,86.7,289.0,98.1,2196.0,1,sobrecalentamiento
16,4,85.7,289.9,99.1,2012.0,0,sobrecalentamiento
16,5,86.9,283.3,100.0,2079.0,1,sobrecalentamiento
16,6,85.0,280.0,96.2,2098.0,1,sobrecalentamiento
16,7,93.9,288.7,93.2,2099.0,0,sobrecalentamiento
16,8,86.6,290.3,95.6,2130.0,0,sobrecalentamiento
16,9,91.5,289.1,93.6,2072.0,0,sobrecalentamiento
16,10,91.1,306.6,100.0,2027.0,0,sobrecalentamiento
16,11,89.1,288.7,92.9,2176.0,0,sobrecalentamiento
16,12,87.6,289.1,96.9,2010.0,0,sobrecalentamiento
16,13,88.6,298.2,89.0,2036.0,0,sobrecalentamiento
16,14,89.7,288.3,95.5,2010.0,0,sobrecalentamiento
16,15,88.3,295.4,93.9,2149.0,0,sobrecalentamiento
16,16,83.3,277.2,97.7,2109.0,0,sobrecalentamiento
16,17,82.5,277.3,97.8,2171.0,1,sobrecalentamiento
16,18,92.5,291.2,100.0,2037.0,0,sobrecalentamiento
16,19,80.1,287.7,100.0,2000.0,0,sobrecalentamiento
16,20,88.6,281.9,94.7,2064.0,0,sobrecalentamiento
16,21,87.3,291.2,91.2,2085.0,0,sobrecalentamiento
16,22,88.5,292.1,91.7,2117.0,0,sobrecalentamiento
16,23,84.6,282.9,96.2,1965.0,0,sobrecalentamiento
16,24,89.1,284.8,95.6,2138.0,0,sobrecalentamiento
16,25,88.6,292.2,96.0,2028.0,0,sobrecalentamiento
16,26,96.3,279.8,92.9,2048.0,0,sobrecalentamiento
16,27,88.4,284.0,100.0,2194.0,0,sobrecalentamiento
16,28,92.0,295.3,89.1,1925.0,0,sobrecalentamiento
16,29,83.5,289.8,92.6,2126.0,0,sobrecalentamiento
16,30,91.1,285.2,90.7,2125.0,1,sobrecalentamiento
16,31,88.7,281.0,94.2,2034.0,0,sobrecalentamiento
16,32,88.8,279.9,100.0,2064.0,0,sobrecalentamiento
16,33,88.9,288.7,93.8,2198.0,0,sobrecalentamiento
16,34,93.1,310.3,95.4,2257.0,0,sobrecalentamiento
16,35,88.8,295.7,97.7,2185.0,0,sobrecalentamiento
16,36,85.6,276.7,93.7,2251.0,0,sobrecalentamiento
16,37,86.2,297.1,96.5,2045.0,0,sobrecalentamiento
16,38,90.5,282.4,96.0,1974.0,0,sobrecalentamiento
16,39,89.3,290.0,90.5,2096.0,0,sobrecalentamiento
16,40,83.4,284.1,93.1,2164.0,1,sobrecalentamiento
16,41,89.5,310.2,96.4,1952.0,0,sobrecalentamiento
16,42,84.8,278.7,100.0,2026.0,0,sobrecalentamiento
16,43,89.3,293.1,100.0,2035.0,0,sobrecalentamiento
16,44,85.6,283.1,100.0,2129.0,0,sobrecalentamiento
16,45,87.2,297.4,96.9,2118.0,0,sobrecalentamiento
16,46,86.4,292.9,93.3,2038.0,0,sobrecalentamiento
16,47,92.6,302.5,94.7,2114.0,0,sobrecalentamiento
16,48,89.2,297.2,94.5,2008.0,0,sobrecalentamiento
16,49,91.8,283.1,93.4,2066.0,0,sobrecalentamiento
16,50,96.7,319.2,96.5,1999.0,0,sobrecalentamiento
16,51,88.1,295.6,96.7,2088.0,0,sobrecalentamiento
16,52,92.5,284.5,90.3,2036.0,0,sobrecalentamiento
16,53,85.9,292.1,99.4,2155.0,0,sobrecalentamiento
16,54,91.8,296.3,87.7,2098.0,0,sobrecalentamiento
16,55,85.6,295.9,94.1,2082.0,0,sobrecalentamiento
16,56,87.9,295.0,99.6,2241.0,0,sobrecalentamiento
16,57,89.6,299.7,97.4,2131.0,0,sobrecalentamiento
16,58,90.1,298.7,93.6,2071.0,0,sobrecalentamiento
16,59,84.2,281.5,100.0,2053.0,0,sobrecalentamiento
16,60,85.4,311.1,93.2,2006.0,1,sobrecalentamiento
16,61,89.8,309.7,87.0,2095.0,0,sobrecalentamiento
16,62,86.9,298.0,96.8,2125.0,0,sobrecalentamiento
16,63,83.8,290.4,87.9,1947.0,0,sobrecalentamiento
16,64,87.8,290.6,91.7,1991.0,0,sobrecalentamiento
16,65,87.6,286.8,97.5,2059.0,0,sobrecalentamiento
16,66,88.5,288.1,93.2,2012.0,1,sobrecalentamiento
16,67,89.6,268.1,97.3,2103.0,0,sobrecalentamiento
16,68,89.4,305.3,90.4,2115.0,0,sobrecalentamiento
16,69,85.7,301.8,98.4,2090.0,0,sobrecalentamiento
16,70,86.8,273.2,88.2,2144.0,0,sobrecalentamiento
16,71,90.8,298.9,100.0,2053.0,0,sobrecalentamiento
16,72,86.4,289.9,93.1,2096.0,1,sobrecalentamiento
16,73,86.8,288.0,100.0,2020.0,0,sobrecalentamiento
16,74,83.5,294.9,91.6,2123.0,0,sobrecalentamiento
16,75,87.9,272.6,100.0,2106.0,0,sobrecalentamiento
16,76,89.0,289.9,91.2,2004.0,0,sobrecalentamiento
16,77,82.1,290.8,87.8,2088.0,0,sobrecalentamiento
16,78,84.8,290.8,95.2,2097.0,1,sobrecalentamiento
16,79,83.7,276.3,99.9,2122.0,1,sobrecalentamiento
16,80,90.4,294.5,98.2,2125.0,0,sobrecalentamiento
16,81,82.3,300.6,99.7,2042.0,0,sobrecalentamiento
16,82,87.8,294.1,98.2,2161.0,0,sobrecalentamiento
16,83,90.2,287.7,91.7,2142.0,0,sobrecalentamiento
16,84,88.6,316.9,98.1,2042.0,0,sobrecalentamiento
16,85,86.7,280.8,95.4,2009.0,1,sobrecalentamiento
16,86,89.0,297.7,92.2,2048.0,1,sobrecalentamiento
16,87,91.1,292.4,95.7,1982.0,0,sobrecalentamiento
16,88,87.7,310.1,94.8,2117.0,0,sobrecalentamiento
16,89,81.3,293.9,100.0,2195.0,0,sobrecalentamiento
16,90,91.4,296.0,92.9,2214.0,0,sobrecalentamiento
16,91,89.2,295.1,92.8,2013.0,0,sobrecalentamiento
16,92,87.9,279.4,92.2,2163.0,0,sobrecalentamiento
16,93,82.1,281.3,100.0,2107.0,0,sobrecalentamiento
16,94,87.1,287.2,92.4,1908.0,0,sobrecalentamiento
16,95,85.4,299.6,100.0,2073.0,0,sobrecalentamiento
16,96,84.4,292.3,90.9,2065.0,0,sobrecalentamiento
16,97,87.6,287.9,97.0,2197.0,0,sobrecalentamiento
16,98,86.4,303.7,96.1,2030.0,0,sobrecalentamiento
16,99,86.6,270.2,99.9,2145.0,1,sobrecalentamiento
16,100,90.2,277.0,99.4,2091.0,0,sobrecalentamiento
16,101,88.8,265.0,95.3,1984.0,0,sobrecalentamiento
16,102,86.5,302.1,92.9,2056.0,0,sobrecalentamiento
16,103,86.1,289.0,100.0,2223.0,1,sobrecalentamiento
16,104,86.6,299.7,92.5,2086.0,0,sobrecalentamiento
16,105,87.3,288.9,85.9,2172.0,0,sobrecalentamiento
16,106,89.8,300.2,87.6,2168.0,0,sobrecalentamiento
16,107,84.9,288.7,88.5,2064.0,0,sobrecalentamiento
16,108,92.4,294.1,97.4,1997.0,0,sobrecalentamiento
16,109,89.8,292.6,100.0,2008.0,1,sobrecalentamiento
16,110,79.8,293.4,86.8,2216.0,0,sobrecalentamiento
16,111,88.3,306.8,91.9,2112.0,0,sobrecalentamiento
16,112,91.1,273.8,95.4,1961.0,0,sobrecalentamiento
16,113,89.2,289.3,100.0,2167.0,0,sobrecalentamiento
16,114,86.8,292.0,91.8,1957.0,0,sobrecalentamiento
16,115,87.8,290.5,97.4,2034.0,0,sobrecalentamiento
16,116,88.5,286.0,94.0,2107.0,0,sobrecalentamiento
16,117,90.3,284.7,100.0,2302.0,0,sobrecalentamiento
16,118,83.8,305.3,95.6,2165.0,0,sobrecalentamiento
16,119,86.2,289.3,96.4,2061.0,0,sobrecalentamiento
16,120,92.9,314.4,95.3,2102.0,0,sobrecalentamiento
16,121,88.1,295.3,93.3,2174.0,0,sobrecalentamiento
16,122,92.6,287.1,98.8,2214.0,0,sobrecalentamiento
16,123,97.0,295.5,90.4,2080.0,0,sobrecalentamiento
16,124,86.5,291.1,87.0,2083.0,0,sobrecalentamiento
16,125,84.4,303.4,94.4,2034.0,0,sobrecalentamiento
16,126,87.2,278.3,98.3,2153.0,0,sobrecalentamiento
16,127,91.3,272.0,92.7,2182.0,0,sobrecalentamiento
16,128,91.7,293.6,95.7,1945.0,0,sobrecalentamiento
16,129,94.8,298.4,90.1,2068.0,0,sobrecalentamiento
16,130,87.9,292.9,99.3,2003.0,0,sobrecalentamiento
16,131,89.5,296.7,97.6,2112.0,0,sobrecalentamiento
16,132,85.9,295.3,95.1,2001.0,0,sobrecalentamiento
16,133,80.5,275.2,95.7,1994.0,0,sobrecalentamiento
16,134,87.9,292.8,89.4,2190.0,1,sobrecalentamiento
16,135,84.5,303.2,89.6,2087.0,0,sobrecalentamiento
16,136,89.9,291.7,94.5,2095.0,0,sobrecalentamiento
16,137,82.4,276.9,97.1,2135.0,1,sobrecalentamiento
16,138,85.8,286.7,97.3,2178.0,0,sobrecalentamiento
16,139,88.8,295.6,93.5,2067.0,0,sobrecalentamiento
16,140,89.1,308.0,98.0,2068.0,0,sobrecalentamiento
16,141,87.9,270.4,100.0,2069.0,0,sobrecalentamiento
16,142,93.6,293.6,94.6,2187.0,0,sobrecalentamiento
16,143,92.7,280.7,96.2,2095.0,0,sobrecalentamiento
16,144,85.9,295.1,94.2,2077.0,0,sobrecalentamiento
16,145,92.8,295.9,94.5,2131.0,0,sobrecalentamiento
16,146,93.3,287.7,95.7,2247.0,0,sobrecalentamiento
16,147,87.6,296.3,100.0,2106.0,0,sobrecalentamiento
16,148,88.1,301.4,98.7,2078.0,0,sobrecalentamiento
16,149,87.8,288.4,98.3,2255.0,0,sobrecalentamiento
16,150,86.1,276.6,93.2,2206.0,0,sobrecalentamiento
16,151,86.4,304.3,91.4,2195.0,0,sobrecalentamiento
16,152,92.0,298.3,96.6,2060.0,0,sobrecalentamiento
16,153,89.3,295.6,100.0,2052.0,0,sobrecalentamiento
16,154,86.3,283.1,100.0,1953.0,0,sobrecalentamiento
16,155,85.2,299.9,85.2,2177.0,0,sobrecalentamiento
16,156,85.7,310.4,100.0,2106.0,0,sobrecalentamiento
16,157,87.5,288.8,96.7,1956.0,0,sobrecalentamiento
16,158,90.7,290.9,98.6,2196.0,0,sobrecalentamiento
16,159,85.4,279.3,88.0,2073.0,0,sobrecalentamiento
16,160,90.7,282.8,94.1,2083.0,0,sobrecalentamiento
16,161,88.6,279.3,98.3,1979.0,0,sobrecalentamiento
16,162,88.4,291.3,90.3,2139.0,0,sobrecalentamiento
16,163,91.1,286.6,83.4,2140.0,0,sobrecalentamiento
16,164,90.5,293.7,96.3,2096.0,0,sobrecalentamiento
16,165,83.8,281.1,94.8,2067.0,0,sobrecalentamiento
16,166,84.7,288.3,100.0,2310.0,0,sobrecalentamiento
16,167,87.3,280.5,94.4,2004.0,0,sobrecalentamiento
16,168,89.1,291.9,94.7,2042.0,0,sobrecalentamiento
16,169,92.1,273.7,97.8,2157.0,0,sobrecalentamiento
16,170,88.2,291.5,99.1,2019.0,0,sobrecalentamiento
16,171,93.1,287.2,92.2,2013.0,0,sobrecalentamiento
16,172,85.9,291.8,98.8,2191.0,0,sobrecalentamiento
16,173,86.4,273.5,92.9,2148.0,0,sobrecalentamiento
16,174,87.1,296.5,95.1,2139.0,0,sobrecalentamiento
16,175,85.5,287.0,97.7,2115.0,0,sobrecalentamiento
16,176,91.5,292.2,98.4,2045.0,0,sobrecalentamiento
16,177,79.7,271.3,96.3,2080.0,1,sobrecalentamiento
16,178,86.5,277.6,90.7,2094.0,0,sobrecalentamiento
16,179,91.4,286.1,87.5,2168.0,0,sobrecalentamiento
16,180,87.1,303.8,94.2,2134.0,0,sobrecalentamiento
16,181,91.2,295.3,98.9,2026.0,0,sobrecalentamiento
16,182,94.6,291.3,96.8,2163.0,0,sobrecalentamiento
16,183,88.2,280.8,96.0,1966.0,0,sobrecalentamiento
16,184,91.5,278.9,95.0,2074.0,0,sobrecalentamiento
16,185,95.3,292.8,96.2,2009.0,0,sobrecalentamiento
16,186,89.2,297.0,91.0,2031.0,0,sobrecalentamiento
16,187,87.9,292.1,98.1,2254.0,0,sobrecalentamiento
16,188,90.7,307.1,98.4,1982.0,0,sobrecalentamiento
16,189,91.6,283.2,93.6,2034.0,0,sobrecalentamiento
16,190,87.9,291.8,96.7,2141.0,0,sobrecalentamiento
16,191,86.5,273.1,88.1,2062.0,0,sobrecalentamiento
16,192,93.2,292.1,95.7,2112.0,0,sobrecalentamiento
16,193,87.2,304.7,94.5,2214.0,0,sobrecalentamiento
16,194,91.6,279.6,100.0,2152.0,0,sobrecalentamiento
16,195,88.8,298.4,94.2,2063.0,0,sobrecalentamiento
16,196,93.5,304.4,98.5,2089.0,0,sobrecalentamiento
16,197,85.5,283.1,93.4,2142.0,0,sobrecalentamiento
16,198,85.4,294.7,85.9,2151.0,0,sobrecalentamiento
16,199,90.6,305.8,94.1,2102.0,0,sobrecalentamiento
16,200,84.6,292.3,95.8,2129.0,0,sobrecalentamiento
16,201,88.3,297.9,95.6,2129.0,0,sobrecalentamiento
16,202,92.6,272.3,95.7,2093.0,0,sobrecalentamiento
16,203,82.6,296.0,93.0,2052.0,0,sobrecalentamiento
16,204,89.2,295.2,93.7,2159.0,1,sobrecalentamiento
16,205,91.6,276.7,90.5,2123.0,0,sobrecalentamiento
16,206,87.9,280.4,87.0,1934.0,0,sobrecalentamiento
16,207,85.2,296.0,94.6,2034.0,0,sobrecalentamiento
16,208,87.2,287.0,92.0,2062.0,0,sobrecalentamiento
16,209,85.5,301.1,99.3,2084.0,0,sobrecalentamiento
16,210,88.2,293.1,86.3,2196.0,0,sobrecalentamiento
16,211,87.2,290.6,96.2,2356.0,0,sobrecalentamiento
16,212,86.5,288.3,100.0,1903.0,0,sobrecalentamiento
16,213,89.4,292.9,94.3,2124.0,1,sobrecalentamiento
16,214,92.7,298.0,95.0,2106.0,0,sobrecalentamiento
16,215,89.0,295.3,96.7,2086.0,0,sobrecalentamiento
16,216,92.0,285.8,97.0,2143.0,0,sobrecalentamiento
16,217,92.7,302.4,93.4,2112.0,0,sobrecalentamiento
16,218,86.2,296.6,91.0,2071.0,0,sobrecalentamiento
16,219,88.8,293.9,97.6,2102.0,0,sobrecalentamiento
16,220,86.7,290.9,87.4,2145.0,0,sobrecalentamiento
16,221,83.6,295.0,98.3,2137.0,1,sobrecalentamiento
16,222,89.1,271.7,93.4,2115.0,0,sobrecalentamiento
16,223,84.8,292.4,95.0,2053.0,0,sobrecalentamiento
16,224,89.5,306.4,92.9,2326.0,0,sobrecalentamiento
16,225,83.3,292.2,100.0,2129.0,0,sobrecalentamiento
16,226,88.5,290.8,96.0,2161.0,0,sobrecalentamiento
16,227,83.3,284.0,93.7,2059.0,0,sobrecalentamiento
16,228,90.0,294.9,93.6,2115.0,0,sobrecalentamiento
16,229,86.8,288.0,94.4,2115.0,0,sobrecalentamiento
16,230,86.5,303.1,100.0,1947.0,0,sobrecalentamiento
16,231,91.4,281.4,89.7,2043.0,0,sobrecalentamiento
16,232,87.0,285.5,99.3,2041.0,0,sobrecalentamiento
16,233,88.3,284.0,97.3,2052.0,0,sobrecalentamiento
16,234,87.4,308.3,100.0,2014.0,0,sobrecalentamiento
16,235,89.5,288.1,97.5,2104.0,0,sobrecalentamiento
16,236,91.1,284.5,95.0,2212.0,0,sobrecalentamiento
16,237,90.5,269.1,99.1,2110.0,0,sobrecalentamiento
16,238,86.6,280.9,95.9,2005.0,1,sobrecalentamiento
16,239,91.6,295.3,98.0,2018.0,0,sobrecalentamiento
16,240,85.3,295.2,100.0,2070.0,0,sobrecalentamiento
16,241,85.8,283.5,95.4,1987.0,0,sobrecalentamiento
16,242,87.6,284.0,93.3,2124.0,0,sobrecalentamiento
16,243,91.1,308.6,92.4,2208.0,0,sobrecalentamiento
16,244,84.5,317.0,96.8,2054.0,0,sobrecalentamiento
16,245,90.7,301.5,91.5,2106.0,1,sobrecalentamiento
16,246,87.8,305.6,93.6,2066.0,0,sobrecalentamiento
16,247,86.7,307.7,91.1,2050.0,0,sobrecalentamiento
16,248,91.3,312.1,97.0,2115.0,0,sobrecalentamiento
16,249,85.6,287.0,92.0,2047.0,0,sobrecalentamiento
16,250,94.9,281.2,89.9,2035.0,0,sobrecalentamiento
16,251,87.5,308.3,90.6,1970.0,0,sobrecalentamiento
16,252,88.4,280.4,92.7,2105.0,1,sobrecalentamiento
16,253,92.6,279.7,93.1,2185.0,0,sobrecalentamiento
16,254,88.5,279.9,96.0,2157.0,0,sobrecalentamiento
16,255,91.6,288.7,94.4,2219.0,0,sobrecalentamiento
16,256,82.1,270.2,96.5,2046.0,0,sobrecalentamiento
16,257,86.7,275.7,96.8,2168.0,0,sobrecalentamiento
16,258,89.2,283.8,98.0,2012.0,1,sobrecalentamiento
16,259,91.2,278.0,87.4,2157.0,0,sobrecalentamiento
16,260,90.3,300.6,90.5,2232.0,0,sobrecalentamiento
16,261,90.0,290.1,97.2,2140.0,0,sobrecalentamiento
16,262,91.2,295.8,95.8,2233.0,0,sobrecalentamiento
16,263,89.4,294.7,98.9,2052.0,0,sobrecalentamiento
16,264,81.6,287.9,88.8,2089.0,0,sobrecalentamiento
16,265,92.3,299.9,93.1,2027.0,0,sobrecalentamiento
16,266,85.5,294.5,93.8,2103.0,0,sobrecalentamiento
16,267,88.9,286.8,95.7,2122.0,0,sobrecalentamiento
16,268,88.5,273.2,95.1,2102.0,0,sobrecalentamiento
16,269,88.1,295.2,96.9,2062.0,0,sobrecalentamiento
16,270,84.7,277.4,94.5,2061.0,0,sobrecalentamiento
16,271,82.2,293.8,100.0,2128.0,0,sobrecalentamiento
16,272,85.0,290.8,100.0,2087.0,0,sobrecalentamiento
16,273,90.5,276.4,90.5,2008.0,0,sobrecalentamiento
16,274,83.7,292.6,95.2,1948.0,0,sobrecalentamiento
16,275,85.4,291.9,98.2,2052.0,0,sobrecalentamiento
16,276,89.3,291.9,97.3,1989.0,0,sobrecalentamiento
16,277,84.9,291.5,93.4,2033.0,0,sobrecalentamiento
16,278,86.4,283.5,96.0,2066.0,0,sobrecalentamiento
16,279,88.2,295.9,88.7,2088.0,0,sobrecalentamiento
16,280,88.8,283.1,94.9,2047.0,0,sobrecalentamiento
16,281,84.9,279.3,89.2,2275.0,1,sobrecalentamiento
16,282,88.4,296.7,97.0,1999.0,0,sobrecalentamiento
16,283,89.2,299.4,90.5,2197.0,0,sobrecalentamiento
16,284,84.2,296.1,95.7,2087.0,0,sobrecalentamiento
16,285,88.6,287.9,96.3,2047.0,0,sobrecalentamiento
16,286,85.9,270.6,95.3,2147.0,0,sobrecalentamiento
16,287,88.4,304.8,92.5,2064.0,0,sobrecalentamiento
16,288,90.2,270.4,94.2,2035.0,0,sobrecalentamiento
16,289,87.5,295.9,99.7,2243.0,0,sobrecalentamiento
16,290,90.7,311.1,93.3,1924.0,0,sobrecalentamiento
16,291,90.4,291.5,95.1,2080.0,0,sobrecalentamiento
16,292,90.7,292.9,92.8,2115.0,0,sobrecalentamiento
16,293,89.2,293.8,99.1,2213.0,0,sobrecalentamiento
16,294,91.3,292.0,95.3,2068.0,0,sobrecalentamiento
16,295,89.2,313.5,91.9,2313.0,0,sobrecalentamiento
16,296,83.0,281.6,95.0,2161.0,0,sobrecalentamiento
16,297,85.6,280.3,94.0,1911.0,0,sobrecalentamiento
16,298,87.4,286.7,100.0,1984.0,0,sobrecalentamiento
16,299,87.7,307.4,94.8,2119.0,0,sobrecalentamiento
17,0,90.2,277.4,96.2,2190.0,0,sobrecalentamiento
17,1,91.3,303.0,98.9,2067.0,0,sobrecalentamiento
17,2,89.7,294.2,95.1,2227.0,0,sobrecalentamiento
17,3,86.1,285.3,98.9,2063.0,0,sobrecalentamiento
17,4,85.8,284.6,93.3,2072.0,0,sobrecalentamiento
17,5,86.0,291.8,86.8,2063.0,1,sobrecalentamiento
17,6,90.7,277.5,97.5,2115.0,0,sobrecalentamiento
17,7,85.5,293.8,95.1,2069.0,0,sobrecalentamiento
17,8,90.7,284.5,93.1,2139.0,0,sobrecalentamiento
17,9,89.9,295.2,93.4,2062.0,0,sobrecalentamiento
17,10,91.7,294.9,96.6,2163.0,0,sobrecalentamiento
17,11,91.2,284.1,91.7,2221.0,0,sobrecalentamiento
17,12,89.6,269.5,96.5,2106.0,0,sobrecalentamiento
17,13,83.6,287.5,99.8,2277.0,0,sobrecalentamiento
17,14,89.8,275.5,100.0,2190.0,0,sobrecalentamiento
17,15,88.3,290.8,100.0,2271.0,0,sobrecalentamiento
17,16,86.9,287.4,95.6,2095.0,0,sobrecalentamiento
17,17,92.1,284.1,96.0,1967.0,0,sobrecalentamiento
17,18,87.5,277.0,93.4,2044.0,0,sobrecalentamiento
17,19,86.4,301.9,93.1,2052.0,0,sobrecalentamiento
17,20,91.4,285.5,98.5,2024.0,0,sobrecalentamiento
17,21,86.8,313.5,93.8,1924.0,0,sobrecalentamiento
17,22,86.3,290.3,96.5,2182.0,0,sobrecalentamiento
17,23,84.6,293.5,91.1,1951.0,0,sobrecalentamiento
17,24,85.5,290.4,100.0,2174.0,0,sobrecalentamiento
17,25,85.8,293.4,93.7,2275.0,1,sobrecalentamiento
17,26,89.9,300.9,99.4,2038.0,0,sobrecalentamiento
17,27,84.9,301.0,92.2,2131.0,0,sobrecalentamiento
17,28,82.4,272.3,92.0,2068.0,0,sobrecalentamiento
17,29,88.9,298.6,100.0,2166.0,0,sobrecalentamiento
17,30,86.1,295.0,92.5,2004.0,0,sobrecalentamiento
17,31,88.0,290.4,88.7,2089.0,0,sobrecalentamiento
17,32,91.8,307.1,90.8,2190.0,0,sobrecalentamiento
17,33,88.2,307.5,98.4,2096.0,0,sobrecalentamiento
17,34,92.5,299.0,98.0,1970.0,0,sobrecalentamiento
17,35,87.8,284.6,91.9,2199.0,0,sobrecalentamiento
17,36,91.0,278.1,92.5,1996.0,0,sobrecalentamiento
17,37,86.4,297.5,97.7,2106.0,0,sobrecalentamiento
17,38,88.3,303.6,100.0,2147.0,0,sobrecalentamiento
17,39,85.2,269.7,94.7,2110.0,0,sobrecalentamiento
17,40,85.6,300.9,97.2,2303.0,1,sobrecalentamiento
17,41,87.3,287.5,98.5,2159.0,0,sobrecalentamiento
17,42,84.0,271.9,100.0,2084.0,0,sobrecalentamiento
17,43,88.5,294.7,90.4,2148.0,0,sobrecalentamiento
17,44,87.1,299.1,92.3,2117.0,0,sobrecalentamiento
17,45,88.7,286.5,93.0,2104.0,0,sobrecalentamiento
17,46,84.1,279.4,98.3,2120.0,0,sobrecalentamiento
17,47,90.1,307.1,94.0,2065.0,0,sobrecalentamiento
17,48,93.1,283.3,96.2,2117.0,1,sobrecalentamiento
17,49,92.5,301.6,95.5,2060.0,0,sobrecalentamiento
17,50,93.7,274.9,95.0,1948.0,0,sobrecalentamiento
17,51,88.1,294.2,95.4,2191.0,0,sobrecalentamiento
17,52,86.9,293.9,99.1,2055.0,0,sobrecalentamiento
17,53,89.5,298.7,91.1,2111.0,0,sobrecalentamiento
17,54,87.3,304.9,94.4,2039.0,0,sobrecalentamiento
17,55,82.8,281.9,90.1,2042.0,0,sobrecalentamiento
17,56,90.5,295.2,95.9,2017.0,0,sobrecalentamiento
17,57,87.3,276.3,94.2,2176.0,0,sobrecalentamiento
17,58,83.6,276.2,99.3,2195.0,0,sobrecalentamiento
17,59,86.5,284.2,95.0,2102.0,0,sobrecalentamiento
17,60,87.4,294.1,93.2,2057.0,0,sobrecalentamiento
17,61,88.0,306.8,94.0,1965.0,0,sobrecalentamiento
17,62,88.1,308.6,100.0,2164.0,0,sobrecalentamiento
17,63,92.1,286.5,88.7,2046.0,1,sobrecalentamiento
17,64,84.1,293.1,92.5,2011.0,0,sobrecalentamiento
17,65,87.5,299.4,95.1,2102.0,0,sobrecalentamiento
17,66,85.4,297.7,92.5,2073.0,0,sobrecalentamiento
17,67,91.8,288.3,97.0,1979.0,1,sobrecalentamiento
17,68,86.3,290.8,94.8,1990.0,1,sobrecalentamiento
17,69,87.0,288.9,96.0,2127.0,0,sobrecalentamiento
17,70,91.1,287.9,95.5,2048.0,0,sobrecalentamiento
17,71,92.0,286.6,94.6,2141.0,0,sobrecalentamiento
17,72,92.4,288.8,89.8,2112.0,0,sobrecalentamiento
17,73,83.1,285.9,95.7,2184.0,1,sobrecalentamiento
17,74,89.4,278.6,87.9,2033.0,0,sobrecalentamiento
17,75,88.8,298.6,92.3,2119.0,0,sobrecalentamiento
17,76,87.8,295.2,97.0,2151.0,0,sobrecalentamiento
17,77,88.2,308.8,99.8,2050.0,0,sobrecalentamiento
17,78,91.9,293.7,100.0,2190.0,1,sobrecalentamiento
17,79,91.1,285.8,93.3,1967.0,0,sobrecalentamiento
17,80,90.7,283.7,91.5,2033.0,0,sobrecalentamiento
17,81,88.6,290.5,97.1,1964.0,0,sobrecalentamiento
17,82,94.8,295.5,100.0,2041.0,1,sobrecalentamiento
17,83,86.8,287.6,100.0,2088.0,0,sobrecalentamiento
17,84,83.2,275.3,90.9,2167.0,0,sobrecalentamiento
17,85,87.2,282.6,94.4,2088.0,0,sobrecalentamiento
17,86,88.2,290.2,98.4,2052.0,0,sobrecalentamiento
17,87,91.9,297.4,98.7,1976.0,0,sobrecalentamiento
17,88,86.5,275.1,97.4,2003.0,0,sobrecalentamiento
17,89,89.5,292.7,93.2,2125.0,0,sobrecalentamiento
17,90,83.6,292.2,97.3,2171.0,0,sobrecalentamiento
17,91,91.2,285.5,98.7,2066.0,0,sobrecalentamiento
17,92,88.2,284.1,91.3,2197.0,0,sobrecalentamiento
17,93,87.2,282.6,100.0,2024.0,0,sobrecalentamiento
17,94,94.4,291.4,99.0,2069.0,0,sobrecalentamiento
17,95,91.2,301.3,92.0,2076.0,0,sobrecalentamiento
17,96,84.9,302.0,98.7,2222.0,0,sobrecalentamiento
17,97,87.7,278.8,98.3,2111.0,1,sobrecalentamiento
17,98,96.2,288.1,98.4,1956.0,0,sobrecalentamiento
17,99,93.9,268.1,100.0,2176.0,0,sobrecalentamiento
17,100,90.8,291.1,95.0,2248.0,0,sobrecalentamiento
17,101,82.5,296.0,96.3,2080.0,0,sobrecalentamiento
17,102,92.0,305.7,84.4,2028.0,0,sobrecalentamiento
17,103,86.1,272.1,99.5,2169.0,0,sobrecalentamiento
17,104,92.0,279.1,99.1,2257.0,0,sobrecalentamiento
17,105,85.8,291.4,100.0,2168.0,0,sobrecalentamiento
17,106,89.5,273.8,91.3,1970.0,0,sobrecalentamiento
17,107,86.1,291.7,98.8,2160.0,0,sobrecalentamiento
17,108,86.9,296.2,99.1,2132.0,0,sobrecalentamiento
17,109,89.9,277.2,92.4,2024.0,0,sobrecalentamiento
17,110,84.0,291.3,99.2,2203.0,0,sobrecalentamiento
17,111,95.1,277.9,96.9,2135.0,0,sobrecalentamiento
17,112,84.9,303.8,88.2,2205.0,0,sobrecalentamiento
17,113,84.8,292.1,97.3,2015.0,0,sobrecalentamiento
17,114,89.9,283.6,91.9,2132.0,0,sobrecalentamiento
17,115,91.9,277.6,88.3,2028.0,0,sobrecalentamiento
17,116,87.0,293.9,96.5,2120.0,0,sobrecalentamiento
17,117,84.8,303.6,94.7,2218.0,0,sobrecalentamiento
17,118,85.2,282.3,100.0,1986.0,0,sobrecalentamiento
17,119,84.9,285.6,95.7,1990.0,0,sobrecalentamiento
17,120,88.9,282.5,98.1,2176.0,0,sobrecalentamiento
17,121,87.8,305.6,97.0,2099.0,0,sobrecalentamiento
17,122,89.3,270.9,99.1,2194.0,0,sobrecalentamiento
17,123,89.1,302.9,91.5,2035.0,0,sobrecalentamiento
17,124,90.5,286.2,95.8,2104.0,0,sobrecalentamiento
17,125,86.8,289.3,94.4,2155.0,0,sobrecalentamiento
17,126,85.8,286.6,97.6,2117.0,0,sobrecalentamiento
17,127,88.5,292.4,96.0,1957.0,0,sobrecalentamiento
17,128,87.8,282.7,92.5,2326.0,0,sobrecalentamiento
17,129,88.8,300.6,93.6,2117.0,0,sobrecalentamiento
17,130,85.9,301.0,100.0,1993.0,0,sobrecalentamiento
17,131,89.9,280.2,88.2,2125.0,1,sobrecalentamiento
17,132,84.5,296.7,97.8,2134.0,0,sobrecalentamiento
17,133,86.7,286.4,100.0,2180.0,0,sobrecalentamiento
17,134,91.4,290.5,97.3,2174.0,1,sobrecalentamiento
17,135,84.6,305.3,100.0,2083.0,0,sobrecalentamiento
17,136,91.2,283.3,98.8,1962.0,0,sobrecalentamiento
17,137,83.8,299.3,96.5,2137.0,0,sobrecalentamiento
17,138,83.2,294.6,93.1,1969.0,0,sobrecalentamiento
17,139,83.5,288.1,96.6,2197.0,0,sobrecalentamiento
17,140,88.4,293.7,97.7,2041.0,0,sobrecalentamiento
17,141,90.2,292.5,95.0,2151.0,0,sobrecalentamiento
17,142,91.9,278.4,92.0,2048.0,2,sobrecalentamiento
17,143,91.6,283.9,90.2,2061.0,0,sobrecalentamiento
17,144,90.6,279.5,95.7,2036.0,0,sobrecalentamiento
17,145,85.5,287.2,89.1,2157.0,0,sobrecalentamiento
17,146,85.5,303.5,93.1,2050.0,1,sobrecalentamiento
17,147,90.4,295.8,85.3,2161.0,0,sobrecalentamiento
17,148,92.3,275.7,98.3,2052.0,0,sobrecalentamiento
17,149,84.9,287.3,99.6,2081.0,0,sobrecalentamiento
17,150,91.9,292.3,95.3,2103.0,0,sobrecalentamiento
17,151,82.2,297.4,100.0,2112.0,0,sobrecalentamiento
17,152,89.2,283.5,100.0,2026.0,0,sobrecalentamiento
17,153,87.7,277.6,96.9,2156.0,0,sobrecalentamiento
17,154,87.4,289.4,94.5,2078.0,0,sobrecalentamiento
17,155,88.1,295.7,93.6,2144.0,0,sobrecalentamiento
17,156,85.4,292.3,97.2,2099.0,0,sobrecalentamiento
17,157,89.3,281.2,94.4,2147.0,0,sobrecalentamiento
17,158,88.2,307.5,97.2,2067.0,0,sobrecalentamiento
17,159,90.8,289.0,97.5,2037.0,0,sobrecalentamiento
17,160,92.8,291.9,94.1,2134.0,0,sobrecalentamiento
17,161,88.4,283.4,99.4,2061.0,0,sobrecalentamiento
17,162,85.5,301.1,94.1,2217.0,0,sobrecalentamiento
17,163,84.6,295.7,95.1,2105.0,0,sobrecalentamiento
17,164,93.1,293.1,91.1,1990.0,0,sobrecalentamiento
17,165,92.7,278.5,93.9,2053.0,0,sobrecalentamiento
17,166,90.7,300.9,100.0,2020.0,0,sobrecalentamiento
17,167,88.2,297.6,91.4,2186.0,0,sobrecalentamiento
17,168,90.4,300.1,96.8,2162.0,0,sobrecalentamiento
17,169,91.9,290.4,93.2,2095.0,0,sobrecalentamiento
17,170,86.1,289.3,86.1,2123.0,0,sobrecalentamiento
17,171,88.1,288.2,97.2,2093.0,0,sobrecalentamiento
17,172,84.7,312.8,92.8,2169.0,0,sobrecalentamiento
17,173,87.6,284.6,96.3,2142.0,0,sobrecalentamiento
17,174,92.6,278.1,99.0,2156.0,0,sobrecalentamiento
17,175,91.2,286.3,95.9,2085.0,0,sobrecalentamiento
17,176,88.4,284.7,96.3,2049.0,0,sobrecalentamiento
17,177,79.9,302.6,91.5,2153.0,0,sobrecalentamiento
17,178,86.0,276.4,97.8,2224.0,0,sobrecalentamiento
17,179,88.3,284.4,94.2,2188.0,1,sobrecalentamiento
17,180,87.4,291.9,87.0,2227.0,1,sobrecalentamiento
17,181,88.1,302.7,98.3,2113.0,0,sobrecalentamiento
17,182,88.7,297.1,99.5,2022.0,0,sobrecalentamiento
17,183,86.4,306.2,100.0,2030.0,1,sobrecalentamiento
17,184,88.0,293.5,100.0,2210.0,0,sobrecalentamiento
17,185,87.6,288.0,98.1,1951.0,0,sobrecalentamiento
17,186,85.9,298.6,97.1,2220.0,0,sobrecalentamiento
17,187,93.5,276.3,99.4,2037.0,0,sobrecalentamiento
17,188,86.6,272.9,91.5,2254.0,0,sobrecalentamiento
17,189,81.2,299.8,88.3,2094.0,0,sobrecalentamiento
17,190,93.3,292.1,93.1,2158.0,0,sobrecalentamiento
17,191,85.5,299.6,100.0,2291.0,1,sobrecalentamiento
17,192,90.7,281.5,92.4,2074.0,0,sobrecalentamiento
17,193,86.0,302.8,96.9,2072.0,0,sobrecalentamiento
17,194,89.7,296.7,97.3,2044.0,0,sobrecalentamiento
17,195,87.9,289.7,96.0,2020.0,0,sobrecalentamiento
17,196,91.0,292.1,89.9,2074.0,0,sobrecalentamiento
17,197,87.4,293.5,96.4,2056.0,0,sobrecalentamiento
17,198,86.0,281.4,93.3,2000.0,0,sobrecalentamiento
17,199,88.8,286.1,100.0,2083.0,0,sobrecalentamiento
17,200,86.9,293.3,99.5,2136.0,0,sobrecalentamiento
17,201,82.2,285.7,93.5,2028.0,0,sobrecalentamiento
17,202,86.2,275.3,100.0,2087.0,0,sobrecalentamiento
17,203,96.6,292.9,96.4,2213.0,0,sobrecalentamiento
17,204,82.5,298.4,88.3,1986.0,1,sobrecalentamiento
17,205,88.7,300.7,94.7,2255.0,0,sobrecalentamiento
17,206,87.3,295.3,100.0,2046.0,1,sobrecalentamiento
17,207,93.5,298.2,91.7,2116.0,1,sobrecalentamiento
17,208,84.7,299.9,94.7,2202.0,0,sobrecalentamiento
17,209,88.3,290.8,89.6,2227.0,0,sobrecalentamiento
17,210,90.1,268.8,90.2,2138.0,0,sobrecalentamiento
17,211,87.5,301.6,91.7,2044.0,0,sobrecalentamiento
17,212,85.7,281.1,90.1,2037.0,0,sobrecalentamiento
17,213,87.9,278.7,92.5,2054.0,0,sobrecalentamiento
17,214,87.1,279.0,100.0,2251.0,0,sobrecalentamiento
17,215,87.1,314.8,94.9,2069.0,0,sobrecalentamiento
17,216,90.8,294.4,98.1,2126.0,1,sobrecalentamiento
17,217,89.2,279.6,99.4,2016.0,0,sobrecalentamiento
17,218,89.7,283.2,90.6,2007.0,0,sobrecalentamiento
17,219,89.0,290.0,91.7,2102.0,0,sobrecalentamiento
17,220,90.9,295.4,98.1,2074.0,0,sobrecalentamiento
17,221,91.9,292.8,92.5,2080.0,0,sobrecalentamiento
17,222,87.1,280.7,97.8,1982.0,0,sobrecalentamiento
17,223,90.5,293.2,100.0,2094.0,0,sobrecalentamiento
17,224,84.1,283.9,89.2,2224.0,0,sobrecalentamiento
17,225,81.2,300.5,93.6,2032.0,0,sobrecalentamiento
17,226,93.5,290.6,94.2,2172.0,0,sobrecalentamiento
17,227,87.0,282.4,92.9,1823.0,0,sobrecalentamiento
17,228,88.8,296.9,92.6,2036.0,0,sobrecalentamiento
17,229,84.3,293.8,93.0,1947.0,0,sobrecalentamiento
17,230,84.2,285.3,94.9,2199.0,0,sobrecalentamiento
17,231,85.9,297.3,95.7,2170.0,1,sobrecalentamiento
17,232,89.9,296.3,98.8,2017.0,1,sobrecalentamiento
17,233,86.5,302.0,94.9,2123.0,0,sobrecalentamiento
17,234,87.0,297.1,99.5,2196.0,0,sobrecalentamiento
17,235,85.8,287.9,92.6,2209.0,0,sobrecalentamiento
17,236,91.5,273.1,90.2,2068.0,0,sobrecalentamiento
17,237,90.6,291.9,93.8,1923.0,0,sobrecalentamiento
17,238,86.5,293.4,96.8,2028.0,0,sobrecalentamiento
17,239,90.1,290.5,98.4,2161.0,0,sobrecalentamiento
17,240,87.3,259.9,100.0,2268.0,0,sobrecalentamiento
17,241,87.0,296.8,96.2,2096.0,0,sobrecalentamiento
17,242,87.9,280.9,98.0,2051.0,0,sobrecalentamiento
17,243,89.9,296.9,100.0,2292.0,0,sobrecalentamiento
17,244,85.3,307.0,91.9,2132.0,0,sobrecalentamiento
17,245,89.5,287.5,94.2,2002.0,0,sobrecalentamiento
17,246,95.5,294.4,100.0,2090.0,1,sobrecalentamiento
17,247,88.5,290.3,98.4,2180.0,0,sobrecalentamiento
17,248,88.1,295.3,97.0,2094.0,0,sobrecalentamiento
17,249,87.7,291.0,98.6,2164.0,0,sobrecalentamiento
17,250,89.4,284.8,89.7,1972.0,0,sobrecalentamiento
17,251,83.2,281.0,92.4,1985.0,1,sobrecalentamiento
17,252,93.1,305.9,91.0,2041.0,0,sobrecalentamiento
17,253,90.9,294.4,96.7,2077.0,0,sobrecalentamiento
17,254,86.1,298.3,93.5,2127.0,0,sobrecalentamiento
17,255,88.1,294.0,95.4,2151.0,0,sobrecalentamiento
17,256,86.3,299.8,93.8,2297.0,0,sobrecalentamiento
17,257,88.9,281.0,88.5,2041.0,0,sobrecalentamiento
17,258,88.2,290.8,98.5,2075.0,0,sobrecalentamiento
17,259,88.7,295.1,88.0,2043.0,0,sobrecalentamiento
17,260,84.9,302.9,92.1,2186.0,1,sobrecalentamiento
17,261,86.6,316.7,89.7,2191.0,0,sobrecalentamiento
17,262,91.4,294.1,91.5,2064.0,0,sobrecalentamiento
17,263,86.4,283.4,95.8,2265.0,0,sobrecalentamiento
17,264,80.1,278.0,99.9,2043.0,0,sobrecalentamiento
17,265,87.5,281.0,88.8,2182.0,0,sobrecalentamiento
17,266,95.2,282.3,92.8,2216.0,0,sobrecalentamiento
17,267,90.5,261.0,88.0,1991.0,1,sobrecalentamiento
17,268,86.2,283.2,92.6,2146.0,0,sobrecalentamiento
17,269,87.8,297.2,95.3,1882.0,0,sobrecalentamiento
17,270,90.0,290.8,98.1,2166.0,1,sobrecalentamiento
17,271,82.7,287.4,86.5,2012.0,0,sobrecalentamiento
17,272,85.4,273.8,97.2,2145.0,0,sobrecalentamiento
17,273,89.2,300.5,91.1,2160.0,0,sobrecalentamiento
17,274,92.8,295.1,90.1,2190.0,0,sobrecalentamiento
17,275,86.7,289.9,95.3,2171.0,0,sobrecalentamiento
17,276,92.7,268.0,97.5,2104.0,0,sobrecalentamiento
17,277,85.7,285.1,94.6,2070.0,0,sobrecalentamiento
17,278,77.8,294.3,90.6,2094.0,0,sobrecalentamiento
17,279,90.2,289.7,94.6,2011.0,0,sobrecalentamiento
17,280,89.6,291.9,92.1,2083.0,1,sobrecalentamiento
17,281,90.2,296.9,97.4,2077.0,0,sobrecalentamiento
17,282,90.1,291.5,99.3,2037.0,0,sobrecalentamiento
17,283,88.6,296.5,99.0,1961.0,0,sobrecalentamiento
17,284,87.2,281.6,94.9,1998.0,0,sobrecalentamiento
17,285,87.3,277.8,99.5,1848.0,0,sobrecalentamiento
17,286,86.6,294.8,90.9,2075.0,0,sobrecalentamiento
17,287,86.8,296.8,100.0,2129.0,1,sobrecalentamiento
17,288,82.6,295.2,90.9,1885.0,0,sobrecalentamiento
17,289,84.4,291.3,86.9,2119.0,0,sobrecalentamiento
17,290,87.5,286.8,100.0,2090.0,0,sobrecalentamiento
17,291,81.3,292.1,92.2,2006.0,0,sobrecalentamiento
17,292,82.0,293.8,95.5,2066.0,0,sobrecalentamiento
17,293,87.0,294.4,90.9,2184.0,0,sobrecalentamiento
17,294,87.6,316.1,100.0,2022.0,0,sobrecalentamiento
17,295,87.1,280.8,100.0,2106.0,0,sobrecalentamiento
17,296,80.9,322.3,100.0,2128.0,0,sobrecalentamiento
17,297,92.7,277.4,95.4,2034.0,0,sobrecalentamiento
17,298,83.7,293.9,98.9,2181.0,0,sobrecalentamiento
17,299,85.5,278.1,94.8,2132.0,0,sobrecalentamiento
18,0,88.0,278.6,100.0,2194.0,0,sobrecalentamiento
18,1,93.7,277.6,99.6,2057.0,0,sobrecalentamiento
18,2,87.2,281.5,93.9,2014.0,0,sobrecalentamiento
18,3,83.7,289.3,93.7,2102.0,0,sobrecalentamiento
18,4,92.4,295.1,100.0,2074.0,0,sobrecalentamiento
18,5,90.2,296.2,100.0,2164.0,0,sobrecalentamiento
18,6,90.3,299.4,91.3,2165.0,0,sobrecalentamiento
18,7,92.5,288.9,90.8,2053.0,0,sobrecalentamiento
18,8,93.2,286.0,93.8,1985.0,0,sobrecalentamiento
18,9,85.3,306.3,96.7,2004.0,0,sobrecalentamiento
18,10,83.8,262.2,92.9,1917.0,0,sobrecalentamiento
18,11,90.5,290.6,96.8,2078.0,0,sobrecalentamiento
18,12,87.2,294.3,100.0,2099.0,0,sobrecalentamiento
18,13,87.5,308.7,89.4,2009.0,1,sobrecalentamiento
18,14,84.6,273.4,93.2,1999.0,0,sobrecalentamiento
18,15,89.8,285.8,89.5,2099.0,0,sobrecalentamiento
18,16,89.2,276.4,91.7,2049.0,0,sobrecalentamiento
18,17,87.5,272.0,93.8,2083.0,0,sobrecalentamiento
18,18,83.8,288.0,92.1,2071.0,0,sobrecalentamiento
18,19,91.6,298.3,97.1,2120.0,0,sobrecalentamiento
18,20,88.8,302.1,95.6,2055.0,0,sobrecalentamiento
18,21,91.4,284.7,96.2,2061.0,0,sobrecalentamiento
18,22,81.7,296.7,93.8,1949.0,1,sobrecalentamiento
18,23,88.2,288.0,94.1,2096.0,0,sobrecalentamiento
18,24,85.8,295.6,93.6,2107.0,0,sobrecalentamiento
18,25,88.1,301.5,94.0,2086.0,0,sobrecalentamiento
18,26,90.8,288.1,96.7,2253.0,0,sobrecalentamiento
18,27,89.1,300.8,87.3,2113.0,0,sobrecalentamiento
18,28,88.1,277.9,96.2,2087.0,0,sobrecalentamiento
18,29,88.0,296.6,91.5,2140.0,0,sobrecalentamiento
18,30,83.3,300.3,93.6,2269.0,0,sobrecalentamiento
18,31,85.3,299.3,88.8,2120.0,0,sobrecalentamiento
18,32,91.4,278.1,93.6,1922.0,0,sobrecalentamiento
18,33,86.5,287.9,96.1,2135.0,0,sobrecalentamiento
18,34,91.4,293.0,96.8,2030.0,0,sobrecalentamiento
18,35,90.5,294.4,90.3,1946.0,0,sobrecalentamiento
18,36,90.6,291.2,96.6,2236.0,0,sobrecalentamiento
18,37,89.0,304.3,99.6,2219.0,0,sobrecalentamiento
18,38,86.7,277.0,93.0,2028.0,0,sobrecalentamiento
18,39,87.5,287.6,95.0,2028.0,0,sobrecalentamiento
18,40,89.9,273.1,86.7,2113.0,0,sobrecalentamiento
18,41,81.6,296.2,91.4,2029.0,0,sobrecalentamiento
18,42,91.7,295.5,96.1,2089.0,0,sobrecalentamiento
18,43,86.5,323.5,98.8,2043.0,0,sobrecalentamiento
18,44,87.7,300.3,92.6,2068.0,1,sobrecalentamiento
18,45,87.8,293.3,100.0,1988.0,0,sobrecalentamiento
18,46,87.9,292.5,96.3,2166.0,0,sobrecalentamiento
18,47,84.1,286.8,89.9,2196.0,0,sobrecalentamiento
18,48,88.5,291.3,100.0,2092.0,1,sobrecalentamiento
18,49,89.8,292.8,90.0,2097.0,0,sobrecalentamiento
18,50,81.9,270.4,96.3,2150.0,0,sobrecalentamiento
18,51,84.1,292.0,91.3,2100.0,0,sobrecalentamiento
18,52,90.7,291.0,89.6,2238.0,0,sobrecalentamiento
18,53,90.1,307.5,98.8,1995.0,0,sobrecalentamiento
18,54,88.9,288.7,94.0,2169.0,0,sobrecalentamiento
18,55,86.0,282.3,100.0,2091.0,1,sobrecalentamiento
18,56,90.1,292.7,90.9,2010.0,0,sobrecalentamiento
18,57,84.4,290.7,88.8,2280.0,0,sobrecalentamiento
18,58,87.6,288.7,93.1,2291.0,0,sobrecalentamiento
18,59,84.1,277.2,100.0,2083.0,0,sobrecalentamiento
18,60,87.5,288.4,98.3,2136.0,0,sobrecalentamiento
18,61,84.9,284.2,97.2,2062.0,0,sobrecalentamiento
18,62,90.3,287.8,97.3,2075.0,0,sobrecalentamiento
18,63,89.3,297.3,93.1,2009.0,0,sobrecalentamiento
18,64,86.3,283.3,100.0,1998.0,0,sobrecalentamiento
18,65,91.3,287.8,96.8,2248.0,0,sobrecalentamiento
18,66,85.1,295.4,96.5,2097.0,0,sobrecalentamiento
18,67,87.9,287.3,98.9,2104.0,0,sobrecalentamiento
18,68,86.2,316.1,89.9,2035.0,0,sobrecalentamiento
18,69,90.2,292.5,91.5,2115.0,1,sobrecalentamiento
18,70,89.9,277.6,94.0,1980.0,1,sobrecalentamiento
18,71,91.9,281.6,99.0,2038.0,0,sobrecalentamiento
18,72,88.2,280.6,89.8,2004.0,0,sobrecalentamiento
18,73,79.1,281.7,94.7,2203.0,0,sobrecalentamiento
18,74,86.7,295.4,94.2,1968.0,0,sobrecalentamiento
18,75,92.7,278.9,88.7,2006.0,0,sobrecalentamiento
18,76,87.0,286.7,93.0,1936.0,0,sobrecalentamiento
18,77,82.2,301.4,97.2,2029.0,0,sobrecalentamiento
18,78,89.3,284.8,89.1,2063.0,0,sobrecalentamiento
18,79,89.6,296.7,100.0,2178.0,0,sobrecalentamiento
18,80,85.8,273.2,96.9,2082.0,0,sobrecalentamiento
18,81,87.3,286.3,96.4,2067.0,0,sobrecalentamiento
18,82,85.5,281.1,95.0,2124.0,0,sobrecalentamiento
18,83,89.6,293.0,90.6,2065.0,0,sobrecalentamiento
18,84,88.2,279.7,92.4,2293.0,0,sobrecalentamiento
18,85,84.5,310.7,96.4,2053.0,0,sobrecalentamiento
18,86,88.0,273.6,92.4,2133.0,0,sobrecalentamiento
18,87,85.8,301.4,95.8,2166.0,0,sobrecalentamiento
18,88,92.4,298.8,91.4,2050.0,1,sobrecalentamiento
18,89,90.7,293.1,96.8,2113.0,0,sobrecalentamiento
18,90,87.6,290.5,97.1,2060.0,0,sobrecalentamiento
18,91,88.2,308.5,88.5,2122.0,0,sobrecalentamiento
18,92,91.0,314.7,95.3,2108.0,0,sobrecalentamiento
18,93,87.5,287.9,88.9,2089.0,0,sobrecalentamiento
18,94,90.3,291.6,87.6,2008.0,0,sobrecalentamiento
18,95,92.4,284.5,92.6,2249.0,0,sobrecalentamiento
18,96,86.5,278.3,100.0,2147.0,1,sobrecalentamiento
18,97,92.9,294.6,98.1,1973.0,0,sobrecalentamiento
18,98,92.1,292.5,100.0,2066.0,0,sobrecalentamiento
18,99,88.7,273.9,97.4,1974.0,0,sobrecalentamiento
18,100,86.7,294.6,95.8,2161.0,0,sobrecalentamiento
18,101,88.7,292.8,98.6,2098.0,0,sobrecalentamiento
18,102,87.3,284.0,92.4,2100.0,0,sobrecalentamiento
18,103,85.6,283.3,96.9,2033.0,0,sobrecalentamiento
18,104,89.6,294.2,99.7,2075.0,0,sobrecalentamiento
18,105,84.9,306.1,97.8,2163.0,0,sobrecalentamiento
18,106,87.0,294.0,100.0,2184.0,0,sobrecalentamiento
18,107,87.0,297.8,95.7,2168.0,1,sobrecalentamiento
18,108,83.9,281.7,100.0,1976.0,0,sobrecalentamiento
18,109,90.0,285.9,94.2,2085.0,0,sobrecalentamiento
18,110,87.3,296.1,100.0,2120.0,0,sobrecalentamiento
18,111,91.9,276.4,97.3,2041.0,0,sobrecalentamiento
18,112,87.3,292.1,93.5,1967.0,0,sobrecalentamiento
18,113,86.8,294.9,90.3,1997.0,0,sobrecalentamiento
18,114,85.3,289.6,91.8,2220.0,0,sobrecalentamiento
18,115,88.1,293.2,91.2,2005.0,0,sobrecalentamiento
18,116,88.1,290.6,94.6,2104.0,0,sobrecalentamiento
18,117,90.2,283.8,89.9,2087.0,1,sobrecalentamiento
18,118,88.2,278.2,100.0,2088.0,0,sobrecalentamiento
18,119,94.3,289.1,95.4,2074.0,0,sobrecalentamiento
18,120,89.4,303.0,95.3,2163.0,0,sobrecalentamiento
18,121,85.0,300.2,90.3,2103.0,0,sobrecalentamiento
18,122,84.8,286.5,91.9,2050.0,0,sobrecalentamiento
18,123,89.6,286.3,86.1,2104.0,0,sobrecalentamiento
18,124,84.9,285.6,100.0,1998.0,0,sobrecalentamiento
18,125,89.8,285.6,89.3,2138.0,0,sobrecalentamiento
18,126,90.7,292.9,89.6,2046.0,0,sobrecalentamiento
18,127,90.8,300.6,100.0,2050.0,0,sobrecalentamiento
18,128,85.4,312.6,96.6,2141.0,0,sobrecalentamiento
18,129,90.8,281.7,95.5,2067.0,0,sobrecalentamiento
18,130,89.0,296.5,96.4,2072.0,0,sobrecalentamiento
18,131,86.2,295.4,98.8,2193.0,0,sobrecalentamiento
18,132,87.5,286.7,95.4,2022.0,0,sobrecalentamiento
18,133,89.4,279.7,88.8,2140.0,0,sobrecalentamiento
18,134,86.0,292.8,97.9,2176.0,0,sobrecalentamiento
18,135,88.9,311.2,96.7,2193.0,1,sobrecalentamiento
18,136,92.3,292.7,99.7,2274.0,0,sobrecalentamiento
18,137,90.9,282.1,90.0,2049.0,0,sobrecalentamiento
18,138,88.2,288.4,92.1,2031.0,0,sobrecalentamiento
18,139,88.7,278.6,96.6,2165.0,0,sobrecalentamiento
18,140,86.4,290.2,91.2,2175.0,0,sobrecalentamiento
18,141,86.5,296.8,85.6,2037.0,0,sobrecalentamiento
18,142,83.4,283.1,95.8,2139.0,0,sobrecalentamiento
18,143,88.8,257.4,98.6,2318.0,0,sobrecalentamiento
18,144,90.0,292.8,94.5,2108.0,1,sobrecalentamiento
18,145,87.8,285.0,97.2,2174.0,0,sobrecalentamiento
18,146,85.4,282.5,96.6,2226.0,0,sobrecalentamiento
18,147,88.2,282.4,95.0,2300.0,0,sobrecalentamiento
18,148,92.0,294.0,95.5,2120.0,0,sobrecalentamiento
18,149,90.7,285.9,100.0,2200.0,0,sobrecalentamiento
18,150,87.9,299.3,91.1,2037.0,1,sobrecalentamiento
18,151,94.1,299.5,98.1,2102.0,1,sobrecalentamiento
18,152,96.1,287.3,90.3,2064.0,0,sobrecalentamiento
18,153,86.6,284.8,91.8,1949.0,0,sobrecalentamiento
18,154,87.3,291.3,99.8,1972.0,0,sobrecalentamiento
18,155,90.1,288.5,90.2,2134.0,0,sobrecalentamiento
18,156,85.3,272.5,94.0,2136.0,0,sobrecalentamiento
18,157,90.5,309.1,100.0,2017.0,0,sobrecalentamiento
18,158,88.3,297.1,99.1,2225.0,0,sobrecalentamiento
18,159,89.1,285.4,92.1,2011.0,0,sobrecalentamiento
18,160,86.3,270.8,92.7,2121.0,1,sobrecalentamiento
18,161,85.6,288.2,94.3,2067.0,0,sobrecalentamiento
18,162,82.0,284.1,100.0,2109.0,0,sobrecalentamiento
18,163,92.5,289.4,91.0,2172.0,0,sobrecalentamiento
18,164,90.8,268.4,90.8,2161.0,0,sobrecalentamiento
18,165,90.0,285.3,97.9,2157.0,0,sobrecalentamiento
18,166,89.0,285.9,88.3,2146.0,0,sobrecalentamiento
18,167,81.1,288.1,91.4,1998.0,0,sobrecalentamiento
18,168,85.7,287.6,94.7,2191.0,0,sobrecalentamiento
18,169,87.2,290.5,94.9,2015.0,0,sobrecalentamiento
18,170,84.8,305.2,89.5,2092.0,0,sobrecalentamiento
18,171,82.9,284.8,96.4,2072.0,0,sobrecalentamiento
18,172,85.1,280.9,97.2,2128.0,0,sobrecalentamiento
18,173,88.1,272.7,92.4,2061.0,0,sobrecalentamiento
18,174,88.1,284.9,100.0,2087.0,0,sobrecalentamiento
18,175,90.7,276.0,96.4,2230.0,0,sobrecalentamiento
18,176,94.2,299.6,91.0,1996.0,0,sobrecalentamiento
18,177,90.1,289.0,100.0,2100.0,0,sobrecalentamiento
18,178,87.5,299.4,92.9,2011.0,0,sobrecalentamiento
18,179,93.4,304.7,95.7,2154.0,0,sobrecalentamiento
18,180,83.3,281.3,93.1,2042.0,0,sobrecalentamiento
18,181,81.8,286.5,97.5,2103.0,0,sobrecalentamiento
18,182,85.3,303.3,93.1,1994.0,0,sobrecalentamiento
18,183,90.4,291.9,93.3,2203.0,0,sobrecalentamiento
18,184,88.5,295.2,94.4,2106.0,0,sobrecalentamiento
18,185,84.6,300.3,93.0,2111.0,0,sobrecalentamiento
18,186,85.8,299.0,99.3,2166.0,0,sobrecalentamiento
18,187,84.3,294.1,90.0,2000.0,0,sobrecalentamiento
18,188,84.3,304.0,94.9,2051.0,0,sobrecalentamiento
18,189,92.7,289.3,95.4,2114.0,0,sobrecalentamiento
18,190,87.6,295.2,94.5,1959.0,0,sobrecalentamiento
18,191,93.3,288.2,98.9,1968.0,1,sobrecalentamiento
18,192,85.3,300.2,89.0,2034.0,0,sobrecalentamiento
18,193,89.5,283.0,97.3,2009.0,0,sobrecalentamiento
18,194,88.7,273.2,90.0,2072.0,0,sobrecalentamiento
18,195,90.6,296.5,93.0,2142.0,1,sobrecalentamiento
18,196,88.8,279.8,89.6,2160.0,0,sobrecalentamiento
18,197,91.0,278.8,93.7,2245.0,0,sobrecalentamiento
18,198,89.7,302.6,92.7,2098.0,0,sobrecalentamiento
18,199,84.7,299.7,100.0,2112.0,0,sobrecalentamiento
18,200,90.2,286.6,96.0,2098.0,0,sobrecalentamiento
18,201,87.7,259.5,96.8,2126.0,0,sobrecalentamiento
18,202,85.7,295.3,90.6,2132.0,0,sobrecalentamiento
18,203,90.1,296.6,98.0,2174.0,0,sobrecalentamiento
18,204,90.8,295.2,100.0,2173.0,0,sobrecalentamiento
18,205,86.5,294.7,98.5,2142.0,0,sobrecalentamiento
18,206,86.9,288.2,89.8,2221.0,0,sobrecalentamiento
18,207,83.8,285.9,93.1,2102.0,0,sobrecalentamiento
18,208,82.6,278.9,95.4,2051.0,0,sobrecalentamiento
18,209,87.3,283.0,92.7,2064.0,1,sobrecalentamiento
18,210,90.4,293.2,100.0,2092.0,0,sobrecalentamiento
18,211,86.3,293.4,93.1,2013.0,0,sobrecalentamiento
18,212,92.3,297.9,94.8,2051.0,1,sobrecalentamiento
18,213,87.4,275.9,92.6,2009.0,0,sobrecalentamiento
18,214,87.4,273.4,95.9,2128.0,0,sobrecalentamiento
18,215,87.1,286.2,100.0,2128.0,0,sobrecalentamiento
18,216,90.9,279.8,95.5,1958.0,0,sobrecalentamiento
18,217,85.1,291.9,94.1,2048.0,0,sobrecalentamiento
18,218,87.6,276.9,90.7,2246.0,0,sobrecalentamiento
18,219,86.4,301.8,99.8,2150.0,0,sobrecalentamiento
18,220,86.3,281.8,94.4,2136.0,0,sobrecalentamiento
18,221,88.1,305.9,94.3,2047.0,0,sobrecalentamiento
18,222,87.7,295.2,85.6,2123.0,0,sobrecalentamiento
18,223,91.2,279.4,94.5,2099.0,0,sobrecalentamiento
18,224,88.0,310.9,93.4,2036.0,0,sobrecalentamiento
18,225,89.7,292.7,87.7,2060.0,0,sobrecalentamiento
18,226,88.5,291.7,99.0,2062.0,0,sobrecalentamiento
18,227,92.2,289.3,92.9,1981.0,0,sobrecalentamiento
18,228,87.1,294.7,100.0,1994.0,0,sobrecalentamiento
18,229,87.1,295.3,100.0,2084.0,0,sobrecalentamiento
18,230,90.2,281.4,92.1,2032.0,0,sobrecalentamiento
18,231,87.1,287.9,100.0,2076.0,0,sobrecalentamiento
18,232,89.5,291.2,100.0,1972.0,0,sobrecalentamiento
18,233,95.0,295.8,92.8,2164.0,0,sobrecalentamiento
18,234,85.1,296.0,90.9,2266.0,0,sobrecalentamiento
18,235,92.6,291.6,86.4,2182.0,0,sobrecalentamiento
18,236,86.5,284.5,96.5,2190.0,0,sobrecalentamiento
18,237,92.0,284.0,91.1,2150.0,0,sobrecalentamiento
18,238,90.1,278.1,96.6,2121.0,0,sobrecalentamiento
18,239,89.8,295.9,92.7,2107.0,0,sobrecalentamiento
18,240,87.5,283.8,91.9,2027.0,0,sobrecalentamiento
18,241,87.2,288.1,92.8,2155.0,0,sobrecalentamiento
18,242,85.8,292.4,89.8,2150.0,0,sobrecalentamiento
18,243,88.0,290.0,92.8,2063.0,0,sobrecalentamiento
18,244,87.4,289.9,92.1,2142.0,1,sobrecalentamiento
18,245,88.6,281.0,94.9,2044.0,0,sobrecalentamiento
18,246,83.8,292.7,95.4,2050.0,0,sobrecalentamiento
18,247,88.1,286.9,90.7,2162.0,0,sobrecalentamiento
18,248,91.8,289.1,99.4,2134.0,0,sobrecalentamiento
18,249,90.8,301.6,94.4,2081.0,0,sobrecalentamiento
18,250,88.1,295.1,100.0,2072.0,0,sobrecalentamiento
18,251,95.7,284.3,96.0,2114.0,0,sobrecalentamiento
18,252,86.3,288.5,95.3,1953.0,1,sobrecalentamiento
18,253,87.7,306.0,93.0,2039.0,0,sobrecalentamiento
18,254,83.6,286.9,97.5,1999.0,0,sobrecalentamiento
18,255,86.8,290.4,95.1,2101.0,1,sobrecalentamiento
18,256,93.4,296.6,98.4,2187.0,1,sobrecalentamiento
18,257,86.9,292.2,100.0,2138.0,0,sobrecalentamiento
18,258,83.4,286.3,92.1,2059.0,0,sobrecalentamiento
18,259,90.6,282.6,97.5,2043.0,0,sobrecalentamiento
18,260,89.2,289.9,97.3,2040.0,0,sobrecalentamiento
18,261,90.5,296.6,96.8,2260.0,0,sobrecalentamiento
18,262,87.1,303.2,93.3,2105.0,0,sobrecalentamiento
18,263,85.0,275.3,93.3,2116.0,0,sobrecalentamiento
18,264,87.4,307.6,92.7,1931.0,0,sobrecalentamiento
18,265,89.7,287.1,92.6,2006.0,0,sobrecalentamiento
18,266,87.8,299.2,91.6,2096.0,0,sobrecalentamiento
18,267,89.2,282.6,94.6,2060.0,0,sobrecalentamiento
18,268,86.4,273.9,92.0,2111.0,0,sobrecalentamiento
18,269,89.3,276.9,96.7,2110.0,0,sobrecalentamiento
18,270,88.0,286.7,95.2,2148.0,0,sobrecalentamiento
18,271,85.9,295.2,95.7,1950.0,0,sobrecalentamiento
18,272,88.4,290.3,93.9,2012.0,0,sobrecalentamiento
18,273,86.8,287.5,95.3,2092.0,0,sobrecalentamiento
18,274,89.9,301.2,94.0,2048.0,0,sobrecalentamiento
18,275,90.6,290.0,98.1,2075.0,0,sobrecalentamiento
18,276,89.5,292.8,93.2,2109.0,1,sobrecalentamiento
18,277,83.1,321.1,96.5,2040.0,0,sobrecalentamiento
18,278,85.1,289.9,89.8,2115.0,0,sobrecalentamiento
18,279,86.1,283.0,97.8,2144.0,0,sobrecalentamiento
18,280,85.6,294.8,92.8,2105.0,0,sobrecalentamiento
18,281,86.4,297.3,91.4,2158.0,0,sobrecalentamiento
18,282,90.8,293.0,90.4,1926.0,0,sobrecalentamiento
18,283,90.1,291.6,90.1,2053.0,0,sobrecalentamiento
18,284,86.7,304.8,93.1,2171.0,0,sobrecalentamiento
18,285,89.8,303.6,100.0,2031.0,0,sobrecalentamiento
18,286,89.0,288.8,92.4,2020.0,1,sobrecalentamiento
18,287,87.9,283.6,86.2,2090.0,0,sobrecalentamiento
18,288,91.4,294.3,96.5,2099.0,0,sobrecalentamiento
18,289,86.0,283.5,90.5,2057.0,0,sobrecalentamiento
18,290,88.2,298.9,98.3,2247.0,0,sobrecalentamiento
18,291,84.8,294.2,93.3,2123.0,0,sobrecalentamiento
18,292,85.0,316.7,93.9,2028.0,0,sobrecalentamiento
18,293,83.9,304.7,99.8,1985.0,0,sobrecalentamiento
18,294,85.0,279.2,97.5,2132.0,1,sobrecalentamiento
18,295,88.2,284.8,90.0,2026.0,0,sobrecalentamiento
18,296,87.1,270.9,90.6,2272.0,0,sobrecalentamiento
18,297,87.2,268.6,87.9,2134.0,0,sobrecalentamiento
18,298,87.1,291.1,100.0,2145.0,0,sobrecalentamiento
18,299,93.3,278.1,91.5,2120.0,0,sobrecalentamiento
19,0,85.4,291.9,94.9,2137.0,0,sobrecalentamiento
19,1,90.2,302.3,92.6,2127.0,0,sobrecalentamiento
19,2,84.1,280.1,99.5,2122.0,0,sobrecalentamiento
19,3,85.7,273.9,100.0,2208.0,0,sobrecalentamiento
19,4,85.0,303.9,90.5,2099.0,0,sobrecalentamiento
19,5,90.2,290.8,95.2,2097.0,0,sobrecalentamiento
19,6,85.9,298.1,100.0,2164.0,0,sobrecalentamiento
19,7,87.1,298.6,94.5,2144.0,0,sobrecalentamiento
19,8,85.8,300.3,93.4,2028.0,0,sobrecalentamiento
19,9,91.4,286.2,98.4,2093.0,0,sobrecalentamiento
19,10,85.4,283.5,93.9,2135.0,0,sobrecalentamiento
19,11,83.8,270.0,100.0,2053.0,0,sobrecalentamiento
19,12,83.7,280.1,92.6,2057.0,0,sobrecalentamiento
19,13,90.1,290.6,93.1,1989.0,0,sobrecalentamiento
19,14,90.3,283.0,98.2,1869.0,0,sobrecalentamiento
19,15,91.7,278.6,95.4,2070.0,0,sobrecalentamiento
19,16,84.2,290.5,95.4,2110.0,0,sobrecalentamiento
19,17,87.3,303.4,87.4,2012.0,0,sobrecalentamiento
19,18,95.3,289.4,93.6,2210.0,0,sobrecalentamiento
19,19,87.1,278.7,98.5,2016.0,0,sobrecalentamiento
19,20,86.3,302.7,91.9,2173.0,1,sobrecalentamiento
19,21,87.9,282.3,97.8,2133.0,0,sobrecalentamiento
19,22,89.6,304.8,96.1,2274.0,1,sobrecalentamiento
19,23,89.5,287.4,94.2,2143.0,0,sobrecalentamiento
19,24,86.2,291.0,100.0,1984.0,0,sobrecalentamiento
19,25,86.2,305.6,93.6,2184.0,0,sobrecalentamiento
19,26,87.1,276.5,93.9,2236.0,0,sobrecalentamiento
19,27,85.8,279.5,94.2,1958.0,0,sobrecalentamiento
19,28,84.3,286.7,95.3,2151.0,0,sobrecalentamiento
19,29,93.4,288.6,98.1,2169.0,0,sobrecalentamiento
19,30,86.8,316.4,89.1,2083.0,0,sobrecalentamiento
19,31,86.9,281.1,98.5,1906.0,0,sobrecalentamiento
19,32,87.0,277.0,95.3,2076.0,0,sobrecalentamiento
19,33,87.8,280.6,97.2,2054.0,0,sobrecalentamiento
19,34,89.3,292.3,100.0,2222.0,0,sobrecalentamiento
19,35,86.6,294.9,93.0,2093.0,1,sobrecalentamiento
19,36,91.4,282.9,90.1,2067.0,0,sobrecalentamiento
19,37,89.8,290.2,95.8,2053.0,0,sobrecalentamiento
19,38,87.4,309.5,96.4,2126.0,0,sobrecalentamiento
19,39,86.0,290.4,98.5,2105.0,0,sobrecalentamiento
19,40,91.3,293.2,92.8,2037.0,1,sobrecalentamiento
19,41,87.5,308.9,91.7,2121.0,0,sobrecalentamiento
19,42,84.3,283.0,88.9,2055.0,0,sobrecalentamiento
19,43,91.1,282.4,89.5,1893.0,0,sobrecalentamiento
19,44,85.8,285.3,93.3,2153.0,0,sobrecalentamiento
19,45,90.6,284.7,94.5,2146.0,0,sobrecalentamiento
19,46,80.5,271.8,100.0,2116.0,0,sobrecalentamiento
19,47,86.9,291.4,88.2,2065.0,0,sobrecalentamiento
19,48,91.5,292.2,96.3,2094.0,1,sobrecalentamiento
19,49,88.0,288.1,92.1,2166.0,0,sobrecalentamiento
19,50,89.8,292.5,95.9,2049.0,0,sobrecalentamiento
19,51,85.3,292.6,92.8,2169.0,0,sobrecalentamiento
19,52,89.0,276.8,99.1,1982.0,1,sobrecalentamiento
19,53,88.0,292.9,99.1,2113.0,0,sobrecalentamiento
19,54,88.7,295.6,94.5,2102.0,0,sobrecalentamiento
19,55,94.1,274.0,100.0,2180.0,0,sobrecalentamiento
19,56,91.9,304.6,98.0,2026.0,0,sobrecalentamiento
19,57,90.4,277.6,100.0,2035.0,0,sobrecalentamiento
19,58,90.4,278.6,94.8,1988.0,0,sobrecalentamiento
19,59,85.3,292.0,98.8,2055.0,1,sobrecalentamiento
19,60,86.6,295.3,91.9,2120.0,0,sobrecalentamiento
19,61,83.4,297.8,91.5,1956.0,0,sobrecalentamiento
19,62,84.2,295.6,100.0,2065.0,1,sobrecalentamiento
19,63,85.3,284.8,90.7,2149.0,1,sobrecalentamiento
19,64,87.9,291.1,93.3,2092.0,0,sobrecalentamiento
19,65,84.3,286.8,87.4,2106.0,0,sobrecalentamiento
19,66,87.9,291.7,91.6,1980.0,0,sobrecalentamiento
19,67,87.5,290.7,91.0,2092.0,0,sobrecalentamiento
19,68,84.6,285.0,92.3,2102.0,1,sobrecalentamiento
19,69,92.6,286.5,96.2,2087.0,0,sobrecalentamiento
19,70,84.0,271.5,97.2,2112.0,0,sobrecalentamiento
19,71,91.4,298.3,91.0,2075.0,0,sobrecalentamiento
19,72,81.2,293.0,91.8,2064.0,0,sobrecalentamiento
19,73,87.6,266.9,99.3,2017.0,0,sobrecalentamiento
19,74,84.4,297.9,100.0,2178.0,1,sobrecalentamiento
19,75,86.0,289.5,100.0,2002.0,0,sobrecalentamiento
19,76,93.4,280.6,88.4,2113.0,0,sobrecalentamiento
19,77,87.0,279.7,99.8,2245.0,0,sobrecalentamiento
19,78,84.7,283.1,100.0,2188.0,0,sobrecalentamiento
19,79,89.5,280.7,88.2,2141.0,0,sobrecalentamiento
19,80,86.9,282.0,99.3,2120.0,0,sobrecalentamiento
19,81,88.5,307.0,95.9,2090.0,2,sobrecalentamiento
19,82,85.3,293.7,93.7,2028.0,1,sobrecalentamiento
19,83,85.4,310.4,95.4,2080.0,0,sobrecalentamiento
19,84,85.6,292.3,96.8,2146.0,1,sobrecalentamiento
19,85,90.4,295.8,99.6,2131.0,0,sobrecalentamiento
19,86,87.3,281.2,99.4,2163.0,0,sobrecalentamiento
19,87,84.9,288.3,89.0,2198.0,0,sobrecalentamiento
19,88,88.5,289.2,92.4,2087.0,0,sobrecalentamiento
19,89,88.2,296.2,95.4,2115.0,0,sobrecalentamiento
19,90,89.7,289.5,100.0,1948.0,0,sobrecalentamiento
19,91,86.6,293.5,84.1,2280.0,0,sobrecalentamiento
19,92,87.8,293.2,92.6,2067.0,0,sobrecalentamiento
19,93,89.3,287.0,88.9,2152.0,0,sobrecalentamiento
19,94,85.0,285.9,89.5,2067.0,0,sobrecalentamiento
19,95,90.7,283.3,98.9,2065.0,0,sobrecalentamiento
19,96,88.0,300.8,92.9,2081.0,0,sobrecalentamiento
19,97,84.7,287.0,85.7,2000.0,0,sobrecalentamiento
19,98,84.7,293.3,94.4,1902.0,0,sobrecalentamiento
19,99,87.7,288.4,100.0,2193.0,0,sobrecalentamiento
19,100,86.3,300.6,87.8,2144.0,1,sobrecalentamiento
19,101,90.3,270.1,97.1,2027.0,0,sobrecalentamiento
19,102,87.1,293.0,100.0,2136.0,0,sobrecalentamiento
19,103,88.9,277.5,94.8,2166.0,0,sobrecalentamiento
19,104,85.5,293.9,100.0,2045.0,0,sobrecalentamiento
19,105,87.9,288.5,92.4,2133.0,0,sobrecalentamiento
19,106,91.9,275.2,100.0,2181.0,0,sobrecalentamiento
19,107,87.6,293.4,99.8,1985.0,0,sobrecalentamiento
19,108,86.3,292.2,94.9,2143.0,0,sobrecalentamiento
19,109,85.4,287.7,89.1,2129.0,0,sobrecalentamiento
19,110,87.9,289.0,91.0,2250.0,0,sobrecalentamiento
19,111,92.2,291.6,85.6,2145.0,0,sobrecalentamiento
19,112,83.9,301.8,97.4,2067.0,0,sobrecalentamiento
19,113,87.9,286.9,96.9,2076.0,0,sobrecalentamiento
19,114,82.9,300.1,95.3,2262.0,1,sobrecalentamiento
19,115,86.8,289.6,94.5,2072.0,0,sobrecalentamiento
19,116,88.8,303.0,100.0,2147.0,0,sobrecalentamiento
19,117,83.3,287.6,96.2,2081.0,0,sobrecalentamiento
19,118,86.7,283.3,92.8,2187.0,1,sobrecalentamiento
19,119,88.9,279.0,95.6,2190.0,0,sobrecalentamiento
19,120,88.4,289.7,100.0,2098.0,0,sobrecalentamiento
19,121,89.0,282.1,97.5,2067.0,0,sobrecalentamiento
19,122,85.1,304.0,93.4,2066.0,0,sobrecalentamiento
19,123,88.9,281.3,94.8,1962.0,0,sobrecalentamiento
19,124,86.2,283.1,96.9,2108.0,1,sobrecalentamiento
19,125,90.1,295.8,93.3,2106.0,0,sobrecalentamiento
19,126,81.1,301.9,93.0,2035.0,0,sobrecalentamiento
19,127,87.1,297.3,95.0,1953.0,0,sobrecalentamiento
19,128,88.3,300.6,100.0,2117.0,0,sobrecalentamiento
19,129,92.0,289.2,98.2,2127.0,0,sobrecalentamiento
19,130,88.3,289.3,93.4,2132.0,1,sobrecalentamiento
19,131,88.6,310.1,98.5,2021.0,0,sobrecalentamiento
19,132,89.1,306.9,95.0,2132.0,0,sobrecalentamiento
19,133,91.8,297.1,96.4,2086.0,0,sobrecalentamiento
19,134,86.9,301.1,96.0,2169.0,0,sobrecalentamiento
19,135,83.8,298.6,86.6,2022.0,0,sobrecalentamiento
19,136,83.2,277.9,82.8,2192.0,0,sobrecalentamiento
19,137,90.0,289.6,95.9,2221.0,0,sobrecalentamiento
19,138,88.7,305.0,91.6,2109.0,1,sobrecalentamiento
19,139,87.2,297.2,88.4,2132.0,0,sobrecalentamiento
19,140,86.2,289.4,91.7,2163.0,1,sobrecalentamiento
19,141,88.5,305.1,98.7,2018.0,0,sobrecalentamiento
19,142,88.6,293.7,96.4,2061.0,0,sobrecalentamiento
19,143,89.4,297.6,98.1,2115.0,0,sobrecalentamiento
19,144,84.7,293.7,96.8,2262.0,0,sobrecalentamiento
19,145,82.7,295.4,91.3,2004.0,0,sobrecalentamiento
19,146,85.3,296.1,98.1,2231.0,0,sobrecalentamiento
19,147,83.9,303.0,97.3,2085.0,0,sobrecalentamiento
19,148,83.8,304.3,94.5,2097.0,0,sobrecalentamiento
19,149,92.7,285.5,95.2,2197.0,0,sobrecalentamiento
19,150,81.2,293.6,98.2,2262.0,0,sobrecalentamiento
19,151,89.4,302.7,92.0,2134.0,0,sobrecalentamiento
19,152,90.7,288.7,99.4,2193.0,0,sobrecalentamiento
19,153,91.0,276.9,97.3,2026.0,0,sobrecalentamiento
19,154,88.8,280.9,95.0,2058.0,0,sobrecalentamiento
19,155,92.0,281.6,100.0,1992.0,0,sobrecalentamiento
19,156,93.4,285.4,89.8,2059.0,0,sobrecalentamiento
19,157,87.1,282.5,93.2,2145.0,0,sobrecalentamiento
19,158,89.3,300.3,92.3,2117.0,0,sobrecalentamiento
19,159,91.8,287.2,96.4,2238.0,0,sobrecalentamiento
19,160,85.4,302.6,99.7,2264.0,0,sobrecalentamiento
19,161,87.3,278.7,91.1,2089.0,0,sobrecalentamiento
19,162,86.1,286.5,100.0,2046.0,0,sobrecalentamiento
19,163,89.4,291.0,92.3,2193.0,0,sobrecalentamiento
19,164,82.3,298.1,96.4,2201.0,0,sobrecalentamiento
19,165,92.3,301.4,95.0,2135.0,0,sobrecalentamiento
19,166,89.6,284.6,95.2,2156.0,0,sobrecalentamiento
19,167,89.8,299.9,91.8,2144.0,0,sobrecalentamiento
19,168,80.9,273.2,99.3,2021.0,0,sobrecalentamiento
19,169,84.9,298.7,91.6,2003.0,0,sobrecalentamiento
19,170,92.5,276.6,87.9,2096.0,0,sobrecalentamiento
19,171,87.5,294.5,90.5,2084.0,0,sobrecalentamiento
19,172,82.8,301.3,100.0,2122.0,0,sobrecalentamiento
19,173,88.7,298.9,100.0,2090.0,0,sobrecalentamiento
19,174,90.0,273.6,87.0,1964.0,0,sobrecalentamiento
19,175,89.6,285.5,98.3,1931.0,0,sobrecalentamiento
19,176,87.5,297.2,87.1,2159.0,0,sobrecalentamiento
19,177,91.4,296.9,94.9,2047.0,0,sobrecalentamiento
19,178,85.9,292.8,90.2,2081.0,2,sobrecalentamiento
19,179,89.6,268.0,98.6,2055.0,0,sobrecalentamiento
19,180,88.4,302.0,97.2,2027.0,0,sobrecalentamiento
19,181,87.6,303.8,98.9,2025.0,0,sobrecalentamiento
19,182,86.9,291.6,93.8,2182.0,0,sobrecalentamiento
19,183,87.0,292.3,94.2,2081.0,0,sobrecalentamiento
19,184,88.1,295.0,89.0,2151.0,0,sobrecalentamiento
19,185,87.1,304.6,90.9,2162.0,0,sobrecalentamiento
19,186,90.2,292.5,98.8,2125.0,0,sobrecalentamiento
19,187,86.4,288.1,96.5,2164.0,0,sobrecalentamiento
19,188,92.7,293.8,95.4,2101.0,0,sobrecalentamiento
19,189,86.3,289.9,100.0,2209.0,0,sobrecalentamiento
19,190,90.8,290.0,89.8,2166.0,0,sobrecalentamiento
19,191,90.9,272.3,97.9,2177.0,0,sobrecalentamiento
19,192,88.5,295.2,90.3,2025.0,0,sobrecalentamiento
19,193,88.2,301.7,100.0,2121.0,0,sobrecalentamiento
19,194,85.8,300.2,97.2,1953.0,0,sobrecalentamiento
19,195,86.4,299.5,98.9,2212.0,1,sobrecalentamiento
19,196,88.7,289.5,92.2,2050.0,0,sobrecalentamiento
19,197,87.9,291.5,100.0,2061.0,0,sobrecalentamiento
19,198,91.5,301.9,100.0,1991.0,0,sobrecalentamiento
19,199,86.6,298.7,96.7,2097.0,1,sobrecalentamiento
19,200,86.8,304.9,99.7,2079.0,0,sobrecalentamiento
19,201,83.0,283.3,93.8,2246.0,0,sobrecalentamiento
19,202,89.9,283.2,89.9,2169.0,0,sobrecalentamiento
19,203,89.7,286.7,98.2,2059.0,0,sobrecalentamiento
19,204,90.9,280.6,91.3,1967.0,0,sobrecalentamiento
19,205,91.1,276.8,100.0,1917.0,0,sobrecalentamiento
19,206,90.4,294.7,99.2,2018.0,0,sobrecalentamiento
19,207,90.5,294.0,95.9,1994.0,0,sobrecalentamiento
19,208,89.8,292.5,95.7,2128.0,0,sobrecalentamiento
19,209,90.3,293.5,99.0,2088.0,0,sobrecalentamiento
19,210,82.5,275.4,96.1,2101.0,0,sobrecalentamiento
19,211,84.7,285.2,93.4,2024.0,0,sobrecalentamiento
19,212,84.2,287.1,88.9,2112.0,1,sobrecalentamiento
19,213,91.8,290.5,98.8,1986.0,0,sobrecalentamiento
19,214,85.7,275.4,96.5,2093.0,0,sobrecalentamiento
19,215,86.1,280.7,100.0,2166.0,0,sobrecalentamiento
19,216,88.0,285.6,94.6,2071.0,1,sobrecalentamiento
19,217,84.3,300.6,96.2,2135.0,0,sobrecalentamiento
19,218,89.1,292.6,96.3,1942.0,0,sobrecalentamiento
19,219,81.6,300.2,97.6,1935.0,0,sobrecalentamiento
19,220,84.5,288.8,91.1,2126.0,0,sobrecalentamiento
19,221,88.6,290.0,94.7,2184.0,0,sobrecalentamiento
19,222,84.3,295.0,98.3,2081.0,1,sobrecalentamiento
19,223,91.9,288.2,93.7,2272.0,0,sobrecalentamiento
19,224,88.1,283.8,98.2,1985.0,0,sobrecalentamiento
19,225,91.4,275.1,95.4,2046.0,0,sobrecalentamiento
19,226,89.1,284.0,96.6,2111.0,0,sobrecalentamiento
19,227,88.0,298.4,99.6,2137.0,0,sobrecalentamiento
19,228,85.0,302.6,94.1,2053.0,0,sobrecalentamiento
19,229,90.8,282.3,89.2,2015.0,0,sobrecalentamiento
19,230,89.3,272.7,93.9,2150.0,0,sobrecalentamiento
19,231,94.3,299.3,91.7,2111.0,0,sobrecalentamiento
19,232,90.5,290.7,86.5,2072.0,1,sobrecalentamiento
19,233,86.8,276.5,94.6,2140.0,0,sobrecalentamiento
19,234,88.9,258.9,95.8,2089.0,0,sobrecalentamiento
19,235,89.3,280.4,99.1,2089.0,0,sobrecalentamiento
19,236,91.5,285.4,90.4,2086.0,0,sobrecalentamiento
19,237,92.0,278.5,95.4,2034.0,1,sobrecalentamiento
19,238,87.5,296.9,99.5,2026.0,0,sobrecalentamiento
19,239,84.4,281.9,92.7,2058.0,0,sobrecalentamiento
19,240,82.4,290.1,97.1,2103.0,0,sobrecalentamiento
19,241,84.6,313.7,100.0,1950.0,0,sobrecalentamiento
19,242,86.2,291.2,87.6,2176.0,2,sobrecalentamiento
19,243,92.5,288.8,96.1,2101.0,0,sobrecalentamiento
19,244,92.6,289.1,99.7,2015.0,0,sobrecalentamiento
19,245,90.9,296.7,93.6,2229.0,0,sobrecalentamiento
19,246,91.7,295.5,100.0,2103.0,0,sobrecalentamiento
19,247,85.9,280.0,97.5,1993.0,0,sobrecalentamiento
19,248,83.5,285.9,100.0,2226.0,0,sobrecalentamiento
19,249,85.0,283.3,97.3,2208.0,1,sobrecalentamiento
19,250,81.9,287.2,100.0,2027.0,0,sobrecalentamiento
19,251,84.7,308.3,96.2,2074.0,0,sobrecalentamiento
19,252,86.5,296.2,89.5,2063.0,0,sobrecalentamiento
19,253,88.5,289.2,92.5,1949.0,0,sobrecalentamiento
19,254,88.4,302.4,99.1,2126.0,0,sobrecalentamiento
19,255,85.9,291.9,99.0,2168.0,0,sobrecalentamiento
19,256,89.7,273.6,93.8,2153.0,0,sobrecalentamiento
19,257,86.0,306.6,100.0,2103.0,0,sobrecalentamiento
19,258,88.0,288.4,93.6,2175.0,1,sobrecalentamiento
19,259,84.7,267.4,96.8,2009.0,0,sobrecalentamiento
19,260,91.3,274.0,96.7,2245.0,0,sobrecalentamiento
19,261,88.1,301.3,89.7,2038.0,0,sobrecalentamiento
19,262,90.0,274.2,94.6,2047.0,1,sobrecalentamiento
19,263,84.4,303.5,100.0,2054.0,0,sobrecalentamiento
19,264,88.5,290.8,91.3,2048.0,0,sobrecalentamiento
19,265,89.7,297.1,97.5,2085.0,0,sobrecalentamiento
19,266,81.9,287.4,90.4,2081.0,0,sobrecalentamiento
19,267,91.5,295.2,91.3,2110.0,0,sobrecalentamiento
19,268,84.3,293.2,89.3,2035.0,0,sobrecalentamiento
19,269,88.6,289.6,98.8,2113.0,0,sobrecalentamiento
19,270,93.4,279.3,91.5,2013.0,0,sobrecalentamiento
19,271,90.9,293.6,100.0,2159.0,0,sobrecalentamiento
19,272,83.5,271.8,92.9,2158.0,0,sobrecalentamiento
19,273,87.5,299.3,95.5,2100.0,0,sobrecalentamiento
19,274,91.7,292.0,96.6,2048.0,0,sobrecalentamiento
19,275,85.5,294.6,88.5,2125.0,0,sobrecalentamiento
19,276,86.9,263.8,95.8,2029.0,0,sobrecalentamiento
19,277,86.8,278.7,96.4,2103.0,0,sobrecalentamiento
19,278,89.7,284.9,99.6,2088.0,0,sobrecalentamiento
19,279,83.4,296.7,91.2,2310.0,0,sobrecalentamiento
19,280,89.9,280.6,91.7,2002.0,0,sobrecalentamiento
19,281,86.1,315.5,97.6,1887.0,0,sobrecalentamiento
19,282,88.0,287.4,100.0,2049.0,0,sobrecalentamiento
19,283,87.3,279.8,92.6,1963.0,0,sobrecalentamiento
19,284,89.8,288.1,90.1,2042.0,0,sobrecalentamiento
19,285,87.9,280.5,93.7,1996.0,0,sobrecalentamiento
19,286,92.3,278.2,90.9,2028.0,0,sobrecalentamiento
19,287,91.0,300.1,96.6,2015.0,0,sobrecalentamiento
19,288,85.6,295.1,90.7,2177.0,0,sobrecalentamiento
19,289,92.1,295.2,98.9,2096.0,0,sobrecalentamiento
19,290,89.0,302.8,95.9,2186.0,0,sobrecalentamiento
19,291,88.5,294.9,99.0,2103.0,0,sobrecalentamiento
19,292,90.5,279.3,85.3,2174.0,0,sobrecalentamiento
19,293,84.9,297.1,88.0,2076.0,0,sobrecalentamiento
19,294,83.9,278.7,100.0,2228.0,0,sobrecalentamiento
19,295,88.1,285.2,92.1,2138.0,0,sobrecalentamiento
19,296,86.2,289.5,89.1,2038.0,0,sobrecalentamiento
19,297,94.2,288.5,94.2,2150.0,0,sobrecalentamiento
19,298,85.7,272.1,96.0,2102.0,0,sobrecalentamiento
19,299,88.1,280.3,94.4,2084.0,0,sobrecalentamiento
20,0,85.1,309.6,100.0,2054.0,0,sobrecalentamiento
20,1,90.2,281.7,98.3,2143.0,0,sobrecalentamiento
20,2,85.7,304.2,96.7,2016.0,0,sobrecalentamiento
20,3,89.2,294.0,94.4,2110.0,0,sobrecalentamiento
20,4,87.5,282.7,100.0,2014.0,0,sobrecalentamiento
20,5,88.2,278.2,94.0,2097.0,0,sobrecalentamiento
20,6,89.5,283.1,98.8,2016.0,1,sobrecalentamiento
20,7,88.8,294.2,94.4,2068.0,0,sobrecalentamiento
20,8,87.9,280.9,87.6,2046.0,0,sobrecalentamiento
20,9,89.0,305.5,93.9,2036.0,0,sobrecalentamiento
20,10,88.7,287.9,94.4,2093.0,0,sobrecalentamiento
20,11,87.4,297.0,94.4,1906.0,1,sobrecalentamiento
20,12,86.7,296.2,92.4,1956.0,0,sobrecalentamiento
20,13,93.6,306.2,97.5,2164.0,0,sobrecalentamiento
20,14,86.7,285.6,97.9,2112.0,0,sobrecalentamiento
20,15,92.1,291.1,93.8,2042.0,0,sobrecalentamiento
20,16,85.9,276.0,93.7,2178.0,1,sobrecalentamiento
20,17,90.4,291.0,90.8,2049.0,1,sobrecalentamiento
20,18,93.4,301.4,96.0,2054.0,0,sobrecalentamiento
20,19,87.0,292.2,100.0,2037.0,0,sobrecalentamiento
20,20,86.0,313.1,100.0,2253.0,0,sobrecalentamiento
20,21,86.7,295.2,92.6,2119.0,0,sobrecalentamiento
20,22,87.9,284.6,100.0,2116.0,0,sobrecalentamiento
20,23,89.0,294.6,93.6,2137.0,0,sobrecalentamiento
20,24,87.9,275.4,90.9,1952.0,0,sobrecalentamiento
20,25,86.7,282.0,89.6,2052.0,0,sobrecalentamiento
20,26,93.9,277.8,90.7,2136.0,0,sobrecalentamiento
20,27,87.4,290.2,96.3,2100.0,0,sobrecalentamiento
20,28,86.1,289.4,94.0,2276.0,0,sobrecalentamiento
20,29,90.5,302.1,92.5,2057.0,0,sobrecalentamiento
20,30,90.5,289.0,91.6,2175.0,0,sobrecalentamiento
20,31,92.2,280.0,90.7,2164.0,0,sobrecalentamiento
20,32,93.8,305.6,91.4,2111.0,0,sobrecalentamiento
20,33,89.0,260.6,99.1,2126.0,0,sobrecalentamiento
20,34,87.1,290.4,100.0,2077.0,0,sobrecalentamiento
20,35,82.3,292.2,100.0,1942.0,0,sobrecalentamiento
20,36,85.2,289.9,97.7,2128.0,0,sobrecalentamiento
20,37,88.6,295.0,93.0,2134.0,0,sobrecalentamiento
20,38,84.5,291.1,92.3,2147.0,0,sobrecalentamiento
20,39,83.2,295.0,98.0,2105.0,0,sobrecalentamiento
20,40,88.2,284.0,94.0,2178.0,0,sobrecalentamiento
20,41,90.3,275.4,96.6,2031.0,0,sobrecalentamiento
20,42,87.3,289.5,100.0,2217.0,0,sobrecalentamiento
20,43,90.7,279.7,95.9,2021.0,0,sobrecalentamiento
20,44,89.8,282.7,100.0,2091.0,0,sobrecalentamiento
20,45,91.4,301.6,90.5,2154.0,0,sobrecalentamiento
20,46,94.5,305.6,96.8,2059.0,0,sobrecalentamiento
20,47,95.8,301.4,96.3,2160.0,0,sobrecalentamiento
20,48,90.2,299.6,91.1,2073.0,0,sobrecalentamiento
20,49,86.6,290.6,98.2,2109.0,1,sobrecalentamiento
20,50,88.2,300.2,100.0,2086.0,0,sobrecalentamiento
20,51,92.7,293.6,100.0,2054.0,0,sobrecalentamiento
20,52,85.3,309.5,96.6,2280.0,0,sobrecalentamiento
20,53,92.3,280.8,87.4,2033.0,0,sobrecalentamiento
20,54,87.5,296.7,96.9,1917.0,0,sobrecalentamiento
20,55,88.7,277.4,98.0,2036.0,0,sobrecalentamiento
20,56,85.6,296.8,94.1,2111.0,0,sobrecalentamiento
20,57,84.0,272.8,95.9,2070.0,0,sobrecalentamiento
20,58,87.2,277.9,93.1,2181.0,0,sobrecalentamiento
20,59,91.9,277.2,94.5,2179.0,0,sobrecalentamiento
20,60,85.9,292.5,99.1,2075.0,0,sobrecalentamiento
20,61,92.8,293.5,100.0,1965.0,0,sobrecalentamiento
20,62,86.3,314.5,89.9,1997.0,0,sobrecalentamiento
20,63,84.8,289.1,93.0,2097.0,0,sobrecalentamiento
20,64,88.8,297.7,88.6,1975.0,0,sobrecalentamiento
20,65,90.0,291.6,100.0,2071.0,0,sobrecalentamiento
20,66,88.6,296.9,98.5,2214.0,1,sobrecalentamiento
20,67,88.5,291.4,87.0,2127.0,0,sobrecalentamiento
20,68,92.8,301.0,94.7,2104.0,1,sobrecalentamiento
20,69,88.3,279.5,93.9,2017.0,0,sobrecalentamiento
20,70,86.6,265.5,92.0,2115.0,0,sobrecalentamiento
20,71,84.6,294.2,99.1,2079.0,0,sobrecalentamiento
20,72,91.8,271.9,99.1,2119.0,0,sobrecalentamiento
20,73,86.7,303.1,96.1,2158.0,0,sobrecalentamiento
20,74,87.0,284.5,92.4,2172.0,0,sobrecalentamiento
20,75,91.2,279.6,92.5,2110.0,0,sobrecalentamiento
20,76,94.2,317.0,95.2,2141.0,0,sobrecalentamiento
20,77,88.8,289.8,93.2,2059.0,0,sobrecalentamiento
20,78,87.6,287.9,95.0,2191.0,0,sobrecalentamiento
20,79,88.0,297.5,97.2,2029.0,1,sobrecalentamiento
20,80,86.6,298.2,88.9,2083.0,0,sobrecalentamiento
20,81,86.9,301.4,92.0,2199.0,0,sobrecalentamiento
20,82,86.9,276.7,94.9,2061.0,0,sobrecalentamiento
20,83,90.7,295.4,100.0,1993.0,0,sobrecalentamiento
20,84,87.7,287.1,98.4,2067.0,0,sobrecalentamiento
20,85,92.1,280.8,95.0,2211.0,0,sobrecalentamiento
20,86,87.7,290.5,96.6,1918.0,0,sobrecalentamiento
20,87,86.9,271.9,94.6,2108.0,0,sobrecalentamiento
20,88,91.8,299.2,99.3,2049.0,0,sobrecalentamiento
20,89,88.1,287.1,96.7,2087.0,0,sobrecalentamiento
20,90,87.6,285.2,100.0,2072.0,0,sobrecalentamiento
20,91,88.1,288.6,89.6,2177.0,0,sobrecalentamiento
20,92,92.4,288.3,91.8,2104.0,0,sobrecalentamiento
20,93,88.9,301.4,96.1,2181.0,0,sobrecalentamiento
20,94,91.7,279.0,97.0,2203.0,0,sobrecalentamiento
20,95,87.3,286.2,100.0,2102.0,0,sobrecalentamiento
20,96,91.3,287.8,87.8,2071.0,0,sobrecalentamiento
20,97,88.7,279.3,94.9,2130.0,1,sobrecalentamiento
20,98,90.6,291.6,94.7,2146.0,0,sobrecalentamiento
20,99,90.9,282.8,96.0,2008.0,0,sobrecalentamiento
20,100,85.2,276.0,100.0,2119.0,0,sobrecalentamiento
20,101,88.2,295.3,98.5,2080.0,0,sobrecalentamiento
20,102,90.9,305.5,88.6,2066.0,0,sobrecalentamiento
20,103,91.3,290.5,100.0,2045.0,0,sobrecalentamiento
20,104,91.8,289.0,100.0,2050.0,0,sobrecalentamiento
20,105,88.3,288.8,96.1,2200.0,0,sobrecalentamiento
20,106,92.6,284.8,88.5,2071.0,0,sobrecalentamiento
20,107,86.0,301.7,94.4,2192.0,0,sobrecalentamiento
20,108,83.5,290.9,96.9,2110.0,0,sobrecalentamiento
20,109,87.2,268.2,99.0,2009.0,1,sobrecalentamiento
20,110,91.6,302.0,87.9,2115.0,0,sobrecalentamiento
20,111,84.7,299.5,91.9,2005.0,0,sobrecalentamiento
20,112,83.6,296.0,99.4,2149.0,0,sobrecalentamiento
20,113,82.8,262.4,100.0,2083.0,0,sobrecalentamiento
20,114,90.2,290.0,96.7,2168.0,0,sobrecalentamiento
20,115,83.7,298.9,99.6,2215.0,0,sobrecalentamiento
20,116,89.6,293.8,96.8,1961.0,0,sobrecalentamiento
20,117,87.0,292.1,98.9,2063.0,0,sobrecalentamiento
20,118,85.7,299.0,95.6,2003.0,0,sobrecalentamiento
20,119,85.0,291.4,96.9,2273.0,0,sobrecalentamiento
20,120,88.6,302.0,90.1,2065.0,0,sobrecalentamiento
20,121,85.7,291.6,97.9,1995.0,0,sobrecalentamiento
20,122,88.0,290.8,90.0,2279.0,1,sobrecalentamiento
20,123,89.2,298.9,97.9,2042.0,0,sobrecalentamiento
20,124,89.8,286.0,93.2,1970.0,0,sobrecalentamiento
20,125,90.8,279.0,96.5,2007.0,0,sobrecalentamiento
20,126,88.5,290.0,91.2,2111.0,0,sobrecalentamiento
20,127,84.8,295.9,93.0,2104.0,0,sobrecalentamiento
20,128,89.4,299.3,96.5,2033.0,0,sobrecalentamiento
20,129,90.0,299.3,98.0,2061.0,1,sobrecalentamiento
20,130,87.5,289.3,99.4,2104.0,0,sobrecalentamiento
20,131,87.1,288.3,90.4,2206.0,0,sobrecalentamiento
20,132,95.4,284.1,89.0,2127.0,0,sobrecalentamiento
20,133,84.1,292.5,91.1,2055.0,0,sobrecalentamiento
20,134,89.5,273.6,90.7,2082.0,0,sobrecalentamiento
20,135,91.1,290.2,100.0,2162.0,0,sobrecalentamiento
20,136,87.0,318.5,100.0,2234.0,0,sobrecalentamiento
20,137,87.5,275.0,91.0,2012.0,0,sobrecalentamiento
20,138,86.8,291.6,100.0,2189.0,0,sobrecalentamiento
20,139,88.0,293.8,100.0,2075.0,0,sobrecalentamiento
20,140,90.7,295.1,88.5,1970.0,0,sobrecalentamiento
20,141,87.4,280.3,90.9,1954.0,0,sobrecalentamiento
20,142,97.3,295.2,88.4,2207.0,0,sobrecalentamiento
20,143,86.6,284.7,94.7,2216.0,0,sobrecalentamiento
20,144,92.1,275.7,95.1,2054.0,0,sobrecalentamiento
20,145,89.6,299.5,95.1,2083.0,0,sobrecalentamiento
20,146,88.3,296.6,86.9,1957.0,0,sobrecalentamiento
20,147,92.4,280.3,89.3,2161.0,0,sobrecalentamiento
20,148,83.2,284.6,96.0,2098.0,0,sobrecalentamiento
20,149,89.3,284.2,97.5,1976.0,0,sobrecalentamiento
20,150,85.9,273.6,86.9,2116.0,0,sobrecalentamiento
20,151,86.7,297.6,89.9,1989.0,0,sobrecalentamiento
20,152,86.6,298.0,99.1,2145.0,0,sobrecalentamiento
20,153,85.1,286.7,90.1,2013.0,1,sobrecalentamiento
20,154,83.0,289.7,94.9,2127.0,0,sobrecalentamiento
20,155,89.2,291.1,89.7,2048.0,1,sobrecalentamiento
20,156,87.8,292.4,98.3,1911.0,0,sobrecalentamiento
20,157,87.1,276.5,86.9,2180.0,0,sobrecalentamiento
20,158,90.3,294.9,93.8,2184.0,0,sobrecalentamiento
20,159,89.4,278.2,98.8,2058.0,0,sobrecalentamiento
20,160,87.2,296.8,97.4,2122.0,0,sobrecalentamiento
20,161,97.2,279.4,93.1,2135.0,0,sobrecalentamiento
20,162,91.1,277.0,92.2,2138.0,0,sobrecalentamiento
20,163,95.3,289.7,94.1,2238.0,0,sobrecalentamiento
20,164,86.8,289.5,89.8,2133.0,0,sobrecalentamiento
20,165,88.7,291.0,94.6,2071.0,0,sobrecalentamiento
20,166,84.3,281.1,94.7,2134.0,0,sobrecalentamiento
20,167,87.0,292.0,93.3,2066.0,0,sobrecalentamiento
20,168,86.2,293.0,99.0,2015.0,0,sobrecalentamiento
20,169,97.0,301.7,90.7,2198.0,0,sobrecalentamiento
20,170,85.9,291.9,88.2,2143.0,0,sobrecalentamiento
20,171,87.3,284.0,92.9,1951.0,0,sobrecalentamiento
20,172,83.6,276.5,95.5,2045.0,0,sobrecalentamiento
20,173,89.6,274.7,94.6,2161.0,0,sobrecalentamiento
20,174,85.3,293.2,94.4,1975.0,0,sobrecalentamiento
20,175,90.8,297.9,90.5,2040.0,0,sobrecalentamiento
20,176,82.6,281.1,91.1,2313.0,0,sobrecalentamiento
20,177,87.6,292.6,93.0,2074.0,0,sobrecalentamiento
20,178,82.5,288.3,92.7,2187.0,0,sobrecalentamiento
20,179,86.5,297.2,99.4,2220.0,0,sobrecalentamiento
20,180,87.1,298.7,96.1,2027.0,0,sobrecalentamiento
20,181,86.2,267.3,92.9,2121.0,0,sobrecalentamiento
20,182,86.5,300.3,99.4,2265.0,0,sobrecalentamiento
20,183,90.9,292.5,96.8,2137.0,0,sobrecalentamiento
20,184,94.5,284.7,89.6,2289.0,0,sobrecalentamiento
20,185,89.0,285.0,82.0,2049.0,0,sobrecalentamiento
20,186,85.4,290.3,89.7,2244.0,0,sobrecalentamiento
20,187,88.2,285.0,97.4,2101.0,0,sobrecalentamiento
20,188,86.9,280.6,98.6,2074.0,0,sobrecalentamiento
20,189,90.7,282.9,88.4,2151.0,0,sobrecalentamiento
20,190,88.9,279.6,97.6,2091.0,0,sobrecalentamiento
20,191,83.3,303.5,97.5,2093.0,0,sobrecalentamiento
20,192,91.3,290.6,100.0,2139.0,0,sobrecalentamiento
20,193,90.9,312.5,98.8,1955.0,0,sobrecalentamiento
20,194,92.5,293.7,100.0,2036.0,0,sobrecalentamiento
20,195,86.5,295.9,97.0,2158.0,0,sobrecalentamiento
20,196,88.9,279.4,96.8,2179.0,0,sobrecalentamiento
20,197,84.4,287.8,93.7,2129.0,0,sobrecalentamiento
20,198,87.8,290.7,98.3,2122.0,0,sobrecalentamiento
20,199,89.2,283.6,89.7,2132.0,1,sobrecalentamiento
20,200,86.1,285.4,94.4,2177.0,0,sobrecalentamiento
20,201,89.0,294.2,97.2,1986.0,0,sobrecalentamiento
20,202,88.5,294.4,100.0,2059.0,0,sobrecalentamiento
20,203,86.7,276.6,93.1,2094.0,0,sobrecalentamiento
20,204,92.2,292.8,98.9,2116.0,0,sobrecalentamiento
20,205,87.3,295.5,94.2,1931.0,1,sobrecalentamiento
20,206,88.4,284.1,98.9,1999.0,0,sobrecalentamiento
20,207,83.6,283.1,91.8,2099.0,0,sobrecalentamiento
20,208,89.6,294.4,97.9,2181.0,0,sobrecalentamiento
20,209,86.6,264.3,94.6,2066.0,0,sobrecalentamiento
20,210,90.9,290.0,90.3,2047.0,0,sobrecalentamiento
20,211,84.1,306.3,94.4,2142.0,0,sobrecalentamiento
20,212,89.3,264.0,100.0,2074.0,0,sobrecalentamiento
20,213,81.5,298.2,90.9,2170.0,0,sobrecalentamiento
20,214,89.8,295.4,89.1,2082.0,0,sobrecalentamiento
20,215,87.5,275.6,96.6,2011.0,0,sobrecalentamiento
20,216,89.2,295.2,88.3,2214.0,0,sobrecalentamiento
20,217,86.2,300.0,100.0,2199.0,0,sobrecalentamiento
20,218,85.2,278.2,100.0,2024.0,0,sobrecalentamiento
20,219,86.7,282.9,99.2,2132.0,0,sobrecalentamiento
20,220,88.6,290.3,95.0,2074.0,0,sobrecalentamiento
20,221,89.7,299.8,100.0,2150.0,0,sobrecalentamiento
20,222,88.9,284.6,100.0,2030.0,1,sobrecalentamiento
20,223,85.2,289.6,92.9,2170.0,0,sobrecalentamiento
20,224,93.5,283.4,100.0,2196.0,0,sobrecalentamiento
20,225,89.0,290.2,91.4,2024.0,0,sobrecalentamiento
20,226,86.1,300.5,94.2,2105.0,0,sobrecalentamiento
20,227,89.3,291.1,87.8,2197.0,0,sobrecalentamiento
20,228,88.8,286.4,95.6,2020.0,0,sobrecalentamiento
20,229,87.5,289.7,93.8,2046.0,0,sobrecalentamiento
20,230,87.1,282.0,93.2,2153.0,1,sobrecalentamiento
20,231,91.0,280.1,94.3,2087.0,0,sobrecalentamiento
20,232,93.2,302.0,92.7,1974.0,0,sobrecalentamiento
20,233,81.9,306.4,95.2,2074.0,0,sobrecalentamiento
20,234,91.7,272.1,100.0,2240.0,0,sobrecalentamiento
20,235,88.1,295.8,90.8,2265.0,0,sobrecalentamiento
20,236,88.7,298.6,98.5,2049.0,0,sobrecalentamiento
20,237,92.1,277.9,95.9,2027.0,1,sobrecalentamiento
20,238,80.0,285.3,96.5,2063.0,0,sobrecalentamiento
20,239,90.4,284.2,94.9,2244.0,1,sobrecalentamiento
20,240,91.8,309.0,92.1,2167.0,0,sobrecalentamiento
20,241,85.9,306.5,96.8,2217.0,0,sobrecalentamiento
20,242,83.8,280.8,97.1,2180.0,0,sobrecalentamiento
20,243,92.9,275.4,91.8,1994.0,0,sobrecalentamiento
20,244,82.7,297.7,89.6,2024.0,0,sobrecalentamiento
20,245,89.3,295.4,95.3,2044.0,0,sobrecalentamiento
20,246,91.1,302.4,98.0,2058.0,0,sobrecalentamiento
20,247,89.2,279.4,99.0,2046.0,0,sobrecalentamiento
20,248,89.7,297.2,99.8,2055.0,0,sobrecalentamiento
20,249,87.2,282.7,96.5,2151.0,0,sobrecalentamiento
20,250,89.4,296.2,93.9,2111.0,0,sobrecalentamiento
20,251,85.9,289.6,95.0,2198.0,0,sobrecalentamiento
20,252,86.3,309.0,90.0,2120.0,0,sobrecalentamiento
20,253,88.1,294.5,92.3,2046.0,0,sobrecalentamiento
20,254,83.4,286.9,94.8,2115.0,0,sobrecalentamiento
20,255,89.7,291.4,93.9,1979.0,0,sobrecalentamiento
20,256,80.6,289.0,95.4,1915.0,0,sobrecalentamiento
20,257,89.1,278.5,89.5,2151.0,0,sobrecalentamiento
20,258,89.4,309.2,90.4,2181.0,0,sobrecalentamiento
20,259,85.6,306.0,98.1,2106.0,1,sobrecalentamiento
20,260,84.3,288.2,91.7,2069.0,0,sobrecalentamiento
20,261,86.8,297.0,92.3,1993.0,0,sobrecalentamiento
20,262,89.9,310.5,95.4,2193.0,0,sobrecalentamiento
20,263,89.0,302.4,91.3,2139.0,0,sobrecalentamiento
20,264,84.7,286.9,99.4,2123.0,0,sobrecalentamiento
20,265,88.3,289.1,90.0,2100.0,0,sobrecalentamiento
20,266,88.8,272.8,95.0,2062.0,0,sobrecalentamiento
20,267,88.7,297.7,92.0,2011.0,0,sobrecalentamiento
20,268,85.0,302.4,95.6,2120.0,0,sobrecalentamiento
20,269,88.5,302.5,93.0,2057.0,0,sobrecalentamiento
20,270,90.8,297.0,94.9,2066.0,0,sobrecalentamiento
20,271,89.6,293.5,99.9,2237.0,0,sobrecalentamiento
20,272,89.2,280.0,92.3,2096.0,0,sobrecalentamiento
20,273,92.9,293.2,92.2,1904.0,0,sobrecalentamiento
20,274,88.5,283.7,93.7,2057.0,0,sobrecalentamiento
20,275,85.5,295.3,100.0,2020.0,0,sobrecalentamiento
20,276,85.5,282.4,94.6,2089.0,1,sobrecalentamiento
20,277,88.5,295.2,99.9,1986.0,0,sobrecalentamiento
20,278,83.7,303.2,94.3,2135.0,1,sobrecalentamiento
20,279,87.1,293.8,99.8,2076.0,0,sobrecalentamiento
20,280,89.4,293.3,96.6,2062.0,0,sobrecalentamiento
20,281,91.5,299.1,97.2,2112.0,0,sobrecalentamiento
20,282,83.4,307.7,89.3,2094.0,1,sobrecalentamiento
20,283,88.3,288.9,88.7,2089.0,0,sobrecalentamiento
20,284,87.8,295.2,99.3,2082.0,0,sobrecalentamiento
20,285,88.1,305.1,99.2,2098.0,1,sobrecalentamiento
20,286,88.4,296.7,100.0,2127.0,0,sobrecalentamiento
20,287,87.9,270.0,89.1,2117.0,0,sobrecalentamiento
20,288,92.2,282.8,96.9,2190.0,1,sobrecalentamiento
20,289,91.7,297.5,90.9,2056.0,0,sobrecalentamiento
20,290,94.4,286.0,92.0,2119.0,0,sobrecalentamiento
20,291,88.0,304.4,93.0,2296.0,0,sobrecalentamiento
20,292,86.8,308.6,96.5,2097.0,0,sobrecalentamiento
20,293,85.1,284.1,92.3,2100.0,0,sobrecalentamiento
20,294,86.4,279.7,95.1,1999.0,0,sobrecalentamiento
20,295,90.1,286.4,98.3,2043.0,0,sobrecalentamiento
20,296,90.6,285.8,99.5,2091.0,0,sobrecalentamiento
20,297,90.0,305.4,97.8,2143.0,0,sobrecalentamiento
20,298,86.0,279.6,96.8,2152.0,1,sobrecalentamiento
20,299,86.0,297.4,94.4,2126.0,0,sobrecalentamiento
21,0,81.5,278.0,96.7,2044.0,0,sobrecalentamiento
21,1,84.9,271.4,100.0,2183.0,0,sobrecalentamiento
21,2,87.9,283.9,92.2,2071.0,0,sobrecalentamiento
21,3,87.6,313.2,94.5,1977.0,0,sobrecalentamiento
21,4,89.7,292.6,95.6,2210.0,0,sobrecalentamiento
21,5,90.5,300.5,92.4,2116.0,0,sobrecalentamiento
21,6,86.7,275.8,92.1,2169.0,0,sobrecalentamiento
21,7,83.2,286.7,96.3,2171.0,0,sobrecalentamiento
21,8,89.2,297.8,90.2,2024.0,0,sobrecalentamiento
21,9,88.0,279.1,91.9,2058.0,0,sobrecalentamiento
21,10,87.2,289.4,94.2,2183.0,0,sobrecalentamiento
21,11,91.7,281.2,96.3,2247.0,0,sobrecalentamiento
21,12,89.4,298.3,88.9,2105.0,0,sobrecalentamiento
21,13,88.4,294.0,94.5,2050.0,0,sobrecalentamiento
21,14,88.5,296.8,89.8,2235.0,0,sobrecalentamiento
21,15,90.5,298.7,92.3,2050.0,0,sobrecalentamiento
21,16,85.9,287.7,98.2,2126.0,0,sobrecalentamiento
21,17,85.4,300.0,94.7,2066.0,0,sobrecalentamiento
21,18,87.3,284.1,100.0,2122.0,1,sobrecalentamiento
21,19,84.5,296.3,94.7,2024.0,0,sobrecalentamiento
21,20,87.9,270.3,98.9,2070.0,1,sobrecalentamiento
21,21,88.3,282.5,98.2,2050.0,0,sobrecalentamiento
21,22,87.8,313.2,94.9,2153.0,0,sobrecalentamiento
21,23,86.9,296.1,89.7,2113.0,0,sobrecalentamiento
21,24,93.0,296.1,94.6,2170.0,0,sobrecalentamiento
21,25,90.8,281.8,92.9,2034.0,0,sobrecalentamiento
21,26,87.7,279.1,92.7,2083.0,0,sobrecalentamiento
21,27,88.3,287.4,95.6,2150.0,0,sobrecalentamiento
21,28,92.1,289.3,89.2,2169.0,0,sobrecalentamiento
21,29,86.2,309.1,91.5,1984.0,0,sobrecalentamiento
21,30,85.1,300.2,91.0,2125.0,0,sobrecalentamiento
21,31,88.7,291.1,94.0,2035.0,0,sobrecalentamiento
21,32,89.2,290.7,91.9,2173.0,0,sobrecalentamiento
21,33,89.5,297.6,92.2,2249.0,0,sobrecalentamiento
21,34,90.5,276.8,95.5,1891.0,0,sobrecalentamiento
21,35,85.8,270.8,93.2,2048.0,0,sobrecalentamiento
21,36,83.8,297.4,95.0,2121.0,0,sobrecalentamiento
21,37,86.2,290.7,90.5,2100.0,0,sobrecalentamiento
21,38,89.7,276.9,91.7,2175.0,0,sobrecalentamiento
21,39,85.2,269.1,100.0,2106.0,0,sobrecalentamiento
21,40,82.2,298.9,92.2,2058.0,0,sobrecalentamiento
21,41,88.4,284.8,86.6,2018.0,0,sobrecalentamiento
21,42,86.3,294.0,96.4,2005.0,0,sobrecalentamiento
21,43,82.8,287.4,92.2,2041.0,0,sobrecalentamiento
21,44,88.2,289.7,96.0,2055.0,1,sobrecalentamiento
21,45,86.8,284.1,94.6,2131.0,0,sobrecalentamiento
21,46,93.0,289.2,97.2,2087.0,0,sobrecalentamiento
21,47,88.3,295.8,94.6,2048.0,0,sobrecalentamiento
21,48,89.8,287.2,94.1,2019.0,0,sobrecalentamiento
21,49,87.9,286.7,99.6,2044.0,0,sobrecalentamiento
21,50,86.2,296.1,86.1,2055.0,0,sobrecalentamiento
21,51,86.5,296.7,89.7,2040.0,0,sobrecalentamiento
21,52,91.2,278.6,91.7,2154.0,0,sobrecalentamiento
21,53,90.2,289.7,88.2,2209.0,0,sobrecalentamiento
21,54,83.5,284.8,93.1,2006.0,0,sobrecalentamiento
21,55,84.3,290.1,92.7,2190.0,0,sobrecalentamiento
21,56,84.4,304.3,98.9,2155.0,0,sobrecalentamiento
21,57,91.2,293.6,94.6,2114.0,0,sobrecalentamiento
21,58,82.8,311.6,94.1,2222.0,1,sobrecalentamiento
21,59,90.4,292.2,93.5,2086.0,0,sobrecalentamiento
21,60,89.2,288.3,90.8,2132.0,0,sobrecalentamiento
21,61,88.4,289.8,98.6,2110.0,0,sobrecalentamiento
21,62,86.6,291.4,99.8,2104.0,0,sobrecalentamiento
21,63,91.6,293.2,90.2,2137.0,1,sobrecalentamiento
21,64,88.3,280.1,100.0,2104.0,0,sobrecalentamiento
21,65,83.7,287.7,92.3,2137.0,0,sobrecalentamiento
21,66,84.4,282.8,92.0,2046.0,0,sobrecalentamiento
21,67,83.1,300.3,96.9,2049.0,0,sobrecalentamiento
21,68,91.6,270.7,97.2,2046.0,0,sobrecalentamiento
21,69,92.3,291.6,94.7,2071.0,1,sobrecalentamiento
21,70,91.3,274.8,93.6,2181.0,0,sobrecalentamiento
21,71,87.6,294.3,99.7,2063.0,0,sobrecalentamiento
21,72,83.7,286.0,92.5,2152.0,0,sobrecalentamiento
21,73,84.8,271.8,94.7,2121.0,0,sobrecalentamiento
21,74,85.0,299.4,100.0,2065.0,0,sobrecalentamiento
21,75,87.9,264.8,89.7,2205.0,0,sobrecalentamiento
21,76,92.2,289.7,93.2,2159.0,0,sobrecalentamiento
21,77,92.2,296.9,99.1,2100.0,0,sobrecalentamiento
21,78,86.5,303.8,97.1,2094.0,0,sobrecalentamiento
21,79,81.3,273.9,98.6,2107.0,0,sobrecalentamiento
21,80,84.5,284.8,89.7,1978.0,0,sobrecalentamiento
21,81,91.6,300.8,96.3,2034.0,0,sobrecalentamiento
21,82,88.7,301.5,93.9,2137.0,1,sobrecalentamiento
21,83,86.9,302.8,100.0,1973.0,0,sobrecalentamiento
21,84,86.7,315.6,98.2,2040.0,1,sobrecalentamiento
21,85,85.7,284.9,94.9,2069.0,0,sobrecalentamiento
21,86,84.4,293.7,96.1,2332.0,0,sobrecalentamiento
21,87,94.2,286.5,95.2,2154.0,0,sobrecalentamiento
21,88,93.2,270.2,97.8,2188.0,0,sobrecalentamiento
21,89,85.5,289.1,91.6,2036.0,0,sobrecalentamiento
21,90,82.7,270.1,100.0,2129.0,0,sobrecalentamiento
21,91,88.5,284.8,89.7,1959.0,0,sobrecalentamiento
21,92,87.6,275.3,95.8,2074.0,0,sobrecalentamiento
21,93,89.9,294.4,91.7,2140.0,0,sobrecalentamiento
21,94,90.6,282.2,95.2,1987.0,0,sobrecalentamiento
21,95,84.5,272.1,99.0,2131.0,0,sobrecalentamiento
21,96,91.8,298.7,88.2,2138.0,1,sobrecalentamiento
21,97,86.9,284.0,94.3,2052.0,0,sobrecalentamiento
21,98,89.8,285.7,89.2,2033.0,0,sobrecalentamiento
21,99,87.2,280.2,93.9,2043.0,0,sobrecalentamiento
21,100,90.8,301.5,89.2,2072.0,0,sobrecalentamiento
21,101,80.9,292.7,95.6,2075.0,0,sobrecalentamiento
21,102,90.2,283.9,93.3,2141.0,0,sobrecalentamiento
21,103,85.5,270.9,98.0,2057.0,0,sobrecalentamiento
21,104,88.2,315.1,99.9,2228.0,0,sobrecalentamiento
21,105,91.7,309.8,95.0,2228.0,0,sobrecalentamiento
21,106,85.6,304.4,98.6,2119.0,0,sobrecalentamiento
21,107,85.1,283.0,100.0,2072.0,2,sobrecalentamiento
21,108,86.9,285.0,91.3,2057.0,0,sobrecalentamiento
21,109,86.7,294.0,100.0,2125.0,0,sobrecalentamiento
21,110,84.8,281.1,94.9,2139.0,0,sobrecalentamiento
21,111,88.3,280.1,91.1,2084.0,0,sobrecalentamiento
21,112,88.5,304.6,96.2,2069.0,0,sobrecalentamiento
21,113,89.4,289.4,94.7,2128.0,0,sobrecalentamiento
21,114,85.5,278.8,89.4,2106.0,0,sobrecalentamiento
21,115,85.2,299.5,90.6,2054.0,0,sobrecalentamiento
21,116,87.6,284.3,100.0,2109.0,0,sobrecalentamiento
21,117,87.3,270.2,96.1,2052.0,0,sobrecalentamiento
21,118,87.3,278.7,100.0,2040.0,0,sobrecalentamiento
21,119,85.9,284.8,93.3,2100.0,0,sobrecalentamiento
21,120,89.0,292.2,91.8,2054.0,0,sobrecalentamiento
21,121,85.2,291.7,88.3,2041.0,0,sobrecalentamiento
21,122,87.6,302.3,98.9,2184.0,0,sobrecalentamiento
21,123,87.1,287.6,96.6,2069.0,0,sobrecalentamiento
21,124,87.9,285.3,93.4,2247.0,0,sobrecalentamiento
21,125,91.6,302.5,91.8,2150.0,0,sobrecalentamiento
21,126,84.1,299.8,99.5,2034.0,1,sobrecalentamiento
21,127,80.8,287.9,94.3,2193.0,0,sobrecalentamiento
21,128,86.2,292.9,94.3,2043.0,0,sobrecalentamiento
21,129,84.5,285.2,92.6,2258.0,0,sobrecalentamiento
21,130,79.0,278.4,93.4,2118.0,1,sobrecalentamiento
21,131,93.2,312.0,97.2,2143.0,0,sobrecalentamiento
21,132,89.7,284.6,89.3,2102.0,0,sobrecalentamiento
21,133,90.0,292.9,95.3,2121.0,0,sobrecalentamiento
21,134,87.1,274.8,98.8,2082.0,0,sobrecalentamiento
21,135,89.3,297.4,94.7,2026.0,0,sobrecalentamiento
21,136,86.7,277.9,99.2,2127.0,0,sobrecalentamiento
21,137,90.4,306.8,100.0,2182.0,0,sobrecalentamiento
21,138,88.6,308.0,98.6,2005.0,0,sobrecalentamiento
21,139,87.9,295.7,92.9,2223.0,0,sobrecalentamiento
21,140,88.1,291.1,94.9,2148.0,0,sobrecalentamiento
21,141,92.4,288.1,96.4,2065.0,0,sobrecalentamiento
21,142,88.5,289.5,93.1,2064.0,0,sobrecalentamiento
21,143,84.9,294.1,93.0,2249.0,0,sobrecalentamiento
21,144,89.0,290.9,92.7,2175.0,1,sobrecalentamiento
21,145,89.5,299.8,100.0,2191.0,1,sobrecalentamiento
21,146,87.6,280.8,93.9,2080.0,0,sobrecalentamiento
21,147,87.8,305.3,99.3,2144.0,0,sobrecalentamiento
21,148,84.8,285.8,91.5,2128.0,0,sobrecalentamiento
21,149,88.3,282.5,100.0,2086.0,0,sobrecalentamiento
21,150,84.4,293.6,93.5,2109.0,0,sobrecalentamiento
21,151,87.2,294.3,95.2,2189.0,0,sobrecalentamiento
21,152,86.0,272.6,87.7,2228.0,0,sobrecalentamiento
21,153,90.9,285.2,99.5,2080.0,0,sobrecalentamiento
21,154,92.6,268.3,100.0,1995.0,0,sobrecalentamiento
21,155,84.6,283.2,90.3,2231.0,0,sobrecalentamiento
21,156,88.0,283.7,99.7,2232.0,0,sobrecalentamiento
21,157,87.1,293.0,89.7,2132.0,0,sobrecalentamiento
21,158,89.4,282.1,97.5,2243.0,0,sobrecalentamiento
21,159,88.3,284.5,93.8,2126.0,0,sobrecalentamiento
21,160,86.8,303.0,100.0,2027.0,1,sobrecalentamiento
21,161,88.3,310.6,96.0,1995.0,0,sobrecalentamiento
21,162,87.4,280.8,98.7,1994.0,0,sobrecalentamiento
21,163,92.8,300.2,100.0,2100.0,0,sobrecalentamiento
21,164,85.6,293.9,93.8,2063.0,0,sobrecalentamiento
21,165,88.8,272.6,94.9,2054.0,0,sobrecalentamiento
21,166,89.5,282.1,90.6,2091.0,0,sobrecalentamiento
21,167,89.3,259.7,93.8,2169.0,0,sobrecalentamiento
21,168,87.1,293.2,100.0,2056.0,0,sobrecalentamiento
21,169,92.1,279.2,98.0,2043.0,1,sobrecalentamiento
21,170,81.7,291.3,90.8,2062.0,0,sobrecalentamiento
21,171,84.7,315.7,100.0,2174.0,0,sobrecalentamiento
21,172,90.0,305.9,96.6,2094.0,0,sobrecalentamiento
21,173,85.4,282.3,98.3,2122.0,0,sobrecalentamiento
21,174,85.2,279.9,97.0,2224.0,0,sobrecalentamiento
21,175,86.6,302.9,96.7,2327.0,0,sobrecalentamiento
21,176,85.6,280.0,87.0,2151.0,0,sobrecalentamiento
21,177,89.9,299.9,99.4,2143.0,0,sobrecalentamiento
21,178,90.7,317.4,86.0,2005.0,1,sobrecalentamiento
21,179,88.3,296.8,99.1,2129.0,0,sobrecalentamiento
21,180,91.2,301.8,95.4,2105.0,0,sobrecalentamiento
21,181,83.8,300.7,98.3,2171.0,0,sobrecalentamiento
21,182,88.2,284.4,95.6,2069.0,0,sobrecalentamiento
21,183,92.0,292.9,99.2,2116.0,0,sobrecalentamiento
21,184,90.9,280.4,95.1,2148.0,0,sobrecalentamiento
21,185,92.3,302.9,96.1,2252.0,0,sobrecalentamiento
21,186,86.2,279.1,96.6,2225.0,0,sobrecalentamiento
21,187,90.8,297.0,100.0,2201.0,0,sobrecalentamiento
21,188,86.7,301.3,97.4,2158.0,0,sobrecalentamiento
21,189,89.8,285.1,89.7,2065.0,0,sobrecalentamiento
21,190,91.9,282.8,92.7,2158.0,1,sobrecalentamiento
21,191,85.6,288.3,97.4,2038.0,0,sobrecalentamiento
21,192,82.4,281.1,100.0,2084.0,0,sobrecalentamiento
21,193,93.5,291.6,92.1,2242.0,0,sobrecalentamiento
21,194,89.5,280.8,100.0,2143.0,0,sobrecalentamiento
21,195,87.7,281.6,95.7,2118.0,0,sobrecalentamiento
21,196,87.5,295.5,96.7,2128.0,0,sobrecalentamiento
21,197,81.7,296.2,90.0,2092.0,0,sobrecalentamiento
21,198,88.6,287.1,99.5,1928.0,0,sobrecalentamiento
21,199,86.4,273.5,93.2,1999.0,0,sobrecalentamiento
21,200,88.2,301.7,92.0,2149.0,0,sobrecalentamiento
21,201,88.1,285.5,93.7,2026.0,0,sobrecalentamiento
21,202,77.9,310.6,100.0,2091.0,0,sobrecalentamiento
21,203,89.5,288.7,96.9,2002.0,0,sobrecalentamiento
21,204,88.6,291.4,91.4,2043.0,0,sobrecalentamiento
21,205,89.0,285.7,92.9,2100.0,0,sobrecalentamiento
21,206,87.4,292.4,100.0,2174.0,0,sobrecalentamiento
21,207,88.1,324.8,94.1,2190.0,0,sobrecalentamiento
21,208,88.5,286.5,97.2,2041.0,0,sobrecalentamiento
21,209,88.8,302.8,98.2,2125.0,0,sobrecalentamiento
21,210,89.4,290.9,81.3,1986.0,0,sobrecalentamiento
21,211,88.8,301.7,100.0,2105.0,1,sobrecalentamiento
21,212,93.5,270.7,91.6,2176.0,0,sobrecalentamiento
21,213,85.8,309.4,93.6,2095.0,0,sobrecalentamiento
21,214,86.9,293.4,100.0,2205.0,0,sobrecalentamiento
21,215,93.1,287.3,100.0,2167.0,0,sobrecalentamiento
21,216,87.5,299.0,97.0,2119.0,0,sobrecalentamiento
21,217,90.8,291.4,97.9,2080.0,0,sobrecalentamiento
21,218,88.4,278.5,98.9,2057.0,1,sobrecalentamiento
21,219,87.3,265.8,100.0,1983.0,0,sobrecalentamiento
21,220,91.0,308.3,100.0,1996.0,0,sobrecalentamiento
21,221,89.6,287.8,95.4,2180.0,1,sobrecalentamiento
21,222,83.4,283.9,92.1,2221.0,1,sobrecalentamiento
21,223,88.5,284.6,94.0,2014.0,0,sobrecalentamiento
21,224,85.0,304.6,95.5,2105.0,0,sobrecalentamiento
21,225,91.8,285.1,94.8,1974.0,0,sobrecalentamiento
21,226,93.3,296.4,91.0,2022.0,0,sobrecalentamiento
21,227,93.6,286.7,96.7,2121.0,0,sobrecalentamiento
21,228,89.1,277.5,88.7,2059.0,0,sobrecalentamiento
21,229,86.6,299.0,95.3,1947.0,0,sobrecalentamiento
21,230,89.0,301.0,95.6,2238.0,0,sobrecalentamiento
21,231,85.2,283.2,95.5,2096.0,0,sobrecalentamiento
21,232,95.0,289.6,98.4,2012.0,0,sobrecalentamiento
21,233,91.6,291.0,97.9,2110.0,0,sobrecalentamiento
21,234,88.9,294.5,100.0,2094.0,0,sobrecalentamiento
21,235,91.0,309.7,92.9,2134.0,0,sobrecalentamiento
21,236,86.5,286.8,96.1,2073.0,0,sobrecalentamiento
21,237,84.7,286.7,95.9,2125.0,0,sobrecalentamiento
21,238,81.4,288.2,95.7,2175.0,0,sobrecalentamiento
21,239,88.2,280.6,89.9,1995.0,0,sobrecalentamiento
21,240,87.4,272.8,90.3,2045.0,0,sobrecalentamiento
21,241,89.6,291.3,95.0,2167.0,0,sobrecalentamiento
21,242,88.0,295.3,88.7,2056.0,0,sobrecalentamiento
21,243,89.4,290.0,93.7,2093.0,0,sobrecalentamiento
21,244,90.4,289.4,92.4,2062.0,0,sobrecalentamiento
21,245,83.6,281.0,93.8,2067.0,0,sobrecalentamiento
21,246,90.6,292.5,99.5,2061.0,0,sobrecalentamiento
21,247,86.8,291.7,90.7,1999.0,0,sobrecalentamiento
21,248,89.6,294.7,98.5,2137.0,0,sobrecalentamiento
21,249,91.1,293.2,92.7,2185.0,0,sobrecalentamiento
21,250,91.1,293.9,93.2,2086.0,0,sobrecalentamiento
21,251,88.4,303.2,96.9,2176.0,0,sobrecalentamiento
21,252,88.5,295.7,93.9,2061.0,0,sobrecalentamiento
21,253,90.7,294.8,91.4,2056.0,0,sobrecalentamiento
21,254,83.5,272.6,93.5,2133.0,0,sobrecalentamiento
21,255,85.1,300.5,87.9,2134.0,0,sobrecalentamiento
21,256,87.2,287.0,96.5,2091.0,0,sobrecalentamiento
21,257,84.0,290.8,82.6,2154.0,0,sobrecalentamiento
21,258,87.2,277.3,98.6,1997.0,0,sobrecalentamiento
21,259,87.0,310.9,97.5,2076.0,0,sobrecalentamiento
21,260,88.3,265.3,100.0,2177.0,0,sobrecalentamiento
21,261,87.8,304.9,100.0,2177.0,1,sobrecalentamiento
21,262,91.2,294.3,98.7,2167.0,0,sobrecalentamiento
21,263,89.7,270.9,92.5,2182.0,0,sobrecalentamiento
21,264,87.8,310.4,100.0,2070.0,0,sobrecalentamiento
21,265,87.0,295.1,90.2,1964.0,0,sobrecalentamiento
21,266,87.9,266.4,87.4,2079.0,1,sobrecalentamiento
21,267,87.9,285.8,100.0,2151.0,0,sobrecalentamiento
21,268,95.6,295.3,97.4,2164.0,0,sobrecalentamiento
21,269,83.6,307.1,87.5,2058.0,0,sobrecalentamiento
21,270,85.2,285.9,89.6,2023.0,0,sobrecalentamiento
21,271,84.8,263.5,97.2,2031.0,0,sobrecalentamiento
21,272,88.8,304.6,91.5,2057.0,1,sobrecalentamiento
21,273,88.7,295.0,92.1,1948.0,0,sobrecalentamiento
21,274,86.3,267.7,100.0,2058.0,0,sobrecalentamiento
21,275,90.7,293.4,100.0,2104.0,0,sobrecalentamiento
21,276,89.1,294.5,95.6,2092.0,0,sobrecalentamiento
21,277,90.8,286.8,94.4,2074.0,0,sobrecalentamiento
21,278,91.6,281.7,98.6,2045.0,0,sobrecalentamiento
21,279,81.6,283.9,92.8,2054.0,0,sobrecalentamiento
21,280,90.1,286.7,86.1,2056.0,0,sobrecalentamiento
21,281,84.1,293.5,84.0,2156.0,0,sobrecalentamiento
21,282,88.7,297.9,94.7,2100.0,0,sobrecalentamiento
21,283,87.8,268.5,98.5,2353.0,0,sobrecalentamiento
21,284,87.9,292.6,95.1,2073.0,0,sobrecalentamiento
21,285,84.4,294.9,98.2,2135.0,0,sobrecalentamiento
21,286,91.1,291.7,98.6,2075.0,0,sobrecalentamiento
21,287,84.1,286.0,100.0,2073.0,0,sobrecalentamiento
21,288,90.3,304.2,95.7,2225.0,0,sobrecalentamiento
21,289,83.7,303.4,96.1,2180.0,0,sobrecalentamiento
21,290,87.9,286.3,94.9,1960.0,0,sobrecalentamiento
21,291,93.4,289.2,94.0,2018.0,0,sobrecalentamiento
21,292,95.1,297.7,88.7,2089.0,0,sobrecalentamiento
21,293,83.1,302.8,99.7,2059.0,0,sobrecalentamiento
21,294,85.9,281.8,93.5,1979.0,0,sobrecalentamiento
21,295,86.4,279.5,93.2,2109.0,0,sobrecalentamiento
21,296,94.8,292.7,92.8,1950.0,0,sobrecalentamiento
21,297,87.8,278.8,89.6,2110.0,0,sobrecalentamiento
21,298,91.2,270.6,94.7,2158.0,0,sobrecalentamiento
21,299,88.9,281.8,97.1,2170.0,0,sobrecalentamiento
22,0,92.7,305.5,92.9,2066.0,0,sobrecalentamiento
22,1,85.9,293.1,100.0,2035.0,0,sobrecalentamiento
22,2,83.3,280.0,94.6,2141.0,1,sobrecalentamiento
22,3,84.6,292.7,94.8,2064.0,0,sobrecalentamiento
22,4,86.1,288.4,94.3,1987.0,0,sobrecalentamiento
22,5,91.2,270.0,96.5,2147.0,0,sobrecalentamiento
22,6,84.1,271.5,100.0,2201.0,0,sobrecalentamiento
22,7,84.5,289.3,90.8,2086.0,0,sobrecalentamiento
22,8,89.2,290.2,96.1,2110.0,0,sobrecalentamiento
22,9,90.5,287.1,88.7,1979.0,0,sobrecalentamiento
22,10,83.4,298.8,99.9,1935.0,0,sobrecalentamiento
22,11,82.7,280.6,94.6,1952.0,0,sobrecalentamiento
22,12,85.6,276.1,89.0,2096.0,0,sobrecalentamiento
22,13,90.0,281.7,89.9,2075.0,0,sobrecalentamiento
22,14,88.4,283.9,98.3,2144.0,0,sobrecalentamiento
22,15,85.8,289.4,88.3,2084.0,0,sobrecalentamiento
22,16,90.2,282.0,96.1,2179.0,0,sobrecalentamiento
22,17,88.4,268.6,93.3,2170.0,0,sobrecalentamiento
22,18,87.7,264.3,94.2,2074.0,0,sobrecalentamiento
22,19,83.2,291.2,92.3,2020.0,1,sobrecalentamiento
22,20,85.7,278.7,91.2,1947.0,0,sobrecalentamiento
22,21,93.9,269.9,93.1,2215.0,0,sobrecalentamiento
22,22,87.0,296.2,97.3,2025.0,0,sobrecalentamiento
22,23,85.1,305.5,93.8,1980.0,0,sobrecalentamiento
22,24,86.9,289.1,96.7,2110.0,1,sobrecalentamiento
22,25,88.4,292.7,94.0,1981.0,0,sobrecalentamiento
22,26,90.7,292.8,97.4,2110.0,0,sobrecalentamiento
22,27,89.9,266.9,96.7,2073.0,0,sobrecalentamiento
22,28,86.0,298.9,92.8,2174.0,0,sobrecalentamiento
22,29,91.8,302.4,91.2,2167.0,1,sobrecalentamiento
22,30,90.4,308.4,98.8,2188.0,0,sobrecalentamiento
22,31,86.7,285.6,91.7,2117.0,1,sobrecalentamiento
22,32,87.6,278.6,97.0,2031.0,0,sobrecalentamiento
22,33,89.8,303.6,95.1,2017.0,0,sobrecalentamiento
22,34,91.2,295.0,93.1,2058.0,0,sobrecalentamiento
22,35,83.4,298.7,96.7,2260.0,0,sobrecalentamiento
22,36,88.2,283.5,100.0,2080.0,0,sobrecalentamiento
22,37,87.9,292.7,97.5,2113.0,1,sobrecalentamiento
22,38,86.3,279.5,95.5,2221.0,1,sobrecalentamiento
22,39,86.3,289.9,100.0,2120.0,0,sobrecalentamiento
22,40,91.2,286.5,88.3,2040.0,0,sobrecalentamiento
22,41,89.6,313.4,90.6,2158.0,0,sobrecalentamiento
22,42,94.3,295.5,93.1,2066.0,0,sobrecalentamiento
22,43,86.3,268.5,100.0,2123.0,0,sobrecalentamiento
22,44,88.4,290.0,98.8,2141.0,1,sobrecalentamiento
22,45,88.9,293.7,88.1,2060.0,0,sobrecalentamiento
22,46,90.7,285.3,93.3,2115.0,0,sobrecalentamiento
22,47,92.1,279.0,89.7,2228.0,0,sobrecalentamiento
22,48,88.3,296.6,94.8,2050.0,0,sobrecalentamiento
22,49,84.7,280.4,98.6,2205.0,0,sobrecalentamiento
22,50,85.9,295.8,98.9,2053.0,0,sobrecalentamiento
22,51,88.4,279.5,96.1,2244.0,0,sobrecalentamiento
22,52,91.4,284.7,93.3,2032.0,0,sobrecalentamiento
22,53,83.7,299.6,94.6,2068.0,0,sobrecalentamiento
22,54,84.5,294.9,97.7,2221.0,0,sobrecalentamiento
22,55,90.3,290.3,100.0,2224.0,0,sobrecalentamiento
22,56,84.1,289.7,90.3,2165.0,0,sobrecalentamiento
22,57,84.6,290.9,100.0,2013.0,0,sobrecalentamiento
22,58,91.4,282.1,96.0,2107.0,0,sobrecalentamiento
22,59,87.3,274.8,98.3,2100.0,0,sobrecalentamiento
22,60,87.1,295.7,95.7,2032.0,0,sobrecalentamiento
22,61,92.1,305.3,100.0,2156.0,0,sobrecalentamiento
22,62,84.8,296.0,96.3,2038.0,0,sobrecalentamiento
22,63,84.2,292.5,92.4,1997.0,0,sobrecalentamiento
22,64,92.9,277.9,96.8,1970.0,0,sobrecalentamiento
22,65,88.7,298.8,99.5,2237.0,0,sobrecalentamiento
22,66,90.0,294.8,95.0,2059.0,0,sobrecalentamiento
22,67,87.1,297.6,86.7,2061.0,0,sobrecalentamiento
22,68,87.7,300.3,94.5,2018.0,0,sobrecalentamiento
22,69,85.9,305.9,95.4,2209.0,0,sobrecalentamiento
22,70,89.0,278.9,94.8,1990.0,0,sobrecalentamiento
22,71,90.5,277.1,93.0,2004.0,0,sobrecalentamiento
22,72,88.6,291.5,100.0,2074.0,0,sobrecalentamiento
22,73,91.2,280.8,85.5,2098.0,0,sobrecalentamiento
22,74,90.0,279.0,95.4,2153.0,0,sobrecalentamiento
22,75,84.9,302.2,95.4,2046.0,0,sobrecalentamiento
22,76,87.6,279.9,100.0,2224.0,0,sobrecalentamiento
22,77,86.7,289.9,94.9,2046.0,0,sobrecalentamiento
22,78,90.3,273.7,96.8,2019.0,0,sobrecalentamiento
22,79,89.4,290.6,95.5,2012.0,0,sobrecalentamiento
22,80,88.4,301.8,95.4,2038.0,0,sobrecalentamiento
22,81,91.0,302.1,100.0,2007.0,0,sobrecalentamiento
22,82,82.4,300.4,90.6,2160.0,0,sobrecalentamiento
22,83,86.2,289.2,92.3,2020.0,1,sobrecalentamiento
22,84,86.4,301.1,98.0,2089.0,0,sobrecalentamiento
22,85,88.8,294.3,96.0,2018.0,0,sobrecalentamiento
22,86,89.7,285.6,93.9,2006.0,0,sobrecalentamiento
22,87,88.0,293.8,94.7,2189.0,1,sobrecalentamiento
22,88,84.1,298.9,98.7,2228.0,1,sobrecalentamiento
22,89,89.2,276.7,96.9,2202.0,0,sobrecalentamiento
22,90,88.4,279.4,92.1,1982.0,0,sobrecalentamiento
22,91,83.6,288.6,96.0,1993.0,1,sobrecalentamiento
22,92,87.1,277.8,94.8,2258.0,0,sobrecalentamiento
22,93,89.1,277.6,96.9,2080.0,0,sobrecalentamiento
22,94,93.0,285.8,93.7,1990.0,0,sobrecalentamiento
22,95,84.7,299.9,90.2,2187.0,0,sobrecalentamiento
22,96,90.4,299.7,97.7,2105.0,0,sobrecalentamiento
22,97,84.8,293.2,97.2,2146.0,0,sobrecalentamiento
22,98,84.2,291.8,100.0,1921.0,0,sobrecalentamiento
22,99,84.4,310.9,89.7,2074.0,0,sobrecalentamiento
22,100,89.8,284.6,94.7,2176.0,0,sobrecalentamiento
22,101,88.4,292.4,94.1,2049.0,0,sobrecalentamiento
22,102,87.1,284.1,93.4,2199.0,0,sobrecalentamiento
22,103,89.4,277.1,88.8,1995.0,0,sobrecalentamiento
22,104,88.1,301.8,90.7,2091.0,0,sobrecalentamiento
22,105,88.3,286.9,96.1,2232.0,0,sobrecalentamiento
22,106,87.1,296.9,93.0,2008.0,0,sobrecalentamiento
22,107,84.9,287.5,91.7,2122.0,0,sobrecalentamiento
22,108,93.1,302.5,100.0,2147.0,0,sobrecalentamiento
22,109,92.2,280.0,100.0,2107.0,0,sobrecalentamiento
22,110,92.8,301.6,94.8,2080.0,1,sobrecalentamiento
22,111,86.4,298.9,89.0,2030.0,0,sobrecalentamiento
22,112,86.0,272.1,96.6,2116.0,1,sobrecalentamiento
22,113,86.8,284.8,86.7,2092.0,0,sobrecalentamiento
22,114,91.2,300.2,89.6,1985.0,0,sobrecalentamiento
22,115,88.0,306.4,96.7,2188.0,0,sobrecalentamiento
22,116,86.4,297.2,89.5,2027.0,0,sobrecalentamiento
22,117,89.1,286.0,93.8,1987.0,0,sobrecalentamiento
22,118,85.8,280.3,89.1,2052.0,0,sobrecalentamiento
22,119,83.9,295.7,95.2,2029.0,0,sobrecalentamiento
22,120,88.4,285.7,99.5,2079.0,0,sobrecalentamiento
22,121,86.5,286.2,92.5,2001.0,0,sobrecalentamiento
22,122,88.0,287.8,94.9,2136.0,0,sobrecalentamiento
22,123,79.9,298.8,91.7,2210.0,1,sobrecalentamiento
22,124,85.3,308.1,92.0,2108.0,1,sobrecalentamiento
22,125,87.9,300.3,91.7,1984.0,0,sobrecalentamiento
22,126,83.5,290.1,98.1,2027.0,0,sobrecalentamiento
22,127,83.6,281.0,89.3,2118.0,0,sobrecalentamiento
22,128,88.1,296.7,93.7,1943.0,0,sobrecalentamiento
22,129,90.1,306.7,96.6,2001.0,0,sobrecalentamiento
22,130,85.3,300.0,98.6,1968.0,0,sobrecalentamiento
22,131,87.2,292.1,96.8,2109.0,0,sobrecalentamiento
22,132,87.3,285.1,94.7,2273.0,0,sobrecalentamiento
22,133,83.3,293.5,92.7,1999.0,0,sobrecalentamiento
22,134,91.6,301.5,98.7,2165.0,0,sobrecalentamiento
22,135,87.5,292.3,91.5,2055.0,0,sobrecalentamiento
22,136,87.5,289.0,91.6,1994.0,0,sobrecalentamiento
22,137,89.1,283.1,100.0,2225.0,0,sobrecalentamiento
22,138,83.3,315.9,96.4,2273.0,0,sobrecalentamiento
22,139,90.8,281.1,96.6,2133.0,0,sobrecalentamiento
22,140,91.2,280.2,97.4,2129.0,0,sobrecalentamiento
22,141,88.4,291.6,94.6,2105.0,1,sobrecalentamiento
22,142,89.4,288.0,89.2,2088.0,0,sobrecalentamiento
22,143,87.0,300.2,96.0,2127.0,0,sobrecalentamiento
22,144,90.6,300.6,94.9,2154.0,0,sobrecalentamiento
22,145,85.5,277.9,91.6,2233.0,0,sobrecalentamiento
22,146,87.9,282.4,90.6,2058.0,0,sobrecalentamiento
22,147,88.1,281.2,94.8,2110.0,0,sobrecalentamiento
22,148,87.9,297.8,89.6,2093.0,0,sobrecalentamiento
22,149,91.2,294.3,94.4,2182.0,0,sobrecalentamiento
22,150,94.6,286.3,93.9,2292.0,0,sobrecalentamiento
22,151,87.7,292.2,94.5,2185.0,0,sobrecalentamiento
22,152,89.4,278.7,96.6,2164.0,0,sobrecalentamiento
22,153,85.6,282.6,97.5,2173.0,0,sobrecalentamiento
22,154,91.1,277.0,92.2,2201.0,0,sobrecalentamiento
22,155,86.4,291.5,98.5,2293.0,0,sobrecalentamiento
22,156,97.4,291.4,94.1,1965.0,1,sobrecalentamiento
22,157,83.0,280.2,100.0,2148.0,0,sobrecalentamiento
22,158,94.4,294.2,92.7,1894.0,0,sobrecalentamiento
22,159,91.0,300.6,88.6,2176.0,0,sobrecalentamiento
22,160,84.6,279.7,98.3,2144.0,0,sobrecalentamiento
22,161,95.0,286.7,96.7,2056.0,0,sobrecalentamiento
22,162,85.2,295.1,99.8,1886.0,1,sobrecalentamiento
22,163,87.1,289.9,96.2,2099.0,0,sobrecalentamiento
22,164,84.1,276.3,100.0,2118.0,0,sobrecalentamiento
22,165,87.6,285.6,94.2,2095.0,0,sobrecalentamiento
22,166,87.8,285.3,99.2,2050.0,0,sobrecalentamiento
22,167,90.5,288.3,92.9,2028.0,0,sobrecalentamiento
22,168,95.3,288.7,97.0,2096.0,1,sobrecalentamiento
22,169,86.5,305.7,97.7,2036.0,0,sobrecalentamiento
22,170,79.7,287.9,98.3,2165.0,0,sobrecalentamiento
22,171,89.9,272.8,98.1,2094.0,0,sobrecalentamiento
22,172,86.3,290.9,82.1,1962.0,0,sobrecalentamiento
22,173,93.5,307.5,94.7,2114.0,0,sobrecalentamiento
22,174,87.9,288.3,92.7,2133.0,0,sobrecalentamiento
22,175,85.7,285.6,93.5,2229.0,0,sobrecalentamiento
22,176,85.0,286.9,93.9,2174.0,0,sobrecalentamiento
22,177,89.9,295.8,98.9,2028.0,0,sobrecalentamiento
22,178,87.2,286.9,95.8,2214.0,1,sobrecalentamiento
22,179,92.4,274.8,93.0,1989.0,0,sobrecalentamiento
22,180,87.4,283.3,89.1,2102.0,0,sobrecalentamiento
22,181,92.2,289.4,100.0,2160.0,0,sobrecalentamiento
22,182,83.9,295.4,92.4,2217.0,0,sobrecalentamiento
22,183,82.8,284.2,94.5,2251.0,0,sobrecalentamiento
22,184,90.5,287.0,100.0,2202.0,0,sobrecalentamiento
22,185,86.6,290.4,92.5,2089.0,0,sobrecalentamiento
22,186,87.2,282.2,93.9,2146.0,0,sobrecalentamiento
22,187,85.0,289.1,95.9,2118.0,1,sobrecalentamiento
22,188,84.7,294.7,88.6,2043.0,0,sobrecalentamiento
22,189,89.9,278.1,88.1,2091.0,1,sobrecalentamiento
22,190,87.9,293.1,93.1,2244.0,0,sobrecalentamiento
22,191,84.8,279.1,93.2,2152.0,0,sobrecalentamiento
22,192,90.4,279.3,95.5,2265.0,0,sobrecalentamiento
22,193,91.5,283.4,91.1,2013.0,0,sobrecalentamiento
22,194,87.7,303.7,96.7,2069.0,0,sobrecalentamiento
22,195,91.0,272.8,86.4,2133.0,0,sobrecalentamiento
22,196,85.0,285.4,94.7,2159.0,0,sobrecalentamiento
22,197,89.7,289.7,96.4,2091.0,0,sobrecalentamiento
22,198,88.5,301.7,96.3,2164.0,0,sobrecalentamiento
22,199,85.6,309.5,94.3,2163.0,2,sobrecalentamiento
22,200,94.2,285.8,92.4,1989.0,0,sobrecalentamiento
22,201,88.7,295.4,94.2,2160.0,0,sobrecalentamiento
22,202,86.2,289.1,99.9,2186.0,0,sobrecalentamiento
22,203,88.1,289.0,92.6,2124.0,0,sobrecalentamiento
22,204,85.4,292.7,98.9,1953.0,0,sobrecalentamiento
22,205,84.5,274.1,99.5,2078.0,0,sobrecalentamiento
22,206,86.7,289.5,88.1,2135.0,0,sobrecalentamiento
22,207,86.9,294.5,94.5,2031.0,0,sobrecalentamiento
22,208,85.6,281.4,91.1,2173.0,1,sobrecalentamiento
22,209,91.8,294.6,89.0,2158.0,0,sobrecalentamiento
22,210,85.7,272.7,98.2,2111.0,0,sobrecalentamiento
22,211,85.2,290.9,96.9,2101.0,0,sobrecalentamiento
22,212,84.4,303.4,96.1,2115.0,0,sobrecalentamiento
22,213,84.2,287.8,90.7,2100.0,0,sobrecalentamiento
22,214,91.1,280.2,95.8,1997.0,0,sobrecalentamiento
22,215,88.8,275.7,89.8,2066.0,0,sobrecalentamiento
22,216,90.1,293.9,95.3,2106.0,1,sobrecalentamiento
22,217,91.1,299.3,92.4,2213.0,0,sobrecalentamiento
22,218,87.0,289.4,99.2,2155.0,0,sobrecalentamiento
22,219,92.4,285.4,93.5,2218.0,1,sobrecalentamiento
22,220,86.1,270.7,95.9,1988.0,0,sobrecalentamiento
22,221,84.7,291.2,95.9,2072.0,0,sobrecalentamiento
22,222,89.1,283.1,94.7,2266.0,0,sobrecalentamiento
22,223,88.4,283.7,95.4,2041.0,0,sobrecalentamiento
22,224,88.4,306.2,96.2,2039.0,0,sobrecalentamiento
22,225,91.0,272.0,91.4,2078.0,0,sobrecalentamiento
22,226,88.3,273.3,96.6,2261.0,0,sobrecalentamiento
22,227,88.9,292.3,98.5,2046.0,0,sobrecalentamiento
22,228,92.1,286.1,96.6,2145.0,0,sobrecalentamiento
22,229,88.8,284.8,93.6,2131.0,1,sobrecalentamiento
22,230,89.5,292.7,95.7,1946.0,0,sobrecalentamiento
22,231,83.7,292.6,93.5,2099.0,0,sobrecalentamiento
22,232,99.2,280.3,94.5,2056.0,0,sobrecalentamiento
22,233,83.2,284.1,90.2,2154.0,0,sobrecalentamiento
22,234,86.4,290.5,100.0,2239.0,0,sobrecalentamiento
22,235,86.3,291.7,100.0,2072.0,0,sobrecalentamiento
22,236,94.3,294.8,92.2,2072.0,0,sobrecalentamiento
22,237,86.2,284.2,98.1,2301.0,0,sobrecalentamiento
22,238,89.3,293.5,100.0,2043.0,0,sobrecalentamiento
22,239,86.3,299.5,91.2,1993.0,0,sobrecalentamiento
22,240,84.9,290.5,86.4,2210.0,0,sobrecalentamiento
22,241,89.7,289.0,100.0,2096.0,0,sobrecalentamiento
22,242,85.8,287.6,95.0,2123.0,0,sobrecalentamiento
22,243,88.6,283.8,92.9,2279.0,0,sobrecalentamiento
22,244,89.9,280.6,95.2,1988.0,0,sobrecalentamiento
22,245,93.7,287.0,93.5,2084.0,0,sobrecalentamiento
22,246,84.2,294.5,100.0,2001.0,0,sobrecalentamiento
22,247,87.5,281.1,92.9,2127.0,0,sobrecalentamiento
22,248,87.7,289.2,96.3,2056.0,0,sobrecalentamiento
22,249,88.0,288.1,100.0,2006.0,0,sobrecalentamiento
22,250,95.7,307.8,100.0,2159.0,0,sobrecalentamiento
22,251,87.5,297.2,99.4,2101.0,0,sobrecalentamiento
22,252,80.4,297.1,93.3,2000.0,0,sobrecalentamiento
22,253,87.4,299.2,94.4,2005.0,0,sobrecalentamiento
22,254,87.6,284.5,86.3,2117.0,0,sobrecalentamiento
22,255,87.3,303.8,94.7,1966.0,2,sobrecalentamiento
22,256,85.8,291.6,95.1,2118.0,0,sobrecalentamiento
22,257,84.0,289.6,98.0,2207.0,0,sobrecalentamiento
22,258,94.5,277.9,100.0,2153.0,0,sobrecalentamiento
22,259,89.0,286.0,97.8,2050.0,0,sobrecalentamiento
22,260,87.4,272.3,99.3,2122.0,1,sobrecalentamiento
22,261,94.4,287.5,94.9,2000.0,0,sobrecalentamiento
22,262,85.4,284.2,100.0,2111.0,0,sobrecalentamiento
22,263,89.8,286.0,95.0,2074.0,0,sobrecalentamiento
22,264,84.3,276.1,99.6,2017.0,0,sobrecalentamiento
22,265,90.3,297.0,98.2,2150.0,1,sobrecalentamiento
22,266,84.6,295.9,96.6,1942.0,0,sobrecalentamiento
22,267,89.4,306.9,88.8,2005.0,0,sobrecalentamiento
22,268,93.9,306.6,99.4,2015.0,0,sobrecalentamiento
22,269,88.3,291.6,96.5,2060.0,0,sobrecalentamiento
22,270,81.4,300.2,97.8,2204.0,0,sobrecalentamiento
22,271,88.1,292.6,96.3,2160.0,0,sobrecalentamiento
22,272,89.4,285.7,96.9,2108.0,1,sobrecalentamiento
22,273,90.7,287.2,100.0,2105.0,0,sobrecalentamiento
22,274,92.4,296.4,93.1,2099.0,0,sobrecalentamiento
22,275,92.6,330.9,96.9,2210.0,0,sobrecalentamiento
22,276,87.6,301.7,91.9,1955.0,0,sobrecalentamiento
22,277,86.0,292.5,97.3,2162.0,0,sobrecalentamiento
22,278,84.6,294.8,96.0,2059.0,0,sobrecalentamiento
22,279,86.4,294.7,92.5,2140.0,0,sobrecalentamiento
22,280,89.4,289.1,95.4,2141.0,0,sobrecalentamiento
22,281,84.0,297.6,92.7,2159.0,0,sobrecalentamiento
22,282,85.2,288.4,93.5,2227.0,0,sobrecalentamiento
22,283,89.7,279.9,96.4,1990.0,1,sobrecalentamiento
22,284,86.1,294.8,96.1,2180.0,0,sobrecalentamiento
22,285,89.1,296.2,87.3,2095.0,0,sobrecalentamiento
22,286,85.6,288.5,96.5,2063.0,0,sobrecalentamiento
22,287,88.9,293.1,93.8,2263.0,1,sobrecalentamiento
22,288,85.7,299.6,93.3,2156.0,0,sobrecalentamiento
22,289,82.3,289.5,90.5,2067.0,0,sobrecalentamiento
22,290,90.9,285.5,94.8,2177.0,1,sobrecalentamiento
22,291,85.9,282.9,92.9,2096.0,0,sobrecalentamiento
22,292,87.3,287.5,100.0,2065.0,0,sobrecalentamiento
22,293,85.9,305.3,88.0,2052.0,0,sobrecalentamiento
22,294,89.6,288.0,91.1,2124.0,0,sobrecalentamiento
22,295,89.0,293.6,90.9,2051.0,0,sobrecalentamiento
22,296,89.6,286.8,96.0,2112.0,0,sobrecalentamiento
22,297,86.4,285.9,99.7,2171.0,1,sobrecalentamiento
22,298,87.9,281.2,97.0,2109.0,0,sobrecalentamiento
22,299,89.3,291.0,90.6,2258.0,0,sobrecalentamiento
23,0,88.6,288.5,94.1,2080.0,0,sobrecalentamiento
23,1,92.1,290.3,90.2,2067.0,0,sobrecalentamiento
23,2,91.5,284.1,92.4,2081.0,0,sobrecalentamiento
23,3,87.4,305.6,96.7,2195.0,0,sobrecalentamiento
23,4,91.3,305.0,97.8,1977.0,0,sobrecalentamiento
23,5,87.1,283.2,94.9,2048.0,0,sobrecalentamiento
23,6,86.5,274.8,91.5,2185.0,0,sobrecalentamiento
23,7,84.4,271.9,92.4,2166.0,0,sobrecalentamiento
23,8,91.9,296.0,92.3,2207.0,0,sobrecalentamiento
23,9,87.1,291.4,86.5,2095.0,0,sobrecalentamiento
23,10,80.7,282.2,95.3,1995.0,0,sobrecalentamiento
23,11,89.6,292.7,88.3,2011.0,2,sobrecalentamiento
23,12,86.7,277.7,95.3,2076.0,0,sobrecalentamiento
23,13,87.1,297.9,89.2,2161.0,0,sobrecalentamiento
23,14,87.3,286.2,90.2,2080.0,0,sobrecalentamiento
23,15,87.0,279.2,97.7,2073.0,0,sobrecalentamiento
23,16,96.2,286.3,95.1,2132.0,0,sobrecalentamiento
23,17,93.0,286.0,87.5,2102.0,0,sobrecalentamiento
23,18,90.1,293.7,92.8,2065.0,0,sobrecalentamiento
23,19,88.7,301.7,96.0,2020.0,0,sobrecalentamiento
23,20,91.4,301.1,92.5,2176.0,0,sobrecalentamiento
23,21,88.7,291.6,93.6,2184.0,0,sobrecalentamiento
23,22,90.4,288.1,96.0,2015.0,0,sobrecalentamiento
23,23,89.7,284.3,95.2,2068.0,0,sobrecalentamiento
23,24,88.4,272.3,91.0,2153.0,0,sobrecalentamiento
23,25,90.8,289.8,95.1,2009.0,0,sobrecalentamiento
23,26,86.7,281.5,93.9,2129.0,0,sobrecalentamiento
23,27,88.2,302.2,100.0,2074.0,0,sobrecalentamiento
23,28,85.1,288.0,94.6,2003.0,1,sobrecalentamiento
23,29,85.4,297.5,95.5,2242.0,1,sobrecalentamiento
23,30,80.4,285.2,96.0,2073.0,1,sobrecalentamiento
23,31,89.4,283.2,93.7,2142.0,0,sobrecalentamiento
23,32,90.2,296.0,92.1,2010.0,0,sobrecalentamiento
23,33,91.3,292.8,96.8,2224.0,0,sobrecalentamiento
23,34,84.7,293.2,96.9,2256.0,0,sobrecalentamiento
23,35,89.3,289.1,100.0,1980.0,0,sobrecalentamiento
23,36,88.0,297.9,98.0,2087.0,0,sobrecalentamiento
23,37,90.2,296.4,98.0,2206.0,0,sobrecalentamiento
23,38,86.0,268.2,97.9,2063.0,0,sobrecalentamiento
23,39,87.0,287.4,92.2,2133.0,1,sobrecalentamiento
23,40,83.3,300.1,90.0,1966.0,0,sobrecalentamiento
23,41,85.8,279.8,91.0,2037.0,0,sobrecalentamiento
23,42,88.0,273.1,97.8,2124.0,0,sobrecalentamiento
23,43,88.5,288.6,100.0,2053.0,0,sobrecalentamiento
23,44,82.9,295.2,97.9,2071.0,0,sobrecalentamiento
23,45,86.5,285.4,94.3,1979.0,1,sobrecalentamiento
23,46,88.5,302.9,100.0,2152.0,0,sobrecalentamiento
23,47,92.2,308.4,93.2,1993.0,0,sobrecalentamiento
23,48,85.5,270.7,90.4,2223.0,0,sobrecalentamiento
23,49,89.5,286.2,96.0,2045.0,0,sobrecalentamiento
23,50,86.3,267.2,100.0,2164.0,0,sobrecalentamiento
23,51,86.7,296.6,91.6,2156.0,0,sobrecalentamiento
23,52,85.4,283.2,88.2,2021.0,0,sobrecalentamiento
23,53,84.9,285.2,95.2,2054.0,1,sobrecalentamiento
23,54,86.6,301.5,98.1,2063.0,0,sobrecalentamiento
23,55,91.1,276.7,83.1,2069.0,1,sobrecalentamiento
23,56,85.7,274.2,98.9,1996.0,0,sobrecalentamiento
23,57,85.3,267.2,89.5,2143.0,0,sobrecalentamiento
23,58,88.6,302.7,97.9,2045.0,1,sobrecalentamiento
23,59,88.0,300.4,87.0,2091.0,1,sobrecalentamiento
23,60,87.8,287.1,89.1,2181.0,0,sobrecalentamiento
23,61,88.8,277.2,97.5,2146.0,0,sobrecalentamiento
23,62,85.0,298.3,99.9,2050.0,0,sobrecalentamiento
23,63,85.3,317.5,95.0,2183.0,0,sobrecalentamiento
23,64,91.0,287.6,100.0,2153.0,0,sobrecalentamiento
23,65,87.6,278.0,90.9,2044.0,0,sobrecalentamiento
23,66,89.8,302.4,90.9,2059.0,0,sobrecalentamiento
23,67,91.7,278.7,93.8,2180.0,0,sobrecalentamiento
23,68,90.5,286.3,93.6,2162.0,0,sobrecalentamiento
23,69,83.9,263.6,96.1,1980.0,0,sobrecalentamiento
23,70,87.7,287.0,92.0,2020.0,0,sobrecalentamiento
23,71,91.1,277.2,97.3,2156.0,0,sobrecalentamiento
23,72,89.6,302.6,97.2,2006.0,1,sobrecalentamiento
23,73,88.6,280.2,100.0,2164.0,0,sobrecalentamiento
23,74,83.1,297.8,93.0,2255.0,0,sobrecalentamiento
23,75,86.2,289.0,96.3,2130.0,0,sobrecalentamiento
23,76,88.2,291.3,97.4,2026.0,0,sobrecalentamiento
23,77,83.7,295.2,95.0,2114.0,0,sobrecalentamiento
23,78,90.4,289.5,94.2,2183.0,0,sobrecalentamiento
23,79,87.6,283.5,86.7,2108.0,0,sobrecalentamiento
23,80,82.1,281.9,95.3,2139.0,0,sobrecalentamiento
23,81,86.3,295.1,97.4,2036.0,0,sobrecalentamiento
23,82,87.1,271.0,94.8,2042.0,0,sobrecalentamiento
23,83,87.6,306.8,91.9,2172.0,0,sobrecalentamiento
23,84,92.3,291.3,88.3,2043.0,0,sobrecalentamiento
23,85,89.7,286.6,96.8,1893.0,0,sobrecalentamiento
23,86,83.9,292.7,95.1,2075.0,0,sobrecalentamiento
23,87,83.5,284.1,100.0,2125.0,1,sobrecalentamiento
23,88,87.2,288.2,89.2,2185.0,0,sobrecalentamiento
23,89,88.4,278.7,93.1,2232.0,0,sobrecalentamiento
23,90,91.0,293.8,89.7,2107.0,0,sobrecalentamiento
23,91,93.2,289.2,99.1,2153.0,0,sobrecalentamiento
23,92,93.4,291.9,100.0,2110.0,0,sobrecalentamiento
23,93,86.7,304.8,100.0,2128.0,0,sobrecalentamiento
23,94,90.8,282.0,97.1,2085.0,0,sobrecalentamiento
23,95,89.3,288.7,98.2,2131.0,0,sobrecalentamiento
23,96,84.7,273.5,96.7,2042.0,0,sobrecalentamiento
23,97,82.3,295.5,97.3,2258.0,0,sobrecalentamiento
23,98,88.4,289.8,95.2,1909.0,0,sobrecalentamiento
23,99,83.5,290.2,97.5,2146.0,0,sobrecalentamiento
23,100,85.4,288.4,100.0,2126.0,0,sobrecalentamiento
23,101,85.9,284.2,95.9,2130.0,0,sobrecalentamiento
23,102,88.7,315.0,95.1,2005.0,0,sobrecalentamiento
23,103,91.8,290.4,95.8,1966.0,1,sobrecalentamiento
23,104,88.0,293.0,94.4,2148.0,0,sobrecalentamiento
23,105,86.4,278.6,96.0,2207.0,0,sobrecalentamiento
23,106,81.8,298.9,94.3,2118.0,1,sobrecalentamiento
23,107,89.4,288.8,99.6,2164.0,0,sobrecalentamiento
23,108,88.1,294.5,99.2,2063.0,0,sobrecalentamiento
23,109,86.4,299.0,100.0,2127.0,0,sobrecalentamiento
23,110,91.5,289.0,94.9,2198.0,0,sobrecalentamiento
23,111,84.4,283.2,96.2,2075.0,0,sobrecalentamiento
23,112,85.9,266.7,96.0,2195.0,0,sobrecalentamiento
23,113,87.3,286.1,95.8,1969.0,0,sobrecalentamiento
23,114,86.3,283.2,99.5,2051.0,0,sobrecalentamiento
23,115,89.7,278.6,88.5,2144.0,0,sobrecalentamiento
23,116,89.4,304.5,96.8,2252.0,0,sobrecalentamiento
23,117,91.2,299.8,100.0,2101.0,0,sobrecalentamiento
23,118,89.5,271.7,100.0,2017.0,0,sobrecalentamiento
23,119,87.7,291.5,100.0,2250.0,1,sobrecalentamiento
23,120,87.0,281.8,98.4,2090.0,0,sobrecalentamiento
23,121,89.4,293.7,92.6,2153.0,0,sobrecalentamiento
23,122,87.4,282.0,92.0,2073.0,0,sobrecalentamiento
23,123,88.1,284.6,92.0,2111.0,0,sobrecalentamiento
23,124,89.5,299.6,90.4,2055.0,0,sobrecalentamiento
23,125,88.4,298.2,98.8,2281.0,0,sobrecalentamiento
23,126,88.9,305.1,100.0,2195.0,0,sobrecalentamiento
23,127,85.6,287.8,96.7,2241.0,0,sobrecalentamiento
23,128,92.0,275.4,98.2,2037.0,0,sobrecalentamiento
23,129,84.7,299.2,96.2,1954.0,0,sobrecalentamiento
23,130,89.3,299.3,97.3,2077.0,0,sobrecalentamiento
23,131,86.5,296.3,86.5,2301.0,0,sobrecalentamiento
23,132,91.2,282.6,96.3,2074.0,0,sobrecalentamiento
23,133,90.7,279.3,93.3,2184.0,0,sobrecalentamiento
23,134,88.0,295.4,94.8,2018.0,0,sobrecalentamiento
23,135,92.7,281.1,95.9,2034.0,0,sobrecalentamiento
23,136,87.4,286.9,92.1,2094.0,0,sobrecalentamiento
23,137,90.6,319.1,90.7,2269.0,0,sobrecalentamiento
23,138,85.8,311.3,92.0,2188.0,0,sobrecalentamiento
23,139,89.2,297.9,89.2,1936.0,0,sobrecalentamiento
23,140,85.2,283.4,90.4,2153.0,0,sobrecalentamiento
23,141,88.1,282.8,90.9,2008.0,0,sobrecalentamiento
23,142,87.8,297.2,89.3,2045.0,1,sobrecalentamiento
23,143,90.6,305.0,97.1,2141.0,0,sobrecalentamiento
23,144,86.0,284.9,91.4,2212.0,0,sobrecalentamiento
23,145,97.2,285.4,87.5,2208.0,0,sobrecalentamiento
23,146,83.9,290.9,93.4,2127.0,0,sobrecalentamiento
23,147,88.7,276.1,90.5,2128.0,0,sobrecalentamiento
23,148,88.9,276.4,100.0,2208.0,0,sobrecalentamiento
23,149,89.6,278.2,95.5,1974.0,0,sobrecalentamiento
23,150,86.5,295.5,89.1,2246.0,0,sobrecalentamiento
23,151,88.7,292.7,97.3,2041.0,0,sobrecalentamiento
23,152,86.3,301.4,95.3,2121.0,1,sobrecalentamiento
23,153,93.6,272.6,94.0,2060.0,0,sobrecalentamiento
23,154,86.1,274.8,100.0,2008.0,1,sobrecalentamiento
23,155,87.6,294.6,91.1,2137.0,0,sobrecalentamiento
23,156,86.0,281.3,99.1,2119.0,0,sobrecalentamiento
23,157,85.6,282.0,93.4,2092.0,0,sobrecalentamiento
23,158,83.8,300.1,94.9,2088.0,0,sobrecalentamiento
23,159,90.0,284.5,92.0,2222.0,0,sobrecalentamiento
23,160,86.0,285.6,92.3,2275.0,0,sobrecalentamiento
23,161,85.6,287.5,93.3,2200.0,0,sobrecalentamiento
23,162,85.1,288.1,87.4,2122.0,0,sobrecalentamiento
23,163,88.9,296.8,96.4,1969.0,0,sobrecalentamiento
23,164,88.1,277.9,95.5,2150.0,0,sobrecalentamiento
23,165,88.1,288.1,89.0,2154.0,0,sobrecalentamiento
23,166,85.7,301.6,97.6,2162.0,0,sobrecalentamiento
23,167,89.3,311.3,100.0,2009.0,0,sobrecalentamiento
23,168,86.0,276.4,92.3,2168.0,0,sobrecalentamiento
23,169,88.2,293.3,91.9,2225.0,0,sobrecalentamiento
23,170,87.6,288.1,99.5,2021.0,0,sobrecalentamiento
23,171,82.9,289.0,96.6,2155.0,0,sobrecalentamiento
23,172,94.1,282.1,94.5,2035.0,0,sobrecalentamiento
23,173,89.7,297.6,98.3,2092.0,0,sobrecalentamiento
23,174,88.5,297.0,96.1,2024.0,0,sobrecalentamiento
23,175,89.0,315.2,100.0,2072.0,0,sobrecalentamiento
23,176,94.2,276.8,94.9,2073.0,0,sobrecalentamiento
23,177,91.4,272.5,96.7,2133.0,0,sobrecalentamiento
23,178,89.0,310.5,99.4,2171.0,0,sobrecalentamiento
23,179,85.9,289.5,85.2,2197.0,0,sobrecalentamiento
23,180,86.3,285.4,99.5,2048.0,0,sobrecalentamiento
23,181,82.6,291.9,93.0,2129.0,0,sobrecalentamiento
23,182,86.9,276.1,97.0,2012.0,0,sobrecalentamiento
23,183,90.0,293.8,100.0,2091.0,0,sobrecalentamiento
23,184,89.9,289.2,93.8,2103.0,0,sobrecalentamiento
23,185,89.8,300.7,93.2,2026.0,0,sobrecalentamiento
23,186,86.5,298.6,94.8,2145.0,0,sobrecalentamiento
23,187,89.7,299.4,89.2,2088.0,0,sobrecalentamiento
23,188,90.5,291.9,100.0,2112.0,0,sobrecalentamiento
23,189,81.3,306.0,94.8,2198.0,0,sobrecalentamiento
23,190,88.9,295.8,100.0,2066.0,0,sobrecalentamiento
23,191,94.2,284.7,93.7,2168.0,0,sobrecalentamiento
23,192,87.1,281.9,95.1,2215.0,0,sobrecalentamiento
23,193,80.4,283.0,98.8,2211.0,0,sobrecalentamiento
23,194,85.6,295.9,90.6,2085.0,0,sobrecalentamiento
23,195,82.6,276.7,94.6,2022.0,0,sobrecalentamiento
23,196,86.1,291.6,98.6,2043.0,0,sobrecalentamiento
23,197,84.3,281.7,94.1,1973.0,0,sobrecalentamiento
23,198,90.8,277.5,93.1,2155.0,0,sobrecalentamiento
23,199,90.3,279.1,99.5,2160.0,0,sobrecalentamiento
23,200,89.0,289.8,100.0,2109.0,0,sobrecalentamiento
23,201,91.7,297.6,100.0,1990.0,0,sobrecalentamiento
23,202,86.3,283.2,92.3,2071.0,0,sobrecalentamiento
23,203,88.2,269.2,92.7,2210.0,0,sobrecalentamiento
23,204,94.6,321.5,93.1,2149.0,0,sobrecalentamiento
23,205,89.8,301.2,97.9,2163.0,0,sobrecalentamiento
23,206,89.7,299.3,90.2,2365.0,0,sobrecalentamiento
23,207,85.7,306.3,90.4,2126.0,0,sobrecalentamiento
23,208,86.8,290.9,92.1,1927.0,0,sobrecalentamiento
23,209,85.0,288.6,91.2,2012.0,0,sobrecalentamiento
23,210,93.0,303.6,98.5,2124.0,0,sobrecalentamiento
23,211,83.3,303.5,98.3,2101.0,0,sobrecalentamiento
23,212,90.7,296.2,93.1,2086.0,1,sobrecalentamiento
23,213,89.7,298.8,94.2,2088.0,0,sobrecalentamiento
23,214,83.2,277.6,84.8,2037.0,0,sobrecalentamiento
23,215,91.4,287.4,93.2,2130.0,0,sobrecalentamiento
23,216,87.2,307.0,100.0,2212.0,0,sobrecalentamiento
23,217,84.0,298.0,93.0,2239.0,0,sobrecalentamiento
23,218,89.1,275.4,90.6,2236.0,0,sobrecalentamiento
23,219,85.5,284.7,100.0,2024.0,0,sobrecalentamiento
23,220,87.4,305.4,90.5,2098.0,0,sobrecalentamiento
23,221,86.5,294.6,100.0,2075.0,0,sobrecalentamiento
23,222,85.4,291.8,100.0,2147.0,0,sobrecalentamiento
23,223,84.4,292.1,94.6,2093.0,0,sobrecalentamiento
23,224,90.4,289.2,100.0,2082.0,0,sobrecalentamiento
23,225,89.0,284.8,88.3,2216.0,0,sobrecalentamiento
23,226,88.8,281.7,88.1,2108.0,0,sobrecalentamiento
23,227,86.9,300.1,91.8,2110.0,0,sobrecalentamiento
23,228,88.2,292.4,98.3,2133.0,0,sobrecalentamiento
23,229,85.8,297.1,95.0,2154.0,0,sobrecalentamiento
23,230,85.7,295.5,94.3,2155.0,1,sobrecalentamiento
23,231,93.1,304.1,89.8,2224.0,1,sobrecalentamiento
23,232,90.7,294.5,94.5,1997.0,0,sobrecalentamiento
23,233,86.3,298.2,92.4,2126.0,0,sobrecalentamiento
23,234,83.5,291.7,91.3,2092.0,0,sobrecalentamiento
23,235,82.9,280.5,91.0,2076.0,0,sobrecalentamiento
23,236,86.1,287.7,95.8,2161.0,0,sobrecalentamiento
23,237,88.3,295.9,92.1,2204.0,0,sobrecalentamiento
23,238,88.4,296.8,95.0,2053.0,0,sobrecalentamiento
23,239,88.4,304.5,87.9,2235.0,0,sobrecalentamiento
23,240,89.0,285.4,97.0,1985.0,0,sobrecalentamiento
23,241,84.9,292.3,96.0,2147.0,0,sobrecalentamiento
23,242,92.5,288.7,94.1,2029.0,1,sobrecalentamiento
23,243,87.4,306.2,95.6,2049.0,1,sobrecalentamiento
23,244,88.9,293.8,98.7,2105.0,0,sobrecalentamiento
23,245,86.0,294.0,89.2,2068.0,0,sobrecalentamiento
23,246,88.9,289.6,95.3,1871.0,0,sobrecalentamiento
23,247,94.2,287.7,89.8,2149.0,0,sobrecalentamiento
23,248,85.0,275.5,95.4,2162.0,0,sobrecalentamiento
23,249,84.7,277.4,94.0,2087.0,0,sobrecalentamiento
23,250,85.4,291.8,94.9,2081.0,0,sobrecalentamiento
23,251,87.0,290.5,98.4,2070.0,0,sobrecalentamiento
23,252,86.4,291.8,98.3,1963.0,0,sobrecalentamiento
23,253,84.9,299.4,99.3,1955.0,0,sobrecalentamiento
23,254,87.9,290.9,93.4,2164.0,0,sobrecalentamiento
23,255,92.7,286.5,97.8,2185.0,0,sobrecalentamiento
23,256,87.6,287.9,97.0,2148.0,0,sobrecalentamiento
23,257,87.7,292.4,93.5,2130.0,0,sobrecalentamiento
23,258,89.0,286.2,95.5,2163.0,0,sobrecalentamiento
23,259,89.9,300.6,94.5,2157.0,0,sobrecalentamiento
23,260,92.1,289.9,100.0,2037.0,0,sobrecalentamiento
23,261,88.7,292.5,98.2,2118.0,0,sobrecalentamiento
23,262,88.0,281.8,93.7,2076.0,0,sobrecalentamiento
23,263,85.0,300.6,93.4,2077.0,0,sobrecalentamiento
23,264,90.2,304.4,98.8,2191.0,0,sobrecalentamiento
23,265,85.5,276.4,100.0,2226.0,0,sobrecalentamiento
23,266,85.4,294.0,96.3,1912.0,0,sobrecalentamiento
23,267,88.6,288.9,97.6,2080.0,0,sobrecalentamiento
23,268,92.6,292.8,100.0,2075.0,1,sobrecalentamiento
23,269,90.2,294.5,94.3,2193.0,0,sobrecalentamiento
23,270,87.9,267.7,95.3,1984.0,0,sobrecalentamiento
23,271,85.1,297.6,96.9,1861.0,1,sobrecalentamiento
23,272,92.6,301.1,93.3,2166.0,0,sobrecalentamiento
23,273,87.8,302.2,100.0,2177.0,0,sobrecalentamiento
23,274,87.1,280.6,93.2,1957.0,1,sobrecalentamiento
23,275,89.7,289.7,95.2,2090.0,0,sobrecalentamiento
23,276,86.7,284.6,100.0,2222.0,1,sobrecalentamiento
23,277,85.7,270.8,87.6,2014.0,0,sobrecalentamiento
23,278,86.0,283.8,95.9,2108.0,0,sobrecalentamiento
23,279,86.0,279.2,92.4,2141.0,0,sobrecalentamiento
23,280,84.6,293.3,95.0,1986.0,0,sobrecalentamiento
23,281,84.3,273.7,90.2,2055.0,0,sobrecalentamiento
23,282,90.9,280.2,93.5,1965.0,1,sobrecalentamiento
23,283,90.0,284.8,95.1,2087.0,0,sobrecalentamiento
23,284,85.5,297.7,96.0,2037.0,0,sobrecalentamiento
23,285,90.7,317.8,98.6,2117.0,0,sobrecalentamiento
23,286,88.9,293.0,85.7,2151.0,0,sobrecalentamiento
23,287,87.0,279.7,94.5,2211.0,1,sobrecalentamiento
23,288,84.3,283.2,94.3,2287.0,0,sobrecalentamiento
23,289,89.0,296.6,94.7,2117.0,0,sobrecalentamiento
23,290,93.6,276.5,95.1,2075.0,0,sobrecalentamiento
23,291,88.0,301.0,91.7,2070.0,0,sobrecalentamiento
23,292,91.0,292.7,88.8,2023.0,0,sobrecalentamiento
23,293,87.4,288.7,95.9,2136.0,0,sobrecalentamiento
23,294,90.8,273.2,91.0,2060.0,0,sobrecalentamiento
23,295,87.5,299.2,96.6,2141.0,0,sobrecalentamiento
23,296,80.8,282.4,91.3,2025.0,0,sobrecalentamiento
23,297,85.8,291.5,97.8,2063.0,0,sobrecalentamiento
23,298,88.4,288.4,94.8,2135.0,0,sobrecalentamiento
23,299,91.2,274.2,95.1,2090.0,0,sobrecalentamiento
24,0,62.5,234.3,92.9,2381.0,2,degradacion_memoria
24,1,63.4,238.6,73.7,2338.0,3,degradacion_memoria
24,2,59.3,182.8,55.6,2393.0,2,degradacion_memoria
24,3,54.4,215.1,61.2,2390.0,10,degradacion_memoria
24,4,56.9,190.7,51.3,2327.0,9,degradacion_memoria
24,5,58.1,182.2,61.7,2368.0,6,degradacion_memoria
24,6,60.1,214.1,90.5,2395.0,5,degradacion_memoria
24,7,68.0,199.7,65.7,2377.0,5,degradacion_memoria
24,8,64.5,205.8,49.3,2302.0,7,degradacion_memoria
24,9,55.9,197.5,74.0,2354.0,6,degradacion_memoria
24,10,69.2,178.6,62.5,2352.0,5,degradacion_memoria
24,11,59.6,252.4,75.9,2402.0,2,degradacion_memoria
24,12,63.4,213.9,64.6,2484.0,6,degradacion_memoria
24,13,55.3,173.9,88.2,2385.0,5,degradacion_memoria
24,14,57.7,214.5,55.3,2332.0,6,degradacion_memoria
24,15,65.2,248.0,51.7,2374.0,4,degradacion_memoria
24,16,55.6,234.0,81.1,2380.0,5,degradacion_memoria
24,17,60.3,197.0,40.0,2410.0,7,degradacion_memoria
24,18,62.4,197.6,65.6,2430.0,5,degradacion_memoria
24,19,54.9,186.1,79.2,2436.0,2,degradacion_memoria
24,20,51.1,191.4,37.3,2401.0,5,degradacion_memoria
24,21,64.5,193.5,68.9,2380.0,5,degradacion_memoria
24,22,74.3,173.3,47.1,2439.0,4,degradacion_memoria
24,23,62.3,198.9,42.2,2366.0,6,degradacion_memoria
24,24,63.3,218.6,53.1,2382.0,8,degradacion_memoria
24,25,55.6,199.7,65.4,2370.0,6,degradacion_memoria
24,26,67.3,215.4,58.1,2295.0,2,degradacion_memoria
24,27,58.1,250.5,83.5,2431.0,4,degradacion_memoria
24,28,65.8,255.9,69.2,2407.0,6,degradacion_memoria
24,29,63.0,208.3,61.2,2285.0,5,degradacion_memoria
24,30,63.2,232.0,49.7,2420.0,4,degradacion_memoria
24,31,63.0,205.8,71.1,2368.0,7,degradacion_memoria
24,32,62.8,197.8,96.8,2420.0,5,degradacion_memoria
24,33,61.4,182.1,58.2,2383.0,3,degradacion_memoria
24,34,64.8,212.2,59.8,2326.0,3,degradacion_memoria
24,35,56.4,237.1,53.1,2381.0,2,degradacion_memoria
24,36,58.8,178.1,84.6,2344.0,12,degradacion_memoria
24,37,67.3,202.8,81.0,2331.0,6,degradacion_memoria
24,38,60.9,201.6,61.8,2415.0,8,degradacion_memoria
24,39,58.4,216.2,59.6,2396.0,4,degradacion_memoria
24,40,65.2,216.6,54.8,2440.0,8,degradacion_memoria
24,41,64.2,223.4,63.9,2364.0,4,degradacion_memoria
24,42,53.5,257.4,82.3,2341.0,9,degradacion_memoria
24,43,63.6,188.2,68.6,2406.0,3,degradacion_memoria
24,44,60.7,186.9,86.0,2347.0,5,degradacion_memoria
24,45,63.6,216.2,57.9,2368.0,5,degradacion_memoria
24,46,60.1,246.3,35.6,2401.0,9,degradacion_memoria
24,47,62.3,173.4,100.0,2375.0,0,degradacion_memoria
24,48,50.8,218.3,71.0,2360.0,5,degradacion_memoria
24,49,55.5,205.0,78.9,2324.0,5,degradacion_memoria
24,50,63.7,231.4,57.0,2417.0,2,degradacion_memoria
24,51,73.1,225.7,48.9,2365.0,5,degradacion_memoria
24,52,61.8,211.2,70.2,2405.0,4,degradacion_memoria
24,53,56.5,222.2,40.1,2399.0,5,degradacion_memoria
24,54,60.7,193.5,64.3,2424.0,6,degradacion_memoria
24,55,55.5,230.0,82.3,2371.0,4,degradacion_memoria
24,56,66.2,244.7,74.3,2366.0,7,degradacion_memoria
24,57,60.2,212.5,71.6,2336.0,7,degradacion_memoria
24,58,65.3,199.8,92.4,2358.0,6,degradacion_memoria
24,59,59.2,206.4,73.3,2394.0,3,degradacion_memoria
24,60,65.7,229.7,41.3,2347.0,1,degradacion_memoria
24,61,51.9,209.0,65.9,2393.0,5,degradacion_memoria
24,62,60.1,180.0,95.0,2439.0,6,degradacion_memoria
24,63,62.7,233.8,63.7,2362.0,2,degradacion_memoria
24,64,58.7,185.4,94.1,2327.0,8,degradacion_memoria
24,65,61.8,220.6,82.3,2363.0,5,degradacion_memoria
24,66,61.7,163.3,62.3,2323.0,5,degradacion_memoria
24,67,65.2,212.7,52.9,2433.0,2,degradacion_memoria
24,68,63.1,208.3,72.8,2383.0,4,degradacion_memoria
24,69,62.0,160.8,85.8,2351.0,3,degradacion_memoria
24,70,64.4,218.3,45.9,2358.0,6,degradacion_memoria
24,71,53.2,182.5,69.7,2333.0,7,degradacion_memoria
24,72,56.2,212.1,39.4,2420.0,6,degradacion_memoria
24,73,53.1,199.7,63.2,2453.0,3,degradacion_memoria
24,74,62.7,173.0,44.8,2320.0,5,degradacion_memoria
24,75,62.1,183.9,75.9,2422.0,10,degradacion_memoria
24,76,66.9,185.9,58.4,2370.0,5,degradacion_memoria
24,77,61.8,234.6,84.2,2431.0,8,degradacion_memoria
24,78,56.8,230.9,60.4,2307.0,5,degradacion_memoria
24,79,60.7,264.9,59.2,2389.0,7,degradacion_memoria
24,80,50.6,197.2,45.4,2364.0,8,degradacion_memoria
24,81,58.0,196.4,73.5,2406.0,3,degradacion_memoria
24,82,48.3,213.4,74.9,2382.0,9,degradacion_memoria
24,83,61.6,201.1,81.2,2381.0,6,degradacion_memoria
24,84,58.6,195.4,77.2,2376.0,8,degradacion_memoria
24,85,59.3,211.4,73.6,2442.0,4,degradacion_memoria
24,86,55.3,227.6,76.3,2373.0,4,degradacion_memoria
24,87,56.7,157.2,77.8,2415.0,5,degradacion_memoria
24,88,63.5,195.7,80.7,2405.0,5,degradacion_memoria
24,89,52.8,174.9,46.6,2416.0,5,degradacion_memoria
24,90,62.5,206.2,61.5,2339.0,3,degradacion_memoria
24,91,55.9,220.8,45.3,2408.0,3,degradacion_memoria
24,92,51.6,237.9,72.6,2393.0,7,degradacion_memoria
24,93,66.1,199.2,90.8,2332.0,6,degradacion_memoria
24,94,66.6,212.7,80.5,2372.0,7,degradacion_memoria
24,95,57.3,167.9,59.5,2472.0,5,degradacion_memoria
24,96,57.3,188.5,75.1,2364.0,4,degradacion_memoria
24,97,58.7,215.2,72.9,2365.0,6,degradacion_memoria
24,98,55.9,176.0,71.3,2398.0,4,degradacion_memoria
24,99,56.8,240.9,49.8,2358.0,4,degradacion_memoria
24,100,62.3,223.1,86.4,2386.0,6,degradacion_memoria
24,101,70.4,187.4,51.5,2362.0,4,degradacion_memoria
24,102,58.2,172.9,62.9,2396.0,8,degradacion_memoria
24,103,65.1,192.0,81.4,2378.0,3,degradacion_memoria
24,104,61.8,187.5,62.8,2458.0,9,degradacion_memoria
24,105,51.6,179.6,69.1,2382.0,6,degradacion_memoria
24,106,59.9,174.8,69.7,2371.0,3,degradacion_memoria
24,107,59.2,204.2,68.9,2421.0,6,degradacion_memoria
24,108,67.3,228.3,69.6,2324.0,7,degradacion_memoria
24,109,67.5,192.2,71.0,2448.0,5,degradacion_memoria
24,110,61.9,221.1,69.0,2340.0,6,degradacion_memoria
24,111,66.1,201.8,55.5,2428.0,1,degradacion_memoria
24,112,59.3,225.3,46.3,2438.0,2,degradacion_memoria
24,113,65.6,190.3,82.0,2359.0,9,degradacion_memoria
24,114,60.5,217.0,82.6,2363.0,4,degradacion_memoria
24,115,65.5,213.0,72.7,2376.0,5,degradacion_memoria
24,116,66.0,244.1,72.6,2405.0,4,degradacion_memoria
24,117,63.6,224.0,55.2,2340.0,8,degradacion_memoria
24,118,56.3,216.4,33.9,2376.0,3,degradacion_memoria
24,119,57.9,173.3,64.5,2367.0,1,degradacion_memoria
24,120,63.8,196.9,41.4,2334.0,4,degradacion_memoria
24,121,64.5,190.0,70.6,2338.0,5,degradacion_memoria
24,122,60.8,189.4,86.3,2385.0,3,degradacion_memoria
24,123,58.4,210.4,59.4,2384.0,6,degradacion_memoria
24,124,61.0,216.0,60.2,2349.0,2,degradacion_memoria
24,125,58.6,217.0,53.9,2383.0,4,degradacion_memoria
24,126,58.6,241.5,68.6,2354.0,6,degradacion_memoria
24,127,69.8,222.1,67.5,2432.0,9,degradacion_memoria
24,128,57.6,179.3,53.7,2376.0,7,degradacion_memoria
24,129,62.5,215.1,80.8,2424.0,6,degradacion_memoria
24,130,60.8,224.6,100.0,2312.0,6,degradacion_memoria
24,131,53.9,241.6,84.7,2393.0,3,degradacion_memoria
24,132,53.7,206.1,66.5,2404.0,5,degradacion_memoria
24,133,59.6,206.4,66.3,2374.0,8,degradacion_memoria
24,134,50.2,237.0,60.8,2358.0,7,degradacion_memoria
24,135,69.2,214.5,60.5,2374.0,12,degradacion_memoria
24,136,58.2,170.0,81.4,2410.0,1,degradacion_memoria
24,137,57.8,164.7,82.0,2332.0,3,degradacion_memoria
24,138,66.1,256.0,51.6,2408.0,6,degradacion_memoria
24,139,59.3,167.2,73.1,2393.0,6,degradacion_memoria
24,140,63.3,205.8,83.6,2370.0,6,degradacion_memoria
24,141,57.1,232.1,63.1,2371.0,5,degradacion_memoria
24,142,60.2,165.9,65.0,2382.0,4,degradacion_memoria
24,143,64.8,183.0,77.7,2446.0,6,degradacion_memoria
24,144,55.7,178.8,78.1,2394.0,6,degradacion_memoria
24,145,62.6,255.0,74.0,2342.0,8,degradacion_memoria
24,146,47.9,260.5,71.6,2363.0,5,degradacion_memoria
24,147,66.3,191.6,73.4,2334.0,1,degradacion_memoria
24,148,57.2,224.5,64.1,2304.0,5,degradacion_memoria
24,149,59.6,217.7,52.4,2334.0,4,degradacion_memoria
24,150,59.5,203.0,46.2,2385.0,7,degradacion_memoria
24,151,55.1,169.3,76.3,2431.0,10,degradacion_memoria
24,152,54.7,267.7,69.5,2420.0,4,degradacion_memoria
24,153,62.6,164.6,74.4,2334.0,2,degradacion_memoria
24,154,62.8,215.3,56.4,2348.0,3,degradacion_memoria
24,155,55.6,193.8,69.4,2342.0,5,degradacion_memoria
24,156,62.7,235.2,69.1,2277.0,6,degradacion_memoria
24,157,62.8,231.1,85.9,2373.0,10,degradacion_memoria
24,158,58.1,185.5,79.9,2412.0,3,degradacion_memoria
24,159,53.5,190.2,57.6,2370.0,3,degradacion_memoria
24,160,59.8,171.2,75.1,2329.0,3,degradacion_memoria
24,161,61.8,214.9,57.5,2346.0,5,degradacion_memoria
24,162,59.7,227.8,31.4,2367.0,4,degradacion_memoria
24,163,57.0,199.0,92.2,2411.0,8,degradacion_memoria
24,164,62.3,203.9,62.8,2373.0,0,degradacion_memoria
24,165,66.3,257.7,82.6,2405.0,7,degradacion_memoria
24,166,56.1,233.4,58.7,2377.0,3,degradacion_memoria
24,167,58.5,243.7,56.7,2389.0,4,degradacion_memoria
24,168,73.7,153.9,60.3,2342.0,7,degradacion_memoria
24,169,61.5,223.7,71.5,2353.0,6,degradacion_memoria
24,170,53.7,216.3,70.5,2330.0,4,degradacion_memoria
24,171,57.6,178.7,75.0,2404.0,2,degradacion_memoria
24,172,56.2,183.9,61.1,2368.0,3,degradacion_memoria
24,173,61.9,204.5,68.6,2236.0,6,degradacion_memoria
24,174,61.5,176.5,56.2,2399.0,4,degradacion_memoria
24,175,56.8,190.0,88.6,2419.0,7,degradacion_memoria
24,176,69.3,198.5,49.6,2348.0,6,degradacion_memoria
24,177,60.4,224.3,56.5,2399.0,3,degradacion_memoria
24,178,57.7,192.3,62.1,2372.0,4,degradacion_memoria
24,179,53.9,198.8,100.0,2295.0,9,degradacion_memoria
24,180,55.5,235.6,78.7,2458.0,4,degradacion_memoria
24,181,53.8,165.9,56.0,2372.0,1,degradacion_memoria
24,182,59.0,215.7,79.5,2388.0,4,degradacion_memoria
24,183,55.6,219.7,75.2,2355.0,1,degradacion_memoria
24,184,63.9,220.4,71.8,2368.0,5,degradacion_memoria
24,185,57.1,197.5,77.7,2386.0,9,degradacion_memoria
24,186,64.2,183.4,68.8,2338.0,2,degradacion_memoria
24,187,62.5,248.0,70.4,2448.0,2,degradacion_memoria
24,188,63.2,188.6,46.3,2414.0,2,degradacion_memoria
24,189,64.5,182.1,88.2,2401.0,4,degradacion_memoria
24,190,70.0,210.5,61.7,2374.0,5,degradacion_memoria
24,191,55.8,191.5,50.7,2350.0,10,degradacion_memoria
24,192,64.2,236.3,60.9,2421.0,8,degradacion_memoria
24,193,62.0,203.4,61.5,2404.0,1,degradacion_memoria
24,194,65.3,239.5,56.8,2364.0,0,degradacion_memoria
24,195,60.6,221.2,78.9,2337.0,6,degradacion_memoria
24,196,65.9,200.3,81.6,2317.0,7,degradacion_memoria
24,197,53.5,237.9,40.6,2381.0,4,degradacion_memoria
24,198,55.0,193.7,60.8,2370.0,9,degradacion_memoria
24,199,57.2,202.0,61.8,2427.0,9,degradacion_memoria
24,200,59.6,223.2,65.6,2420.0,2,degradacion_memoria
24,201,60.2,215.7,91.9,2382.0,3,degradacion_memoria
24,202,56.3,193.2,56.6,2377.0,4,degradacion_memoria
24,203,55.0,171.6,89.9,2334.0,7,degradacion_memoria
24,204,56.7,209.5,66.0,2422.0,2,degradacion_memoria
24,205,51.5,191.8,90.0,2378.0,3,degradacion_memoria
24,206,58.6,210.7,63.6,2404.0,7,degradacion_memoria
24,207,59.7,199.5,62.0,2427.0,3,degradacion_memoria
24,208,62.2,192.1,67.7,2357.0,4,degradacion_memoria
24,209,60.8,203.3,86.1,2347.0,8,degradacion_memoria
24,210,69.0,208.2,70.2,2479.0,7,degradacion_memoria
24,211,64.1,227.4,70.9,2404.0,6,degradacion_memoria
24,212,63.7,220.6,76.9,2369.0,2,degradacion_memoria
24,213,61.8,262.4,55.7,2430.0,4,degradacion_memoria
24,214,62.7,213.5,72.7,2368.0,4,degradacion_memoria
24,215,58.9,193.2,59.2,2393.0,10,degradacion_memoria
24,216,60.5,205.8,88.6,2357.0,5,degradacion_memoria
24,217,69.6,224.2,73.9,2379.0,4,degradacion_memoria
24,218,59.6,235.1,77.7,2369.0,9,degradacion_memoria
24,219,53.3,243.5,39.4,2350.0,7,degradacion_memoria
24,220,63.5,184.6,77.9,2390.0,5,degradacion_memoria
24,221,64.4,242.0,65.5,2354.0,6,degradacion_memoria
24,222,60.8,208.8,47.9,2403.0,9,degradacion_memoria
24,223,50.6,186.8,69.3,2368.0,9,degradacion_memoria
24,224,66.4,204.9,46.7,2311.0,3,degradacion_memoria
24,225,61.1,240.3,76.6,2405.0,8,degradacion_memoria
24,226,58.4,221.4,88.1,2406.0,4,degradacion_memoria
24,227,65.9,179.7,42.9,2470.0,7,degradacion_memoria
24,228,49.9,179.9,67.6,2381.0,5,degradacion_memoria
24,229,60.6,179.2,65.7,2387.0,9,degradacion_memoria
24,230,57.3,191.7,40.1,2399.0,7,degradacion_memoria
24,231,67.5,211.9,80.8,2421.0,2,degradacion_memoria
24,232,61.2,181.8,76.8,2418.0,7,degradacion_memoria
24,233,55.7,199.3,96.4,2393.0,5,degradacion_memoria
24,234,65.7,245.1,74.9,2379.0,7,degradacion_memoria
24,235,47.7,250.4,55.7,2414.0,5,degradacion_memoria
24,236,62.5,248.8,75.2,2377.0,4,degradacion_memoria
24,237,53.7,165.1,86.0,2328.0,7,degradacion_memoria
24,238,57.7,251.8,61.5,2320.0,5,degradacion_memoria
24,239,58.8,212.3,79.9,2368.0,6,degradacion_memoria
24,240,64.6,211.9,35.0,2385.0,3,degradacion_memoria
24,241,71.0,235.7,88.7,2479.0,7,degradacion_memoria
24,242,51.1,227.6,79.2,2375.0,3,degradacion_memoria
24,243,62.2,163.3,32.4,2382.0,4,degradacion_memoria
24,244,71.0,194.7,73.4,2364.0,4,degradacion_memoria
24,245,57.1,200.8,40.2,2405.0,4,degradacion_memoria
24,246,56.8,176.7,59.4,2391.0,6,degradacion_memoria
24,247,61.2,234.9,77.5,2354.0,6,degradacion_memoria
24,248,64.1,246.0,66.1,2340.0,3,degradacion_memoria
24,249,63.3,209.7,85.6,2364.0,3,degradacion_memoria
24,250,58.2,217.5,68.9,2346.0,2,degradacion_memoria
24,251,56.0,209.7,67.5,2371.0,7,degradacion_memoria
24,252,66.6,212.5,83.4,2386.0,6,degradacion_memoria
24,253,56.1,237.9,63.3,2360.0,4,degradacion_memoria
24,254,50.4,165.9,67.6,2438.0,8,degradacion_memoria
24,255,52.7,222.2,69.5,2426.0,4,degradacion_memoria
24,256,57.1,210.3,67.1,2371.0,4,degradacion_memoria
24,257,67.5,192.2,84.2,2341.0,8,degradacion_memoria
24,258,54.1,197.4,58.7,2379.0,5,degradacion_memoria
24,259,67.6,255.8,56.4,2375.0,4,degradacion_memoria
24,260,66.5,176.8,53.1,2377.0,13,degradacion_memoria
24,261,61.1,205.8,38.0,2364.0,3,degradacion_memoria
24,262,47.3,250.7,88.8,2338.0,5,degradacion_memoria
24,263,54.1,178.2,55.4,2381.0,4,degradacion_memoria
24,264,56.8,198.6,64.7,2366.0,4,degradacion_memoria
24,265,68.7,211.1,89.8,2370.0,7,degradacion_memoria
24,266,57.2,220.3,66.0,2384.0,5,degradacion_memoria
24,267,56.1,208.0,75.2,2377.0,3,degradacion_memoria
24,268,60.9,187.6,48.1,2383.0,6,degradacion_memoria
24,269,53.0,221.2,87.6,2364.0,3,degradacion_memoria
24,270,59.9,207.5,66.3,2394.0,9,degradacion_memoria
24,271,56.0,225.7,53.7,2351.0,6,degradacion_memoria
24,272,73.4,233.1,53.7,2336.0,6,degradacion_memoria
24,273,55.4,172.8,91.7,2344.0,1,degradacion_memoria
24,274,69.6,235.8,59.8,2353.0,6,degradacion_memoria
24,275,54.3,203.6,54.0,2328.0,6,degradacion_memoria
24,276,61.3,230.6,61.9,2312.0,5,degradacion_memoria
24,277,62.5,222.3,68.6,2400.0,4,degradacion_memoria
24,278,60.7,256.4,70.1,2431.0,6,degradacion_memoria
24,279,60.4,210.2,74.2,2402.0,4,degradacion_memoria
24,280,64.3,199.9,71.3,2361.0,3,degradacion_memoria
24,281,62.1,197.2,77.1,2311.0,5,degradacion_memoria
24,282,59.1,184.1,64.2,2388.0,7,degradacion_memoria
24,283,56.6,230.2,97.0,2316.0,0,degradacion_memoria
24,284,59.2,182.5,61.2,2377.0,7,degradacion_memoria
24,285,59.1,230.0,86.9,2348.0,1,degradacion_memoria
24,286,59.0,204.4,59.6,2289.0,6,degradacion_memoria
24,287,60.4,165.9,48.0,2439.0,3,degradacion_memoria
24,288,53.0,247.2,44.7,2330.0,4,degradacion_memoria
24,289,54.9,125.6,72.3,2366.0,4,degradacion_memoria
24,290,64.2,208.0,84.3,2375.0,7,degradacion_memoria
24,291,48.7,215.8,51.9,2361.0,4,degradacion_memoria
24,292,66.0,152.3,55.7,2399.0,2,degradacion_memoria
24,293,57.2,221.0,73.4,2350.0,9,degradacion_memoria
24,294,68.3,193.3,68.0,2395.0,4,degradacion_memoria
24,295,66.1,203.8,59.8,2393.0,7,degradacion_memoria
24,296,58.4,243.6,50.1,2325.0,6,degradacion_memoria
24,297,58.9,213.6,72.3,2389.0,2,degradacion_memoria
24,298,68.0,201.2,77.1,2338.0,4,degradacion_memoria
24,299,66.4,205.7,74.9,2333.0,5,degradacion_memoria
25,0,54.1,188.3,69.9,2394.0,5,degradacion_memoria
25,1,68.4,210.3,77.2,2408.0,2,degradacion_memoria
25,2,57.8,200.9,86.3,2349.0,8,degradacion_memoria
25,3,54.2,186.7,77.3,2427.0,5,degradacion_memoria
25,4,59.8,161.3,75.4,2350.0,6,degradacion_memoria
25,5,66.3,233.7,61.0,2390.0,3,degradacion_memoria
25,6,56.2,228.7,63.1,2333.0,5,degradacion_memoria
25,7,59.8,189.9,74.4,2373.0,6,degradacion_memoria
25,8,50.7,227.0,62.9,2354.0,9,degradacion_memoria
25,9,57.7,184.4,74.3,2381.0,9,degradacion_memoria
25,10,65.0,202.3,56.6,2409.0,9,degradacion_memoria
25,11,56.1,196.7,95.0,2383.0,9,degradacion_memoria
25,12,53.6,203.1,70.7,2458.0,9,degradacion_memoria
25,13,56.1,226.2,69.8,2412.0,5,degradacion_memoria
25,14,57.0,200.0,61.2,2371.0,3,degradacion_memoria
25,15,63.8,201.5,94.8,2377.0,2,degradacion_memoria
25,16,61.9,228.6,50.5,2395.0,4,degradacion_memoria
25,17,62.9,211.5,58.2,2408.0,4,degradacion_memoria
25,18,60.1,195.2,80.0,2331.0,5,degradacion_memoria
25,19,56.9,216.0,71.4,2405.0,9,degradacion_memoria
25,20,56.1,234.8,59.9,2332.0,5,degradacion_memoria
25,21,62.2,236.4,60.3,2402.0,4,degradacion_memoria
25,22,67.9,176.9,63.9,2424.0,4,degradacion_memoria
25,23,55.3,178.1,69.4,2392.0,1,degradacion_memoria
25,24,54.9,235.0,89.8,2287.0,6,degradacion_memoria
25,25,54.3,202.8,76.5,2309.0,3,degradacion_memoria
25,26,64.2,155.0,82.3,2403.0,7,degradacion_memoria
25,27,59.8,191.8,61.9,2282.0,5,degradacion_memoria
25,28,62.8,199.0,75.2,2404.0,6,degradacion_memoria
25,29,57.5,202.2,46.2,2419.0,6,degradacion_memoria
25,30,63.1,229.1,70.5,2425.0,4,degradacion_memoria
25,31,58.6,186.8,69.7,2370.0,6,degradacion_memoria
25,32,52.3,233.4,93.5,2398.0,2,degradacion_memoria
25,33,64.6,217.1,89.8,2388.0,9,degradacion_memoria
25,34,59.8,177.8,64.4,2321.0,5,degradacion_memoria
25,35,58.4,202.0,56.6,2410.0,3,degradacion_memoria
25,36,61.4,222.4,56.9,2436.0,6,degradacion_memoria
25,37,52.8,211.0,63.9,2408.0,4,degradacion_memoria
25,38,62.2,219.5,86.2,2360.0,8,degradacion_memoria
25,39,57.0,195.3,73.8,2410.0,4,degradacion_memoria
25,40,59.2,223.9,75.3,2432.0,7,degradacion_memoria
25,41,65.7,200.0,79.4,2427.0,2,degradacion_memoria
25,42,63.2,273.7,54.1,2421.0,4,degradacion_memoria
25,43,59.1,177.0,58.1,2316.0,6,degradacion_memoria
25,44,59.5,277.4,75.3,2396.0,8,degradacion_memoria
25,45,47.2,186.2,57.1,2406.0,3,degradacion_memoria
25,46,55.9,241.8,46.6,2422.0,9,degradacion_memoria
25,47,60.8,230.7,52.8,2401.0,7,degradacion_memoria
25,48,56.2,187.3,82.8,2442.0,5,degradacion_memoria
25,49,53.4,225.0,62.8,2307.0,3,degradacion_memoria
25,50,62.4,197.6,71.2,2402.0,10,degradacion_memoria
25,51,66.5,216.9,53.5,2399.0,7,degradacion_memoria
25,52,56.4,213.7,73.3,2416.0,1,degradacion_memoria
25,53,64.4,201.3,64.2,2442.0,6,degradacion_memoria
25,54,63.6,199.2,74.2,2344.0,4,degradacion_memoria
25,55,55.1,218.5,61.3,2440.0,7,degradacion_memoria
25,56,56.4,187.4,75.1,2413.0,4,degradacion_memoria
25,57,69.0,188.3,60.6,2373.0,10,degradacion_memoria
25,58,54.4,233.9,66.9,2344.0,4,degradacion_memoria
25,59,57.0,220.7,64.2,2388.0,9,degradacion_memoria
25,60,69.8,177.3,68.4,2391.0,5,degradacion_memoria
25,61,57.2,184.9,71.9,2394.0,4,degradacion_memoria
25,62,66.8,156.6,61.1,2355.0,7,degradacion_memoria
25,63,54.9,232.7,66.3,2404.0,7,degradacion_memoria
25,64,60.7,227.2,70.6,2364.0,6,degradacion_memoria
25,65,65.4,182.8,75.1,2429.0,4,degradacion_memoria
25,66,57.7,226.2,66.9,2448.0,3,degradacion_memoria
25,67,60.5,259.6,55.6,2347.0,5,degradacion_memoria
25,68,63.7,171.5,69.2,2382.0,5,degradacion_memoria
25,69,55.5,194.6,77.4,2419.0,5,degradacion_memoria
25,70,71.2,171.0,49.3,2391.0,5,degradacion_memoria
25,71,65.2,233.7,49.5,2326.0,5,degradacion_memoria
25,72,58.2,207.6,58.7,2415.0,4,degradacion_memoria
25,73,58.8,200.0,65.3,2356.0,10,degradacion_memoria
25,74,69.6,215.7,37.2,2388.0,5,degradacion_memoria
25,75,58.2,196.1,76.0,2340.0,6,degradacion_memoria
25,76,57.6,200.0,65.4,2412.0,3,degradacion_memoria
25,77,65.7,216.9,35.1,2363.0,7,degradacion_memoria
25,78,53.0,194.7,52.4,2416.0,6,degradacion_memoria
25,79,59.6,198.3,63.8,2371.0,5,degradacion_memoria
25,80,60.4,206.1,43.2,2361.0,4,degradacion_memoria
25,81,56.5,212.3,81.6,2396.0,3,degradacion_memoria
25,82,52.2,225.0,70.6,2337.0,6,degradacion_memoria
25,83,60.3,224.6,77.5,2452.0,4,degradacion_memoria
25,84,63.4,172.5,53.6,2387.0,6,degradacion_memoria
25,85,56.6,245.2,73.8,2357.0,10,degradacion_memoria
25,86,54.1,211.5,58.8,2364.0,4,degradacion_memoria
25,87,66.3,201.7,65.3,2381.0,11,degradacion_memoria
25,88,62.6,187.4,72.9,2420.0,3,degradacion_memoria
25,89,58.2,259.7,67.0,2344.0,5,degradacion_memoria
25,90,64.6,269.0,79.3,2365.0,2,degradacion_memoria
25,91,61.2,256.7,69.9,2378.0,5,degradacion_memoria
25,92,68.9,213.0,61.5,2442.0,6,degradacion_memoria
25,93,63.3,218.6,79.8,2420.0,3,degradacion_memoria
25,94,53.1,247.3,82.8,2444.0,7,degradacion_memoria
25,95,56.7,204.0,69.2,2381.0,6,degradacion_memoria
25,96,56.9,223.5,86.7,2437.0,3,degradacion_memoria
25,97,61.5,215.7,64.7,2431.0,7,degradacion_memoria
25,98,58.5,258.0,66.2,2408.0,3,degradacion_memoria
25,99,54.4,245.9,68.1,2411.0,6,degradacion_memoria
25,100,62.9,206.6,66.2,2356.0,8,degradacion_memoria
25,101,65.0,248.1,63.7,2453.0,4,degradacion_memoria
25,102,59.5,209.9,58.0,2370.0,1,degradacion_memoria
25,103,61.0,196.4,54.1,2402.0,4,degradacion_memoria
25,104,55.2,202.9,69.6,2407.0,6,degradacion_memoria
25,105,57.4,213.7,84.8,2325.0,7,degradacion_memoria
25,106,57.6,190.4,79.4,2378.0,9,degradacion_memoria
25,107,62.8,197.1,73.4,2388.0,5,degradacion_memoria
25,108,61.3,173.9,85.5,2375.0,5,degradacion_memoria
25,109,58.4,189.4,68.3,2378.0,5,degradacion_memoria
25,110,58.2,215.9,54.2,2440.0,6,degradacion_memoria
25,111,50.2,236.1,63.1,2347.0,7,degradacion_memoria
25,112,68.0,232.9,67.2,2329.0,3,degradacion_memoria
25,113,49.6,220.7,60.8,2357.0,7,degradacion_memoria
25,114,62.1,171.8,76.5,2410.0,6,degradacion_memoria
25,115,60.2,188.5,81.1,2414.0,5,degradacion_memoria
25,116,58.7,205.1,43.8,2404.0,1,degradacion_memoria
25,117,60.0,234.1,66.0,2416.0,9,degradacion_memoria
25,118,56.7,196.1,27.4,2390.0,6,degradacion_memoria
25,119,63.3,179.5,66.7,2359.0,2,degradacion_memoria
25,120,53.4,246.2,66.6,2342.0,3,degradacion_memoria
25,121,61.6,191.6,92.9,2330.0,6,degradacion_memoria
25,122,56.6,181.8,88.7,2371.0,6,degradacion_memoria
25,123,57.9,215.7,81.1,2412.0,5,degradacion_memoria
25,124,58.0,208.7,54.6,2389.0,4,degradacion_memoria
25,125,59.2,197.5,53.8,2381.0,5,degradacion_memoria
25,126,62.5,210.0,52.7,2338.0,6,degradacion_memoria
25,127,59.8,186.9,89.4,2483.0,4,degradacion_memoria
25,128,64.7,197.2,55.3,2347.0,4,degradacion_memoria
25,129,65.2,209.1,62.6,2385.0,5,degradacion_memoria
25,130,61.5,159.1,55.4,2420.0,1,degradacion_memoria
25,131,63.4,233.9,50.4,2382.0,3,degradacion_memoria
25,132,70.1,175.7,72.7,2348.0,11,degradacion_memoria
25,133,52.9,186.5,70.1,2412.0,7,degradacion_memoria
25,134,65.4,235.0,36.9,2326.0,5,degradacion_memoria
25,135,67.7,224.2,49.8,2450.0,5,degradacion_memoria
25,136,62.2,212.2,71.6,2391.0,5,degradacion_memoria
25,137,69.5,167.3,67.0,2370.0,6,degradacion_memoria
25,138,68.9,194.9,62.4,2323.0,6,degradacion_memoria
25,139,58.3,204.6,76.5,2334.0,5,degradacion_memoria
25,140,58.7,206.4,47.8,2378.0,8,degradacion_memoria
25,141,62.7,238.5,59.7,2456.0,3,degradacion_memoria
25,142,56.9,259.9,75.3,2389.0,5,degradacion_memoria
25,143,73.6,225.4,58.9,2394.0,11,degradacion_memoria
25,144,63.9,196.6,72.4,2395.0,4,degradacion_memoria
25,145,60.2,240.4,52.0,2475.0,9,degradacion_memoria
25,146,52.9,195.3,56.5,2362.0,4,degradacion_memoria
25,147,61.3,144.4,43.0,2443.0,4,degradacion_memoria
25,148,54.1,178.8,39.2,2364.0,6,degradacion_memoria
25,149,63.8,150.7,61.3,2352.0,3,degradacion_memoria
25,150,47.5,200.4,74.3,2377.0,5,degradacion_memoria
25,151,66.9,205.5,66.4,2377.0,3,degradacion_memoria
25,152,57.9,170.2,84.2,2402.0,4,degradacion_memoria
25,153,51.5,188.6,62.5,2287.0,3,degradacion_memoria
25,154,59.9,174.3,38.3,2386.0,2,degradacion_memoria
25,155,60.1,206.8,72.8,2356.0,2,degradacion_memoria
25,156,59.7,188.7,52.9,2351.0,2,degradacion_memoria
25,157,66.9,235.2,69.8,2328.0,4,degradacion_memoria
25,158,61.9,214.2,36.0,2365.0,6,degradacion_memoria
25,159,64.0,250.1,64.1,2359.0,9,degradacion_memoria
25,160,58.8,198.6,77.8,2363.0,2,degradacion_memoria
25,161,62.1,263.6,76.1,2314.0,3,degradacion_memoria
25,162,53.5,210.1,64.5,2384.0,6,degradacion_memoria
25,163,61.3,196.8,67.3,2348.0,3,degradacion_memoria
25,164,56.2,270.2,61.0,2315.0,7,degradacion_memoria
25,165,66.6,164.3,63.8,2358.0,9,degradacion_memoria
25,166,60.4,196.2,76.8,2349.0,9,degradacion_memoria
25,167,63.3,168.4,57.5,2382.0,3,degradacion_memoria
25,168,61.3,164.0,58.9,2358.0,2,degradacion_memoria
25,169,69.0,158.3,45.9,2322.0,9,degradacion_memoria
25,170,52.2,225.4,77.1,2344.0,7,degradacion_memoria
25,171,59.4,176.8,63.5,2311.0,2,degradacion_memoria
25,172,55.2,203.6,50.3,2425.0,1,degradacion_memoria
25,173,49.8,232.3,79.5,2432.0,3,degradacion_memoria
25,174,54.9,221.6,66.6,2437.0,2,degradacion_memoria
25,175,65.9,220.3,56.8,2356.0,7,degradacion_memoria
25,176,59.8,240.3,79.7,2432.0,3,degradacion_memoria
25,177,58.9,250.2,62.5,2396.0,6,degradacion_memoria
25,178,63.9,178.7,45.3,2347.0,3,degradacion_memoria
25,179,60.6,222.1,80.7,2355.0,5,degradacion_memoria
25,180,63.1,203.2,55.5,2373.0,5,degradacion_memoria
25,181,61.6,206.3,100.0,2384.0,1,degradacion_memoria
25,182,62.7,172.2,61.0,2395.0,2,degradacion_memoria
25,183,57.8,196.7,39.0,2380.0,2,degradacion_memoria
25,184,65.2,199.4,91.8,2366.0,4,degradacion_memoria
25,185,53.9,245.8,66.4,2434.0,7,degradacion_memoria
25,186,59.6,181.1,70.8,2375.0,2,degradacion_memoria
25,187,65.5,150.4,72.6,2373.0,13,degradacion_memoria
25,188,59.2,209.8,48.2,2371.0,3,degradacion_memoria
25,189,57.8,178.6,36.9,2375.0,8,degradacion_memoria
25,190,71.4,206.5,94.6,2326.0,9,degradacion_memoria
25,191,67.1,226.5,45.4,2340.0,8,degradacion_memoria
25,192,60.7,207.5,90.2,2478.0,5,degradacion_memoria
25,193,55.1,199.2,74.6,2314.0,8,degradacion_memoria
25,194,49.8,206.1,69.7,2391.0,3,degradacion_memoria
25,195,63.5,231.2,60.7,2394.0,5,degradacion_memoria
25,196,66.3,181.1,99.6,2421.0,4,degradacion_memoria
25,197,62.0,228.2,57.5,2395.0,1,degradacion_memoria
25,198,51.4,184.9,57.9,2456.0,5,degradacion_memoria
25,199,60.8,225.1,76.7,2390.0,6,degradacion_memoria
25,200,57.6,171.4,57.8,2434.0,2,degradacion_memoria
25,201,60.8,223.6,53.1,2422.0,3,degradacion_memoria
25,202,69.7,207.5,66.4,2442.0,2,degradacion_memoria
25,203,63.9,212.4,76.9,2381.0,6,degradacion_memoria
25,204,62.9,234.0,93.6,2396.0,6,degradacion_memoria
25,205,59.8,189.5,96.4,2365.0,6,degradacion_memoria
25,206,62.1,209.4,42.2,2386.0,3,degradacion_memoria
25,207,56.4,217.6,81.9,2389.0,5,degradacion_memoria
25,208,62.8,202.5,53.5,2297.0,5,degradacion_memoria
25,209,59.0,227.9,54.2,2374.0,9,degradacion_memoria
25,210,55.9,218.2,59.7,2416.0,6,degradacion_memoria
25,211,64.1,195.5,58.8,2326.0,3,degradacion_memoria
25,212,48.8,241.5,52.3,2341.0,4,degradacion_memoria
25,213,57.3,224.0,34.7,2426.0,1,degradacion_memoria
25,214,63.1,188.9,87.5,2434.0,8,degradacion_memoria
25,215,66.1,188.7,79.9,2355.0,8,degradacion_memoria
25,216,62.4,204.5,67.1,2387.0,9,degradacion_memoria
25,217,56.6,221.2,53.7,2377.0,3,degradacion_memoria
25,218,59.7,154.7,84.6,2427.0,4,degradacion_memoria
25,219,61.5,190.0,66.4,2359.0,5,degradacion_memoria
25,220,67.8,195.6,59.2,2365.0,7,degradacion_memoria
25,221,64.6,174.1,44.3,2434.0,4,degradacion_memoria
25,222,64.6,184.5,74.8,2340.0,4,degradacion_memoria
25,223,60.3,213.4,62.6,2360.0,10,degradacion_memoria
25,224,54.6,197.8,70.9,2385.0,10,degradacion_memoria
25,225,53.0,199.7,69.6,2441.0,2,degradacion_memoria
25,226,58.5,175.5,76.2,2332.0,4,degradacion_memoria
25,227,63.5,204.7,70.3,2352.0,2,degradacion_memoria
25,228,57.5,172.4,63.0,2404.0,7,degradacion_memoria
25,229,62.9,246.5,75.1,2410.0,6,degradacion_memoria
25,230,56.0,253.6,80.6,2388.0,4,degradacion_memoria
25,231,56.8,198.2,88.9,2375.0,3,degradacion_memoria
25,232,67.0,181.9,51.6,2385.0,4,degradacion_memoria
25,233,63.8,231.4,82.9,2320.0,8,degradacion_memoria
25,234,58.5,224.8,45.1,2384.0,5,degradacion_memoria
25,235,55.8,256.9,81.5,2439.0,3,degradacion_memoria
25,236,64.7,263.5,59.0,2327.0,5,degradacion_memoria
25,237,64.4,159.3,79.1,2349.0,4,degradacion_memoria
25,238,63.2,239.0,88.2,2364.0,10,degradacion_memoria
25,239,59.1,204.4,70.5,2367.0,4,degradacion_memoria
25,240,54.5,223.7,67.3,2454.0,2,degradacion_memoria
25,241,59.9,229.4,66.6,2343.0,2,degradacion_memoria
25,242,67.0,228.4,61.4,2335.0,2,degradacion_memoria
25,243,55.5,235.0,83.7,2411.0,5,degradacion_memoria
25,244,60.2,196.0,66.5,2354.0,7,degradacion_memoria
25,245,68.2,186.2,37.5,2412.0,5,degradacion_memoria
25,246,58.5,239.7,80.4,2372.0,8,degradacion_memoria
25,247,59.4,188.2,79.6,2398.0,6,degradacion_memoria
25,248,53.2,256.5,68.6,2317.0,3,degradacion_memoria
25,249,63.1,190.9,57.0,2398.0,4,degradacion_memoria
25,250,56.3,200.5,51.8,2389.0,5,degradacion_memoria
25,251,52.2,205.2,57.0,2370.0,4,degradacion_memoria
25,252,55.2,171.5,70.8,2331.0,7,degradacion_memoria
25,253,61.0,171.5,42.2,2389.0,3,degradacion_memoria
25,254,52.1,232.8,73.9,2409.0,4,degradacion_memoria
25,255,53.1,167.0,69.0,2359.0,2,degradacion_memoria
25,256,62.8,273.0,86.0,2360.0,1,degradacion_memoria
25,257,59.6,207.6,77.8,2412.0,2,degradacion_memoria
25,258,55.4,184.3,57.9,2448.0,3,degradacion_memoria
25,259,58.4,220.5,44.3,2418.0,7,degradacion_memoria
25,260,68.7,148.5,56.5,2389.0,7,degradacion_memoria
25,261,66.4,201.7,87.3,2370.0,4,degradacion_memoria
25,262,59.5,204.9,72.1,2379.0,4,degradacion_memoria
25,263,64.1,178.3,76.4,2327.0,3,degradacion_memoria
25,264,60.6,194.2,59.2,2374.0,7,degradacion_memoria
25,265,51.1,248.2,74.8,2425.0,11,degradacion_memoria
25,266,50.2,214.6,46.7,2382.0,5,degradacion_memoria
25,267,55.5,220.0,81.1,2355.0,1,degradacion_memoria
25,268,52.1,190.3,51.8,2351.0,8,degradacion_memoria
25,269,61.4,176.9,40.4,2379.0,4,degradacion_memoria
25,270,57.3,204.0,99.7,2331.0,7,degradacion_memoria
25,271,62.1,148.6,69.9,2344.0,1,degradacion_memoria
25,272,62.2,182.6,69.5,2441.0,9,degradacion_memoria
25,273,63.5,178.7,41.8,2339.0,4,degradacion_memoria
25,274,55.3,159.0,76.7,2348.0,5,degradacion_memoria
25,275,62.6,226.2,80.4,2392.0,4,degradacion_memoria
25,276,55.2,206.7,65.2,2362.0,7,degradacion_memoria
25,277,63.6,194.5,80.5,2384.0,3,degradacion_memoria
25,278,66.1,226.8,84.4,2415.0,5,degradacion_memoria
25,279,63.6,168.9,75.4,2318.0,3,degradacion_memoria
25,280,59.1,176.4,37.7,2410.0,3,degradacion_memoria
25,281,62.8,237.9,51.9,2357.0,7,degradacion_memoria
25,282,52.3,267.0,91.6,2369.0,5,degradacion_memoria
25,283,51.2,227.1,69.2,2457.0,4,degradacion_memoria
25,284,62.3,221.8,69.2,2324.0,4,degradacion_memoria
25,285,66.5,195.5,56.4,2404.0,3,degradacion_memoria
25,286,53.8,196.0,59.1,2425.0,2,degradacion_memoria
25,287,60.1,215.7,84.7,2353.0,5,degradacion_memoria
25,288,62.2,244.3,89.0,2353.0,5,degradacion_memoria
25,289,56.9,220.7,79.2,2365.0,6,degradacion_memoria
25,290,58.3,233.9,75.7,2352.0,10,degradacion_memoria
25,291,63.1,187.1,76.8,2383.0,2,degradacion_memoria
25,292,60.5,225.4,67.0,2416.0,7,degradacion_memoria
25,293,60.6,193.2,51.1,2365.0,4,degradacion_memoria
25,294,55.1,213.5,48.1,2417.0,4,degradacion_memoria
25,295,59.8,225.4,86.4,2436.0,3,degradacion_memoria
25,296,58.0,196.7,67.5,2397.0,3,degradacion_memoria
25,297,58.3,184.6,74.7,2401.0,2,degradacion_memoria
25,298,57.3,219.1,71.0,2356.0,5,degradacion_memoria
25,299,59.9,206.6,71.7,2275.0,4,degradacion_memoria
26,0,55.8,223.1,87.1,2351.0,1,degradacion_memoria
26,1,54.8,198.5,79.4,2366.0,4,degradacion_memoria
26,2,54.6,239.7,60.3,2416.0,3,degradacion_memoria
26,3,57.3,184.2,84.0,2432.0,6,degradacion_memoria
26,4,55.7,206.7,77.8,2458.0,2,degradacion_memoria
26,5,66.2,229.2,59.4,2384.0,5,degradacion_memoria
26,6,47.7,183.6,61.1,2371.0,5,degradacion_memoria
26,7,60.6,231.8,66.7,2411.0,8,degradacion_memoria
26,8,62.6,214.8,83.6,2346.0,5,degradacion_memoria
26,9,55.2,243.1,69.6,2341.0,6,degradacion_memoria
26,10,58.8,225.3,67.9,2365.0,3,degradacion_memoria
26,11,58.3,205.9,65.8,2379.0,3,degradacion_memoria
26,12,59.6,215.8,63.1,2297.0,8,degradacion_memoria
26,13,63.3,216.7,51.7,2423.0,4,degradacion_memoria
26,14,62.9,260.6,79.1,2390.0,5,degradacion_memoria
26,15,57.0,212.1,53.8,2412.0,5,degradacion_memoria
26,16,52.5,206.6,68.9,2317.0,5,degradacion_memoria
26,17,60.8,205.1,62.3,2353.0,4,degradacion_memoria
26,18,56.7,214.7,78.7,2351.0,8,degradacion_memoria
26,19,57.4,181.6,63.2,2372.0,6,degradacion_memoria
26,20,61.1,200.4,53.9,2379.0,5,degradacion_memoria
26,21,57.8,184.7,81.9,2415.0,5,degradacion_memoria
26,22,61.5,188.0,56.4,2384.0,4,degradacion_memoria
26,23,72.6,230.1,70.2,2350.0,6,degradacion_memoria
26,24,63.4,210.7,85.8,2468.0,10,degradacion_memoria
26,25,66.7,191.5,57.8,2369.0,6,degradacion_memoria
26,26,62.6,206.2,66.6,2344.0,6,degradacion_memoria
26,27,60.4,203.8,62.0,2305.0,6,degradacion_memoria
26,28,62.6,211.3,69.8,2384.0,0,degradacion_memoria
26,29,62.4,172.3,67.0,2408.0,8,degradacion_memoria
26,30,64.3,182.7,80.9,2334.0,4,degradacion_memoria
26,31,60.3,174.0,59.3,2405.0,6,degradacion_memoria
26,32,53.5,187.5,85.8,2383.0,5,degradacion_memoria
26,33,52.7,191.9,90.5,2309.0,8,degradacion_memoria
26,34,62.3,184.1,71.6,2405.0,7,degradacion_memoria
26,35,54.4,229.1,56.9,2369.0,3,degradacion_memoria
26,36,63.4,256.0,67.4,2335.0,7,degradacion_memoria
26,37,66.7,230.6,66.3,2418.0,6,degradacion_memoria
26,38,58.9,195.9,92.8,2418.0,6,degradacion_memoria
26,39,66.1,215.3,66.6,2334.0,6,degradacion_memoria
26,40,61.3,208.3,87.4,2392.0,4,degradacion_memoria
26,41,60.1,194.8,69.6,2388.0,2,degradacion_memoria
26,42,60.4,243.1,68.6,2377.0,3,degradacion_memoria
26,43,55.8,260.2,63.0,2359.0,6,degradacion_memoria
26,44,55.2,173.2,64.3,2374.0,6,degradacion_memoria
26,45,51.8,246.0,80.5,2418.0,13,degradacion_memoria
26,46,56.3,195.2,57.8,2396.0,3,degradacion_memoria
26,47,70.7,203.4,81.4,2303.0,3,degradacion_memoria
26,48,52.5,217.1,88.2,2294.0,11,degradacion_memoria
26,49,54.1,248.7,59.7,2306.0,8,degradacion_memoria
26,50,56.0,217.0,84.9,2326.0,2,degradacion_memoria
26,51,56.2,220.3,82.7,2350.0,4,degradacion_memoria
26,52,61.3,231.3,80.2,2362.0,3,degradacion_memoria
26,53,56.9,235.3,59.1,2377.0,1,degradacion_memoria
26,54,59.0,222.8,66.3,2379.0,6,degradacion_memoria
26,55,55.8,235.4,66.3,2378.0,5,degradacion_memoria
26,56,57.6,195.1,97.3,2426.0,5,degradacion_memoria
26,57,59.7,166.6,67.9,2313.0,7,degradacion_memoria
26,58,59.3,255.6,65.4,2393.0,3,degradacion_memoria
26,59,69.9,184.1,51.9,2393.0,2,degradacion_memoria
26,60,59.9,196.7,54.4,2329.0,4,degradacion_memoria
26,61,59.0,201.7,58.4,2401.0,4,degradacion_memoria
26,62,47.5,197.4,73.1,2395.0,9,degradacion_memoria
26,63,61.2,191.8,48.1,2378.0,7,degradacion_memoria
26,64,50.1,221.6,58.7,2283.0,3,degradacion_memoria
26,65,62.8,221.9,41.9,2419.0,4,degradacion_memoria
26,66,60.7,225.5,87.6,2389.0,5,degradacion_memoria
26,67,64.0,223.9,69.5,2396.0,6,degradacion_memoria
26,68,56.8,199.6,72.3,2244.0,6,degradacion_memoria
26,69,60.1,199.5,52.7,2359.0,6,degradacion_memoria
26,70,63.4,238.0,84.3,2323.0,5,degradacion_memoria
26,71,55.4,197.0,89.0,2432.0,4,degradacion_memoria
26,72,63.1,196.5,68.9,2336.0,8,degradacion_memoria
26,73,62.8,233.2,61.3,2439.0,5,degradacion_memoria
26,74,59.3,209.5,75.7,2418.0,5,degradacion_memoria
26,75,67.9,197.4,78.3,2389.0,9,degradacion_memoria
26,76,62.6,197.6,80.2,2425.0,7,degradacion_memoria
26,77,51.6,238.1,77.3,2342.0,3,degradacion_memoria
26,78,64.9,224.7,81.5,2349.0,5,degradacion_memoria
26,79,56.7,215.9,58.3,2417.0,6,degradacion_memoria
26,80,64.0,180.8,80.8,2342.0,7,degradacion_memoria
26,81,61.5,216.0,61.6,2327.0,3,degradacion_memoria
26,82,46.8,204.7,32.9,2367.0,6,degradacion_memoria
26,83,63.0,187.2,61.5,2345.0,3,degradacion_memoria
26,84,58.9,195.0,60.2,2455.0,4,degradacion_memoria
26,85,57.7,227.4,71.4,2411.0,5,degradacion_memoria
26,86,57.9,241.1,79.7,2357.0,5,degradacion_memoria
26,87,63.9,183.6,70.7,2340.0,4,degradacion_memoria
26,88,55.4,186.7,96.1,2394.0,1,degradacion_memoria
26,89,65.6,227.4,60.6,2428.0,5,degradacion_memoria
26,90,52.4,199.8,40.2,2392.0,7,degradacion_memoria
26,91,61.5,223.8,71.9,2342.0,6,degradacion_memoria
26,92,63.9,199.4,60.4,2323.0,5,degradacion_memoria
26,93,63.7,224.4,52.8,2365.0,4,degradacion_memoria
26,94,60.9,175.7,63.8,2393.0,5,degradacion_memoria
26,95,59.0,223.7,57.0,2361.0,9,degradacion_memoria
26,96,57.3,157.5,58.4,2420.0,7,degradacion_memoria
26,97,53.9,233.1,89.3,2401.0,5,degradacion_memoria
26,98,56.6,209.1,69.7,2389.0,1,degradacion_memoria
26,99,55.2,221.0,64.3,2400.0,5,degradacion_memoria
26,100,54.4,215.9,90.4,2324.0,3,degradacion_memoria
26,101,69.0,167.4,63.9,2360.0,7,degradacion_memoria
26,102,51.4,244.2,50.8,2338.0,5,degradacion_memoria
26,103,65.6,218.4,49.4,2395.0,6,degradacion_memoria
26,104,53.8,228.9,66.9,2339.0,5,degradacion_memoria
26,105,54.9,190.0,45.0,2383.0,1,degradacion_memoria
26,106,54.8,216.0,51.6,2373.0,6,degradacion_memoria
26,107,54.4,177.3,62.7,2404.0,8,degradacion_memoria
26,108,64.6,213.7,83.8,2332.0,6,degradacion_memoria
26,109,62.9,186.5,86.1,2398.0,4,degradacion_memoria
26,110,58.8,335.2,77.2,2337.0,4,degradacion_memoria
26,111,73.5,225.1,67.9,2341.0,5,degradacion_memoria
26,112,59.9,243.3,60.0,2374.0,3,degradacion_memoria
26,113,60.3,203.8,73.4,2428.0,9,degradacion_memoria
26,114,56.6,220.0,92.9,2346.0,5,degradacion_memoria
26,115,56.0,232.6,70.0,2309.0,5,degradacion_memoria
26,116,57.3,183.2,61.5,2342.0,6,degradacion_memoria
26,117,64.3,193.2,65.8,2365.0,5,degradacion_memoria
26,118,62.9,234.3,64.3,2455.0,6,degradacion_memoria
26,119,66.5,204.5,75.7,2396.0,6,degradacion_memoria
26,120,56.4,191.3,57.3,2350.0,3,degradacion_memoria
26,121,62.9,194.2,73.7,2374.0,4,degradacion_memoria
26,122,61.5,179.4,76.0,2443.0,6,degradacion_memoria
26,123,62.2,161.0,72.8,2370.0,5,degradacion_memoria
26,124,55.7,167.6,52.8,2371.0,4,degradacion_memoria
26,125,54.8,211.1,65.9,2364.0,2,degradacion_memoria
26,126,62.7,226.8,60.6,2408.0,6,degradacion_memoria
26,127,64.4,273.0,67.0,2359.0,5,degradacion_memoria
26,128,56.9,209.0,58.7,2415.0,5,degradacion_memoria
26,129,63.0,178.0,85.4,2423.0,4,degradacion_memoria
26,130,66.0,209.3,70.6,2405.0,7,degradacion_memoria
26,131,58.2,227.6,45.3,2371.0,4,degradacion_memoria
26,132,52.8,235.8,49.4,2324.0,7,degradacion_memoria
26,133,53.4,233.3,84.9,2371.0,6,degradacion_memoria
26,134,56.6,224.3,65.5,2353.0,2,degradacion_memoria
26,135,57.8,212.4,62.5,2349.0,4,degradacion_memoria
26,136,59.8,228.4,83.8,2370.0,4,degradacion_memoria
26,137,59.9,180.4,65.9,2399.0,5,degradacion_memoria
26,138,58.6,159.8,51.3,2355.0,5,degradacion_memoria
26,139,63.4,262.3,52.2,2325.0,5,degradacion_memoria
26,140,56.2,208.8,76.8,2342.0,5,degradacion_memoria
26,141,66.3,223.3,96.4,2448.0,6,degradacion_memoria
26,142,64.7,140.0,79.8,2402.0,4,degradacion_memoria
26,143,64.3,248.6,62.7,2342.0,3,degradacion_memoria
26,144,56.7,238.9,64.8,2432.0,8,degradacion_memoria
26,145,59.4,170.9,68.7,2370.0,10,degradacion_memoria
26,146,63.6,202.1,39.7,2471.0,4,degradacion_memoria
26,147,59.0,216.7,68.3,2390.0,8,degradacion_memoria
26,148,56.5,178.4,76.2,2403.0,3,degradacion_memoria
26,149,56.3,222.2,92.8,2413.0,8,degradacion_memoria
26,150,56.5,236.1,83.3,2439.0,2,degradacion_memoria
26,151,54.2,218.1,95.0,2362.0,6,degradacion_memoria
26,152,74.4,170.8,91.5,2436.0,6,degradacion_memoria
26,153,50.2,184.1,87.5,2355.0,2,degradacion_memoria
26,154,55.1,206.9,68.4,2366.0,4,degradacion_memoria
26,155,63.0,203.8,72.8,2380.0,6,degradacion_memoria
26,156,56.6,204.3,44.6,2417.0,3,degradacion_memoria
26,157,58.2,203.4,69.8,2367.0,4,degradacion_memoria
26,158,62.0,164.9,75.9,2446.0,4,degradacion_memoria
26,159,65.2,230.1,64.0,2433.0,6,degradacion_memoria
26,160,58.6,225.7,46.4,2382.0,7,degradacion_memoria
26,161,64.6,223.1,90.2,2341.0,2,degradacion_memoria
26,162,51.5,220.7,73.7,2420.0,5,degradacion_memoria
26,163,57.0,202.9,92.1,2296.0,5,degradacion_memoria
26,164,62.5,194.8,78.4,2410.0,3,degradacion_memoria
26,165,69.9,184.6,87.2,2347.0,6,degradacion_memoria
26,166,55.2,248.6,84.3,2430.0,2,degradacion_memoria
26,167,54.3,209.5,58.5,2325.0,4,degradacion_memoria
26,168,61.7,168.5,60.9,2354.0,4,degradacion_memoria
26,169,60.3,209.3,62.0,2398.0,4,degradacion_memoria
26,170,56.4,157.9,54.5,2404.0,3,degradacion_memoria
26,171,53.9,216.2,92.7,2355.0,6,degradacion_memoria
26,172,57.4,213.6,68.6,2367.0,6,degradacion_memoria
26,173,62.6,196.5,74.4,2418.0,8,degradacion_memoria
26,174,58.3,186.5,49.4,2420.0,3,degradacion_memoria
26,175,65.9,224.1,79.5,2366.0,10,degradacion_memoria
26,176,59.3,207.9,62.3,2356.0,9,degradacion_memoria
26,177,63.0,161.5,85.7,2325.0,4,degradacion_memoria
26,178,61.4,240.1,58.4,2390.0,4,degradacion_memoria
26,179,58.0,186.5,86.6,2413.0,4,degradacion_memoria
26,180,64.2,177.0,81.2,2386.0,3,degradacion_memoria
26,181,53.9,244.0,61.5,2343.0,2,degradacion_memoria
26,182,57.2,236.5,87.8,2451.0,5,degradacion_memoria
26,183,57.9,199.5,84.1,2296.0,4,degradacion_memoria
26,184,61.9,178.7,74.9,2415.0,3,degradacion_memoria
26,185,63.2,187.3,54.1,2389.0,10,degradacion_memoria
26,186,55.9,199.1,79.2,2399.0,1,degradacion_memoria
26,187,55.2,240.4,68.9,2349.0,1,degradacion_memoria
26,188,60.4,242.4,68.7,2374.0,7,degradacion_memoria
26,189,52.3,214.1,69.0,2392.0,5,degradacion_memoria
26,190,65.0,226.3,67.6,2377.0,4,degradacion_memoria
26,191,58.9,204.8,55.9,2308.0,2,degradacion_memoria
26,192,54.2,188.2,46.8,2449.0,5,degradacion_memoria
26,193,54.1,172.5,43.9,2406.0,3,degradacion_memoria
26,194,61.6,218.1,72.2,2381.0,5,degradacion_memoria
26,195,61.4,232.5,34.1,2384.0,4,degradacion_memoria
26,196,56.2,197.2,78.2,2447.0,4,degradacion_memoria
26,197,59.4,239.7,75.1,2350.0,5,degradacion_memoria
26,198,54.4,200.4,63.8,2341.0,3,degradacion_memoria
26,199,58.7,212.1,82.4,2414.0,8,degradacion_memoria
26,200,67.4,204.5,64.4,2399.0,4,degradacion_memoria
26,201,70.7,240.9,73.9,2340.0,11,degradacion_memoria
26,202,58.9,222.3,40.6,2424.0,3,degradacion_memoria
26,203,62.2,208.5,36.6,2392.0,5,degradacion_memoria
26,204,62.0,211.9,64.7,2344.0,7,degradacion_memoria
26,205,51.4,180.3,73.9,2400.0,2,degradacion_memoria
26,206,54.3,154.2,81.3,2394.0,6,degradacion_memoria
26,207,48.4,196.7,65.5,2376.0,6,degradacion_memoria
26,208,62.2,205.1,71.5,2395.0,5,degradacion_memoria
26,209,69.7,223.3,79.0,2405.0,6,degradacion_memoria
26,210,65.3,205.9,66.2,2417.0,3,degradacion_memoria
26,211,60.2,198.3,76.2,2384.0,5,degradacion_memoria
26,212,59.5,136.3,52.2,2369.0,4,degradacion_memoria
26,213,58.2,223.2,44.8,2390.0,13,degradacion_memoria
26,214,65.3,215.3,60.5,2428.0,4,degradacion_memoria
26,215,61.1,230.3,78.8,2405.0,4,degradacion_memoria
26,216,60.3,210.7,58.0,2367.0,1,degradacion_memoria
26,217,54.5,238.7,77.1,2382.0,5,degradacion_memoria
26,218,63.0,196.2,53.6,2447.0,3,degradacion_memoria
26,219,59.3,209.0,59.8,2410.0,8,degradacion_memoria
26,220,62.0,216.0,71.4,2386.0,3,degradacion_memoria
26,221,65.0,226.5,58.7,2426.0,5,degradacion_memoria
26,222,51.8,220.4,61.0,2358.0,2,degradacion_memoria
26,223,58.5,221.9,31.5,2393.0,3,degradacion_memoria
26,224,57.8,216.7,79.7,2455.0,4,degradacion_memoria
26,225,57.4,205.2,66.3,2406.0,2,degradacion_memoria
26,226,54.4,232.5,54.8,2445.0,4,degradacion_memoria
26,227,56.4,168.1,93.7,2377.0,6,degradacion_memoria
26,228,54.5,194.3,57.0,2361.0,6,degradacion_memoria
26,229,64.1,249.8,60.8,2426.0,4,degradacion_memoria
26,230,61.9,193.2,54.5,2307.0,7,degradacion_memoria
26,231,61.5,208.0,83.5,2387.0,5,degradacion_memoria
26,232,50.4,244.7,88.1,2421.0,4,degradacion_memoria
26,233,69.7,206.8,86.7,2403.0,7,degradacion_memoria
26,234,58.0,189.2,86.5,2296.0,6,degradacion_memoria
26,235,68.7,240.0,59.6,2326.0,4,degradacion_memoria
26,236,63.7,202.8,91.4,2375.0,7,degradacion_memoria
26,237,58.8,204.5,65.3,2399.0,5,degradacion_memoria
26,238,70.2,160.5,46.4,2401.0,6,degradacion_memoria
26,239,62.8,206.8,62.0,2380.0,7,degradacion_memoria
26,240,58.9,227.1,72.6,2409.0,5,degradacion_memoria
26,241,58.0,199.2,59.0,2397.0,4,degradacion_memoria
26,242,65.2,178.0,70.1,2375.0,5,degradacion_memoria
26,243,57.3,198.0,75.5,2402.0,7,degradacion_memoria
26,244,58.1,194.6,73.7,2354.0,7,degradacion_memoria
26,245,57.0,203.7,77.2,2405.0,6,degradacion_memoria
26,246,56.2,197.1,65.5,2346.0,8,degradacion_memoria
26,247,56.5,251.6,57.8,2399.0,7,degradacion_memoria
26,248,68.9,217.6,47.4,2399.0,3,degradacion_memoria
26,249,65.0,166.5,66.8,2368.0,8,degradacion_memoria
26,250,61.2,211.8,60.5,2405.0,8,degradacion_memoria
26,251,57.3,209.0,66.3,2442.0,3,degradacion_memoria
26,252,57.2,239.9,39.0,2339.0,2,degradacion_memoria
26,253,58.2,206.1,46.7,2418.0,4,degradacion_memoria
26,254,68.9,205.4,75.1,2423.0,5,degradacion_memoria
26,255,61.5,256.6,45.1,2372.0,6,degradacion_memoria
26,256,63.7,183.3,65.3,2412.0,6,degradacion_memoria
26,257,61.0,229.9,56.4,2370.0,10,degradacion_memoria
26,258,55.6,211.6,55.5,2430.0,7,degradacion_memoria
26,259,60.5,197.5,69.2,2270.0,2,degradacion_memoria
26,260,54.6,193.8,68.4,2438.0,7,degradacion_memoria
26,261,66.0,244.0,75.6,2336.0,3,degradacion_memoria
26,262,56.3,221.6,52.6,2384.0,5,degradacion_memoria
26,263,57.1,225.0,55.6,2347.0,3,degradacion_memoria
26,264,64.1,232.2,83.7,2440.0,7,degradacion_memoria
26,265,56.5,218.5,64.9,2371.0,10,degradacion_memoria
26,266,58.9,183.5,73.1,2358.0,6,degradacion_memoria
26,267,46.8,170.7,61.0,2425.0,0,degradacion_memoria
26,268,58.4,248.5,74.4,2409.0,5,degradacion_memoria
26,269,63.0,215.2,33.2,2367.0,1,degradacion_memoria
26,270,56.9,212.0,84.1,2340.0,4,degradacion_memoria
26,271,62.8,255.1,61.6,2335.0,4,degradacion_memoria
26,272,59.9,183.4,50.5,2431.0,5,degradacion_memoria
26,273,65.4,146.9,53.1,2397.0,6,degradacion_memoria
26,274,56.3,164.7,64.3,2387.0,5,degradacion_memoria
26,275,58.8,196.7,66.5,2400.0,6,degradacion_memoria
26,276,52.7,212.9,70.0,2302.0,4,degradacion_memoria
26,277,59.5,244.8,51.3,2367.0,5,degradacion_memoria
26,278,57.9,231.1,80.2,2368.0,5,degradacion_memoria
26,279,64.8,146.0,60.7,2419.0,6,degradacion_memoria
26,280,56.9,280.0,60.0,2321.0,7,degradacion_memoria
26,281,57.9,199.7,64.8,2422.0,8,degradacion_memoria
26,282,56.6,240.7,77.3,2452.0,5,degradacion_memoria
26,283,60.1,223.7,67.5,2311.0,6,degradacion_memoria
26,284,69.9,210.1,60.4,2381.0,9,degradacion_memoria
26,285,42.5,204.1,63.5,2400.0,5,degradacion_memoria
26,286,59.8,182.2,85.1,2415.0,7,degradacion_memoria
26,287,65.9,177.8,82.8,2293.0,3,degradacion_memoria
26,288,57.4,205.8,73.1,2394.0,3,degradacion_memoria
26,289,62.6,175.3,70.1,2371.0,4,degradacion_memoria
26,290,65.9,251.2,100.0,2369.0,4,degradacion_memoria
26,291,58.6,212.4,74.5,2463.0,5,degradacion_memoria
26,292,56.7,262.3,70.5,2371.0,9,degradacion_memoria
26,293,64.7,199.1,65.2,2398.0,5,degradacion_memoria
26,294,62.5,195.2,73.0,2375.0,4,degradacion_memoria
26,295,59.7,224.8,25.4,2390.0,4,degradacion_memoria
26,296,63.1,203.5,82.4,2402.0,3,degradacion_memoria
26,297,64.8,234.3,50.2,2416.0,6,degradacion_memoria
26,298,59.7,246.0,57.9,2349.0,5,degradacion_memoria
26,299,61.5,237.5,48.4,2386.0,6,degradacion_memoria
27,0,61.4,181.0,84.3,2543.0,2,degradacion_memoria
27,1,56.1,172.9,67.6,2338.0,6,degradacion_memoria
27,2,58.2,214.6,87.7,2498.0,5,degradacion_memoria
27,3,64.2,234.2,62.0,2424.0,5,degradacion_memoria
27,4,62.0,219.9,55.3,2376.0,4,degradacion_memoria
27,5,64.8,174.2,67.9,2389.0,5,degradacion_memoria
27,6,62.0,206.6,62.7,2365.0,3,degradacion_memoria
27,7,63.9,227.0,60.0,2394.0,6,degradacion_memoria
27,8,70.1,206.6,65.5,2351.0,10,degradacion_memoria
27,9,53.2,218.1,56.9,2408.0,7,degradacion_memoria
27,10,72.0,199.1,56.3,2387.0,4,degradacion_memoria
27,11,64.7,200.4,52.3,2340.0,3,degradacion_memoria
27,12,73.1,193.5,73.8,2397.0,2,degradacion_memoria
27,13,55.1,225.3,54.0,2395.0,4,degradacion_memoria
27,14,61.9,226.9,50.6,2351.0,8,degradacion_memoria
27,15,60.8,196.1,53.0,2363.0,5,degradacion_memoria
27,16,64.4,228.9,70.9,2400.0,5,degradacion_memoria
27,17,62.3,174.3,77.4,2424.0,1,degradacion_memoria
27,18,61.8,205.7,78.5,2374.0,6,degradacion_memoria
27,19,63.9,176.2,71.0,2417.0,9,degradacion_memoria
27,20,59.5,181.7,75.5,2427.0,6,degradacion_memoria
27,21,57.4,175.9,67.2,2432.0,5,degradacion_memoria
27,22,62.3,193.6,74.4,2397.0,4,degradacion_memoria
27,23,57.4,225.5,74.2,2344.0,5,degradacion_memoria
27,24,59.4,208.0,57.8,2416.0,5,degradacion_memoria
27,25,52.8,195.4,52.9,2372.0,6,degradacion_memoria
27,26,60.3,205.7,86.9,2400.0,5,degradacion_memoria
27,27,55.4,158.6,69.8,2355.0,2,degradacion_memoria
27,28,59.8,224.3,82.7,2356.0,4,degradacion_memoria
27,29,54.6,153.8,52.6,2352.0,5,degradacion_memoria
27,30,59.9,192.3,62.3,2327.0,2,degradacion_memoria
27,31,64.5,208.0,48.7,2357.0,8,degradacion_memoria
27,32,57.0,221.1,77.0,2339.0,5,degradacion_memoria
27,33,55.3,216.0,59.4,2403.0,5,degradacion_memoria
27,34,63.9,208.8,60.2,2337.0,6,degradacion_memoria
27,35,64.6,246.4,95.4,2353.0,2,degradacion_memoria
27,36,62.1,260.4,77.3,2380.0,1,degradacion_memoria
27,37,57.7,210.2,77.2,2452.0,6,degradacion_memoria
27,38,56.9,207.5,51.2,2352.0,4,degradacion_memoria
27,39,58.3,206.0,42.0,2325.0,3,degradacion_memoria
27,40,59.7,194.7,81.6,2328.0,6,degradacion_memoria
27,41,51.4,219.4,36.6,2346.0,6,degradacion_memoria
27,42,55.1,241.8,61.0,2354.0,5,degradacion_memoria
27,43,66.3,147.7,56.6,2472.0,5,degradacion_memoria
27,44,61.0,205.8,55.0,2419.0,4,degradacion_memoria
27,45,66.1,247.2,61.8,2367.0,3,degradacion_memoria
27,46,65.1,219.8,53.2,2454.0,4,degradacion_memoria
27,47,58.4,220.3,51.0,2355.0,4,degradacion_memoria
27,48,58.5,170.0,71.6,2364.0,1,degradacion_memoria
27,49,64.8,227.6,82.9,2361.0,2,degradacion_memoria
27,50,63.8,235.2,43.7,2421.0,10,degradacion_memoria
27,51,64.9,215.0,70.7,2377.0,4,degradacion_memoria
27,52,59.9,193.6,75.6,2440.0,4,degradacion_memoria
27,53,60.7,221.1,74.3,2397.0,6,degradacion_memoria
27,54,58.7,184.1,64.9,2416.0,3,degradacion_memoria
27,55,59.7,180.7,59.6,2307.0,1,degradacion_memoria
27,56,56.6,230.1,78.6,2312.0,3,degradacion_memoria
27,57,59.6,237.4,72.7,2313.0,3,degradacion_memoria
27,58,59.2,191.4,41.5,2363.0,7,degradacion_memoria
27,59,57.7,180.9,64.9,2318.0,9,degradacion_memoria
27,60,64.0,188.1,68.8,2430.0,1,degradacion_memoria
27,61,52.9,214.9,52.7,2372.0,2,degradacion_memoria
27,62,61.7,180.9,64.6,2405.0,5,degradacion_memoria
27,63,55.4,242.1,74.9,2360.0,5,degradacion_memoria
27,64,55.8,198.4,56.4,2413.0,5,degradacion_memoria
27,65,56.2,219.2,71.3,2301.0,4,degradacion_memoria
27,66,62.4,191.4,54.1,2378.0,6,degradacion_memoria
27,67,48.7,224.6,50.7,2400.0,3,degradacion_memoria
27,68,60.8,226.6,76.6,2403.0,3,degradacion_memoria
27,69,60.2,168.1,84.4,2367.0,3,degradacion_memoria
27,70,55.1,193.0,51.4,2312.0,6,degradacion_memoria
27,71,60.9,206.1,81.3,2420.0,5,degradacion_memoria
27,72,53.9,196.9,67.8,2364.0,1,degradacion_memoria
27,73,59.8,231.8,37.0,2368.0,5,degradacion_memoria
27,74,53.7,195.1,47.9,2469.0,5,degradacion_memoria
27,75,70.3,227.9,76.5,2384.0,5,degradacion_memoria
27,76,64.3,222.1,45.3,2359.0,6,degradacion_memoria
27,77,61.2,207.3,59.3,2357.0,3,degradacion_memoria
27,78,55.2,228.9,66.9,2406.0,6,degradacion_memoria
27,79,58.6,171.6,74.3,2347.0,8,degradacion_memoria
27,80,58.8,208.5,70.6,2400.0,8,degradacion_memoria
27,81,61.2,190.6,90.0,2424.0,6,degradacion_memoria
27,82,62.0,207.3,56.6,2376.0,2,degradacion_memoria
27,83,61.1,198.3,69.4,2420.0,4,degradacion_memoria
27,84,61.7,211.5,74.3,2377.0,6,degradacion_memoria
27,85,59.2,210.2,78.0,2353.0,5,degradacion_memoria
27,86,61.7,213.5,82.7,2313.0,6,degradacion_memoria
27,87,56.8,214.5,61.9,2391.0,4,degradacion_memoria
27,88,54.7,224.3,77.1,2392.0,5,degradacion_memoria
27,89,69.2,178.5,55.0,2419.0,5,degradacion_memoria
27,90,62.1,222.7,66.9,2415.0,7,degradacion_memoria
27,91,69.0,172.2,75.0,2463.0,1,degradacion_memoria
27,92,58.6,140.1,81.7,2357.0,3,degradacion_memoria
27,93,72.1,259.3,76.0,2394.0,8,degradacion_memoria
27,94,60.4,186.5,69.3,2352.0,6,degradacion_memoria
27,95,65.7,198.8,66.9,2417.0,7,degradacion_memoria
27,96,60.2,163.4,75.7,2343.0,7,degradacion_memoria
27,97,60.8,198.6,98.6,2417.0,2,degradacion_memoria
27,98,59.4,215.2,80.0,2351.0,1,degradacion_memoria
27,99,57.5,216.1,73.3,2411.0,7,degradacion_memoria
27,100,64.9,179.8,48.8,2428.0,3,degradacion_memoria
27,101,60.0,198.9,56.2,2318.0,8,degradacion_memoria
27,102,64.2,219.2,63.5,2326.0,2,degradacion_memoria
27,103,64.5,216.0,80.7,2389.0,6,degradacion_memoria
27,104,67.1,213.2,54.9,2385.0,3,degradacion_memoria
27,105,62.1,229.0,77.0,2368.0,2,degradacion_memoria
27,106,52.4,207.3,69.7,2361.0,2,degradacion_memoria
27,107,58.4,244.8,73.0,2346.0,7,degradacion_memoria
27,108,59.9,202.7,65.0,2393.0,9,degradacion_memoria
27,109,60.1,227.4,59.6,2341.0,10,degradacion_memoria
27,110,66.6,228.3,54.4,2395.0,6,degradacion_memoria
27,111,65.7,169.0,76.6,2357.0,4,degradacion_memoria
27,112,59.3,221.0,66.9,2363.0,5,degradacion_memoria
27,113,72.2,194.0,52.9,2429.0,8,degradacion_memoria
27,114,58.3,184.8,71.1,2418.0,5,degradacion_memoria
27,115,58.7,199.4,100.0,2340.0,6,degradacion_memoria
27,116,54.5,214.0,65.2,2345.0,5,degradacion_memoria
27,117,52.2,170.9,91.2,2411.0,4,degradacion_memoria
27,118,54.1,210.7,31.8,2323.0,4,degradacion_memoria
27,119,65.1,204.6,64.2,2438.0,5,degradacion_memoria
27,120,63.7,236.0,81.4,2385.0,2,degradacion_memoria
27,121,55.6,194.2,68.2,2357.0,4,degradacion_memoria
27,122,60.5,239.7,59.0,2380.0,3,degradacion_memoria
27,123,64.0,219.7,67.6,2434.0,3,degradacion_memoria
27,124,49.8,209.2,81.8,2295.0,7,degradacion_memoria
27,125,68.9,241.8,98.0,2421.0,4,degradacion_memoria
27,126,65.3,258.1,82.9,2428.0,6,degradacion_memoria
27,127,64.1,204.7,60.9,2367.0,2,degradacion_memoria
27,128,66.0,191.5,64.7,2377.0,5,degradacion_memoria
27,129,49.8,220.7,64.8,2385.0,3,degradacion_memoria
27,130,58.9,174.4,55.9,2409.0,7,degradacion_memoria
27,131,66.3,177.5,65.8,2351.0,12,degradacion_memoria
27,132,60.0,242.7,64.2,2379.0,7,degradacion_memoria
27,133,63.7,224.3,51.2,2376.0,5,degradacion_memoria
27,134,67.2,188.5,79.7,2407.0,3,degradacion_memoria
27,135,63.5,288.4,73.9,2487.0,8,degradacion_memoria
27,136,58.7,175.4,59.0,2351.0,3,degradacion_memoria
27,137,62.9,225.5,70.1,2383.0,6,degradacion_memoria
27,138,51.6,190.1,54.5,2350.0,6,degradacion_memoria
27,139,62.5,254.5,60.3,2360.0,4,degradacion_memoria
27,140,63.7,196.7,77.6,2337.0,4,degradacion_memoria
27,141,60.8,202.9,74.6,2319.0,6,degradacion_memoria
27,142,65.8,164.8,60.8,2427.0,10,degradacion_memoria
27,143,61.4,262.1,72.4,2394.0,9,degradacion_memoria
27,144,60.7,194.6,67.0,2384.0,7,degradacion_memoria
27,145,69.2,222.0,54.0,2345.0,4,degradacion_memoria
27,146,55.2,210.1,65.7,2377.0,10,degradacion_memoria
27,147,67.0,196.2,74.0,2334.0,7,degradacion_memoria
27,148,66.6,154.3,72.3,2379.0,4,degradacion_memoria
27,149,64.2,204.3,44.3,2393.0,6,degradacion_memoria
27,150,58.0,203.2,70.3,2358.0,3,degradacion_memoria
27,151,61.7,218.0,68.4,2350.0,5,degradacion_memoria
27,152,56.0,263.6,41.4,2360.0,4,degradacion_memoria
27,153,57.2,226.1,56.7,2413.0,5,degradacion_memoria
27,154,60.7,231.5,74.9,2388.0,8,degradacion_memoria
27,155,55.6,202.4,87.4,2316.0,4,degradacion_memoria
27,156,58.8,177.2,45.0,2409.0,5,degradacion_memoria
27,157,54.5,203.0,81.7,2402.0,9,degradacion_memoria
27,158,63.3,191.6,41.7,2387.0,9,degradacion_memoria
27,159,68.2,208.7,87.6,2446.0,2,degradacion_memoria
27,160,71.0,197.6,64.7,2381.0,4,degradacion_memoria
27,161,54.8,168.1,58.0,2397.0,4,degradacion_memoria
27,162,55.7,241.7,73.0,2399.0,3,degradacion_memoria
27,163,59.8,206.5,54.5,2415.0,5,degradacion_memoria
27,164,64.1,201.7,75.2,2371.0,9,degradacion_memoria
27,165,59.5,182.4,66.3,2354.0,4,degradacion_memoria
27,166,65.4,198.1,14.7,2419.0,11,degradacion_memoria
27,167,63.2,188.4,56.7,2417.0,5,degradacion_memoria
27,168,51.7,180.2,70.7,2431.0,6,degradacion_memoria
27,169,60.8,214.1,82.9,2397.0,4,degradacion_memoria
27,170,54.4,198.3,72.6,2314.0,5,degradacion_memoria
27,171,57.7,228.7,82.7,2387.0,4,degradacion_memoria
27,172,58.5,201.0,55.5,2381.0,4,degradacion_memoria
27,173,64.3,212.9,78.2,2429.0,13,degradacion_memoria
27,174,60.4,212.2,78.4,2422.0,5,degradacion_memoria
27,175,58.2,219.6,45.2,2405.0,7,degradacion_memoria
27,176,71.0,189.0,83.4,2297.0,3,degradacion_memoria
27,177,56.1,232.5,72.6,2347.0,5,degradacion_memoria
27,178,62.0,180.5,64.1,2365.0,6,degradacion_memoria
27,179,63.9,211.1,63.8,2366.0,5,degradacion_memoria
27,180,61.4,179.9,53.5,2387.0,5,degradacion_memoria
27,181,56.1,207.0,76.8,2439.0,4,degradacion_memoria
27,182,55.8,232.3,72.2,2411.0,7,degradacion_memoria
27,183,63.7,223.9,76.2,2343.0,1,degradacion_memoria
27,184,65.8,236.5,69.1,2347.0,5,degradacion_memoria
27,185,60.3,202.4,70.9,2343.0,10,degradacion_memoria
27,186,54.0,232.7,63.9,2375.0,4,degradacion_memoria
27,187,60.6,192.7,83.1,2412.0,2,degradacion_memoria
27,188,68.1,198.5,76.5,2419.0,2,degradacion_memoria
27,189,55.5,213.3,70.4,2365.0,9,degradacion_memoria
27,190,59.0,231.3,66.1,2379.0,6,degradacion_memoria
27,191,60.8,196.3,43.2,2447.0,6,degradacion_memoria
27,192,66.0,227.4,40.2,2321.0,6,degradacion_memoria
27,193,57.9,215.8,62.8,2406.0,5,degradacion_memoria
27,194,63.0,218.4,85.8,2401.0,9,degradacion_memoria
27,195,67.5,188.6,58.1,2368.0,7,degradacion_memoria
27,196,53.1,200.4,58.7,2379.0,8,degradacion_memoria
27,197,54.0,207.7,54.4,2397.0,6,degradacion_memoria
27,198,60.1,218.4,49.9,2368.0,1,degradacion_memoria
27,199,65.5,189.8,55.2,2354.0,8,degradacion_memoria
27,200,62.2,177.7,71.9,2351.0,6,degradacion_memoria
27,201,65.9,156.7,61.1,2454.0,3,degradacion_memoria
27,202,52.0,228.6,60.5,2362.0,4,degradacion_memoria
27,203,62.3,233.6,59.2,2388.0,2,degradacion_memoria
27,204,46.3,159.8,71.3,2411.0,2,degradacion_memoria
27,205,67.2,211.9,73.5,2372.0,7,degradacion_memoria
27,206,66.5,200.6,41.8,2381.0,4,degradacion_memoria
27,207,58.9,240.4,57.4,2400.0,8,degradacion_memoria
27,208,49.0,204.7,66.7,2346.0,3,degradacion_memoria
27,209,59.5,223.6,74.1,2319.0,5,degradacion_memoria
27,210,66.1,199.4,69.8,2351.0,2,degradacion_memoria
27,211,62.6,192.8,79.5,2449.0,5,degradacion_memoria
27,212,69.8,229.2,48.2,2357.0,3,degradacion_memoria
27,213,59.1,237.0,73.8,2385.0,5,degradacion_memoria
27,214,70.7,178.3,96.7,2327.0,5,degradacion_memoria
27,215,50.4,238.6,68.7,2434.0,1,degradacion_memoria
27,216,56.8,185.6,69.2,2368.0,4,degradacion_memoria
27,217,54.1,151.7,75.3,2362.0,5,degradacion_memoria
27,218,64.2,210.3,60.4,2375.0,4,degradacion_memoria
27,219,54.5,222.7,54.7,2481.0,2,degradacion_memoria
27,220,65.6,172.1,68.8,2398.0,10,degradacion_memoria
27,221,64.0,160.4,44.8,2374.0,5,degradacion_memoria
27,222,61.4,197.6,73.5,2265.0,3,degradacion_memoria
27,223,60.0,194.3,75.9,2434.0,4,degradacion_memoria
27,224,55.3,244.2,45.5,2352.0,9,degradacion_memoria
27,225,63.5,210.3,70.3,2346.0,6,degradacion_memoria
27,226,58.0,228.4,65.0,2349.0,4,degradacion_memoria
27,227,64.4,215.2,88.7,2439.0,7,degradacion_memoria
27,228,68.0,249.2,86.3,2378.0,7,degradacion_memoria
27,229,59.0,187.7,79.8,2319.0,6,degradacion_memoria
27,230,67.1,207.8,84.9,2372.0,7,degradacion_memoria
27,231,61.5,170.8,62.9,2347.0,6,degradacion_memoria
27,232,63.5,230.3,71.6,2394.0,4,degradacion_memoria
27,233,53.9,237.9,64.5,2365.0,5,degradacion_memoria
27,234,57.1,231.8,54.0,2317.0,6,degradacion_memoria
27,235,57.0,206.9,69.2,2377.0,6,degradacion_memoria
27,236,67.2,172.8,66.8,2378.0,3,degradacion_memoria
27,237,58.8,207.8,65.2,2330.0,3,degradacion_memoria
27,238,63.7,193.1,67.2,2302.0,8,degradacion_memoria
27,239,60.1,233.1,68.9,2391.0,3,degradacion_memoria
27,240,58.7,199.3,80.4,2369.0,9,degradacion_memoria
27,241,53.1,198.8,59.8,2371.0,2,degradacion_memoria
27,242,51.0,264.3,50.1,2410.0,5,degradacion_memoria
27,243,58.8,230.0,77.5,2302.0,2,degradacion_memoria
27,244,59.1,236.9,80.0,2382.0,6,degradacion_memoria
27,245,56.1,197.2,73.0,2407.0,3,degradacion_memoria
27,246,61.2,182.5,52.1,2373.0,3,degradacion_memoria
27,247,70.3,236.7,66.2,2323.0,7,degradacion_memoria
27,248,68.0,247.3,72.0,2354.0,7,degradacion_memoria
27,249,60.4,177.8,53.0,2362.0,2,degradacion_memoria
27,250,60.6,197.1,57.3,2317.0,9,degradacion_memoria
27,251,63.5,187.1,65.9,2395.0,1,degradacion_memoria
27,252,61.5,222.0,84.6,2380.0,3,degradacion_memoria
27,253,63.5,237.2,71.2,2354.0,2,degradacion_memoria
27,254,61.7,200.8,60.0,2419.0,2,degradacion_memoria
27,255,60.8,200.7,65.2,2359.0,9,degradacion_memoria
27,256,57.0,161.1,58.7,2439.0,1,degradacion_memoria
27,257,62.0,186.1,62.2,2369.0,11,degradacion_memoria
27,258,48.9,247.7,78.1,2342.0,3,degradacion_memoria
27,259,61.6,222.3,41.1,2343.0,4,degradacion_memoria
27,260,49.9,233.2,86.4,2384.0,5,degradacion_memoria
27,261,61.6,200.9,98.6,2337.0,0,degradacion_memoria
27,262,55.3,203.2,70.3,2386.0,2,degradacion_memoria
27,263,66.6,210.5,56.4,2364.0,5,degradacion_memoria
27,264,60.7,218.1,84.3,2363.0,3,degradacion_memoria
27,265,60.2,244.4,71.9,2378.0,4,degradacion_memoria
27,266,62.3,193.2,60.6,2420.0,7,degradacion_memoria
27,267,55.9,206.5,54.4,2358.0,2,degradacion_memoria
27,268,65.8,190.2,62.3,2387.0,2,degradacion_memoria
27,269,63.7,160.8,70.7,2398.0,3,degradacion_memoria
27,270,57.5,233.0,80.5,2332.0,1,degradacion_memoria
27,271,54.9,253.7,72.0,2401.0,4,degradacion_memoria
27,272,58.1,229.1,74.4,2413.0,6,degradacion_memoria
27,273,59.5,215.8,63.3,2419.0,6,degradacion_memoria
27,274,54.6,256.3,80.0,2336.0,3,degradacion_memoria
27,275,57.7,221.5,65.1,2338.0,4,degradacion_memoria
27,276,57.0,230.1,93.7,2378.0,4,degradacion_memoria
27,277,59.0,213.5,58.9,2376.0,7,degradacion_memoria
27,278,59.0,217.3,73.5,2381.0,4,degradacion_memoria
27,279,62.4,206.7,98.7,2366.0,2,degradacion_memoria
27,280,60.2,230.8,82.6,2387.0,8,degradacion_memoria
27,281,62.0,182.7,78.4,2278.0,8,degradacion_memoria
27,282,61.2,220.5,72.2,2406.0,8,degradacion_memoria
27,283,59.0,188.7,68.7,2439.0,3,degradacion_memoria
27,284,63.4,222.7,65.6,2358.0,6,degradacion_memoria
27,285,46.3,269.9,60.1,2388.0,3,degradacion_memoria
27,286,58.2,227.5,46.5,2447.0,14,degradacion_memoria
27,287,57.1,239.3,77.0,2381.0,4,degradacion_memoria
27,288,60.6,232.6,46.5,2392.0,5,degradacion_memoria
27,289,56.8,151.9,77.1,2454.0,5,degradacion_memoria
27,290,62.7,206.7,63.7,2461.0,8,degradacion_memoria
27,291,63.6,221.2,54.6,2338.0,2,degradacion_memoria
27,292,53.1,157.8,87.7,2364.0,5,degradacion_memoria
27,293,61.1,202.9,47.7,2416.0,7,degradacion_memoria
27,294,53.6,208.0,58.7,2400.0,4,degradacion_memoria
27,295,62.4,179.2,60.0,2408.0,4,degradacion_memoria
27,296,57.7,185.8,70.1,2275.0,2,degradacion_memoria
27,297,56.0,243.4,59.4,2302.0,2,degradacion_memoria
27,298,51.4,120.5,88.5,2451.0,6,degradacion_memoria
27,299,59.5,216.8,48.8,2411.0,4,degradacion_memoria
28,0,76.3,211.8,73.4,2391.0,2,degradacion_memoria
28,1,53.7,204.5,53.4,2398.0,7,degradacion_memoria
28,2,56.4,247.3,86.3,2403.0,4,degradacion_memoria
28,3,56.6,263.2,33.0,2386.0,7,degradacion_memoria
28,4,54.2,194.8,83.3,2366.0,9,degradacion_memoria
28,5,54.7,164.7,65.7,2355.0,3,degradacion_memoria
28,6,59.5,175.8,81.9,2376.0,3,degradacion_memoria
28,7,62.4,189.1,88.2,2399.0,5,degradacion_memoria
28,8,52.0,215.2,62.0,2401.0,3,degradacion_memoria
28,9,57.5,203.5,62.7,2386.0,3,degradacion_memoria
28,10,56.0,178.5,72.4,2394.0,9,degradacion_memoria
28,11,54.1,254.7,52.1,2336.0,5,degradacion_memoria
28,12,65.0,226.6,63.4,2361.0,5,degradacion_memoria
28,13,56.2,254.0,62.2,2407.0,7,degradacion_memoria
28,14,53.2,165.0,51.4,2347.0,2,degradacion_memoria
28,15,64.4,241.8,61.4,2386.0,2,degradacion_memoria
28,16,66.3,206.3,78.5,2382.0,6,degradacion_memoria
28,17,61.2,200.2,77.5,2375.0,6,degradacion_memoria
28,18,55.3,210.6,65.5,2407.0,3,degradacion_memoria
28,19,58.6,192.5,68.9,2389.0,1,degradacion_memoria
28,20,56.7,206.4,63.7,2332.0,4,degradacion_memoria
28,21,59.8,233.7,43.3,2401.0,5,degradacion_memoria
28,22,63.6,160.9,53.8,2360.0,3,degradacion_memoria
28,23,59.9,247.4,81.4,2325.0,5,degradacion_memoria
28,24,60.0,219.8,84.8,2410.0,2,degradacion_memoria
28,25,57.4,207.2,56.0,2333.0,5,degradacion_memoria
28,26,63.3,233.4,83.7,2366.0,3,degradacion_memoria
28,27,61.8,219.1,51.2,2392.0,6,degradacion_memoria
28,28,50.8,198.0,60.8,2377.0,1,degradacion_memoria
28,29,51.1,190.7,66.3,2355.0,2,degradacion_memoria
28,30,58.3,247.5,64.2,2340.0,5,degradacion_memoria
28,31,64.9,173.0,58.3,2350.0,7,degradacion_memoria
28,32,65.8,205.1,69.8,2337.0,3,degradacion_memoria
28,33,63.8,174.7,78.9,2375.0,5,degradacion_memoria
28,34,59.2,222.2,47.6,2358.0,9,degradacion_memoria
28,35,67.3,207.6,69.8,2325.0,4,degradacion_memoria
28,36,56.4,178.8,81.5,2368.0,6,degradacion_memoria
28,37,58.3,188.3,62.2,2354.0,7,degradacion_memoria
28,38,52.9,211.1,60.3,2391.0,7,degradacion_memoria
28,39,58.3,217.1,56.1,2394.0,9,degradacion_memoria
28,40,55.7,161.6,96.0,2434.0,9,degradacion_memoria
28,41,67.7,192.4,88.9,2406.0,4,degradacion_memoria
28,42,66.7,214.0,63.9,2336.0,2,degradacion_memoria
28,43,60.3,240.2,84.5,2293.0,11,degradacion_memoria
28,44,62.3,231.0,60.6,2319.0,6,degradacion_memoria
28,45,57.0,198.6,65.8,2360.0,3,degradacion_memoria
28,46,47.3,235.0,53.2,2316.0,4,degradacion_memoria
28,47,56.2,202.1,42.2,2355.0,6,degradacion_memoria
28,48,63.7,131.9,59.9,2381.0,8,degradacion_memoria
28,49,62.2,246.0,62.0,2357.0,6,degradacion_memoria
28,50,58.0,221.4,74.0,2391.0,5,degradacion_memoria
28,51,63.7,214.7,77.2,2356.0,4,degradacion_memoria
28,52,57.6,210.2,66.3,2350.0,6,degradacion_memoria
28,53,54.3,217.6,54.1,2448.0,5,degradacion_memoria
28,54,63.7,210.2,58.8,2379.0,1,degradacion_memoria
28,55,56.9,202.8,90.3,2384.0,4,degradacion_memoria
28,56,65.1,193.7,76.8,2414.0,4,degradacion_memoria
28,57,50.0,211.9,87.9,2415.0,9,degradacion_memoria
28,58,57.2,188.0,92.9,2365.0,4,degradacion_memoria
28,59,63.0,181.4,58.8,2422.0,2,degradacion_memoria
28,60,62.5,216.7,79.5,2362.0,1,degradacion_memoria
28,61,58.9,234.5,55.4,2421.0,8,degradacion_memoria
28,62,61.4,190.1,82.5,2331.0,3,degradacion_memoria
28,63,60.7,194.4,79.6,2368.0,2,degradacion_memoria
28,64,52.6,167.6,38.4,2389.0,7,degradacion_memoria
28,65,58.2,177.1,73.6,2394.0,3,degradacion_memoria
28,66,61.1,178.0,56.0,2346.0,10,degradacion_memoria
28,67,62.5,234.4,63.2,2314.0,7,degradacion_memoria
28,68,59.7,166.6,58.8,2398.0,6,degradacion_memoria
28,69,57.2,221.5,80.7,2372.0,7,degradacion_memoria
28,70,53.3,203.4,58.4,2364.0,6,degradacion_memoria
28,71,63.8,225.1,50.1,2446.0,3,degradacion_memoria
28,72,63.2,239.2,56.7,2368.0,5,degradacion_memoria
28,73,64.9,209.3,65.0,2359.0,8,degradacion_memoria
28,74,54.6,238.3,73.7,2308.0,2,degradacion_memoria
28,75,60.6,248.7,84.7,2337.0,5,degradacion_memoria
28,76,56.5,243.7,75.2,2415.0,7,degradacion_memoria
28,77,60.2,193.2,76.2,2351.0,4,degradacion_memoria
28,78,74.5,160.8,78.3,2405.0,4,degradacion_memoria
28,79,64.5,206.9,79.4,2328.0,2,degradacion_memoria
28,80,56.2,214.5,82.5,2345.0,9,degradacion_memoria
28,81,58.7,161.2,100.0,2344.0,3,degradacion_memoria
28,82,58.2,211.5,79.2,2399.0,1,degradacion_memoria
28,83,60.6,145.7,72.0,2372.0,6,degradacion_memoria
28,84,52.4,248.6,61.5,2336.0,3,degradacion_memoria
28,85,61.6,221.9,72.3,2409.0,7,degradacion_memoria
28,86,49.4,189.6,84.2,2400.0,2,degradacion_memoria
28,87,51.6,213.2,50.9,2394.0,8,degradacion_memoria
28,88,70.0,216.3,85.6,2392.0,2,degradacion_memoria
28,89,58.2,222.1,62.0,2346.0,4,degradacion_memoria
28,90,67.1,211.7,64.8,2430.0,5,degradacion_memoria
28,91,55.9,233.6,75.3,2376.0,3,degradacion_memoria
28,92,49.5,178.3,60.6,2391.0,3,degradacion_memoria
28,93,54.7,206.8,74.4,2395.0,5,degradacion_memoria
28,94,73.4,254.7,51.9,2342.0,6,degradacion_memoria
28,95,52.9,201.2,80.3,2456.0,7,degradacion_memoria
28,96,68.9,216.0,70.7,2379.0,8,degradacion_memoria
28,97,61.7,185.1,67.9,2381.0,4,degradacion_memoria
28,98,60.6,263.9,71.8,2363.0,3,degradacion_memoria
28,99,56.3,217.1,67.7,2426.0,3,degradacion_memoria
28,100,55.5,178.5,74.2,2428.0,4,degradacion_memoria
28,101,62.8,237.3,65.1,2386.0,8,degradacion_memoria
28,102,66.6,183.2,63.9,2321.0,1,degradacion_memoria
28,103,61.0,227.1,43.2,2373.0,3,degradacion_memoria
28,104,63.7,235.7,87.1,2377.0,6,degradacion_memoria
28,105,57.9,260.7,51.7,2362.0,7,degradacion_memoria
28,106,70.9,215.6,90.6,2341.0,2,degradacion_memoria
28,107,61.2,211.2,64.6,2318.0,6,degradacion_memoria
28,108,70.2,159.3,85.0,2439.0,5,degradacion_memoria
28,109,55.2,198.6,82.6,2410.0,4,degradacion_memoria
28,110,59.8,192.1,81.5,2381.0,7,degradacion_memoria
28,111,65.4,205.5,68.7,2354.0,7,degradacion_memoria
28,112,60.7,197.0,51.3,2394.0,6,degradacion_memoria
28,113,62.6,229.7,65.5,2388.0,8,degradacion_memoria
28,114,55.1,196.0,63.6,2364.0,3,degradacion_memoria
28,115,58.0,221.9,66.6,2396.0,9,degradacion_memoria
28,116,55.6,207.1,50.8,2400.0,4,degradacion_memoria
28,117,59.6,194.4,64.0,2407.0,3,degradacion_memoria
28,118,59.1,192.2,27.1,2344.0,11,degradacion_memoria
28,119,57.4,215.8,63.8,2397.0,4,degradacion_memoria
28,120,63.2,244.3,69.8,2427.0,3,degradacion_memoria
28,121,54.7,191.7,57.1,2392.0,6,degradacion_memoria
28,122,49.3,211.2,64.2,2468.0,5,degradacion_memoria
28,123,57.1,222.1,70.3,2373.0,8,degradacion_memoria
28,124,70.8,209.5,82.2,2311.0,4,degradacion_memoria
28,125,62.5,166.0,82.8,2346.0,4,degradacion_memoria
28,126,55.8,222.0,72.3,2353.0,6,degradacion_memoria
28,127,62.2,172.3,67.6,2402.0,6,degradacion_memoria
28,128,59.3,172.7,73.0,2413.0,8,degradacion_memoria
28,129,61.9,177.4,93.2,2385.0,7,degradacion_memoria
28,130,64.4,206.0,75.0,2392.0,9,degradacion_memoria
28,131,61.0,185.9,71.6,2457.0,6,degradacion_memoria
28,132,60.6,174.1,83.0,2347.0,7,degradacion_memoria
28,133,67.4,219.5,68.7,2377.0,1,degradacion_memoria
28,134,62.7,209.3,56.1,2362.0,9,degradacion_memoria
28,135,61.0,228.9,74.4,2333.0,7,degradacion_memoria
28,136,60.2,191.8,70.4,2299.0,4,degradacion_memoria
28,137,57.2,208.4,64.9,2432.0,5,degradacion_memoria
28,138,53.8,230.0,75.6,2349.0,5,degradacion_memoria
28,139,63.4,177.2,42.6,2370.0,6,degradacion_memoria
28,140,66.4,193.5,60.4,2397.0,5,degradacion_memoria
28,141,62.1,234.8,55.7,2332.0,1,degradacion_memoria
28,142,62.8,210.5,57.2,2347.0,6,degradacion_memoria
28,143,55.6,206.2,65.8,2379.0,5,degradacion_memoria
28,144,57.0,209.0,55.3,2362.0,4,degradacion_memoria
28,145,53.6,240.6,91.5,2329.0,7,degradacion_memoria
28,146,58.8,209.4,74.3,2404.0,3,degradacion_memoria
28,147,64.9,211.1,56.9,2361.0,4,degradacion_memoria
28,148,56.5,209.6,43.6,2385.0,4,degradacion_memoria
28,149,59.6,169.6,59.8,2382.0,4,degradacion_memoria
28,150,63.5,222.6,63.4,2419.0,3,degradacion_memoria
28,151,66.0,189.5,59.1,2394.0,4,degradacion_memoria
28,152,51.8,178.4,100.0,2345.0,6,degradacion_memoria
28,153,57.6,166.3,44.8,2426.0,8,degradacion_memoria
28,154,56.3,171.5,68.7,2361.0,5,degradacion_memoria
28,155,55.6,153.3,66.2,2347.0,3,degradacion_memoria
28,156,58.1,184.4,64.5,2342.0,2,degradacion_memoria
28,157,50.3,199.1,40.8,2286.0,8,degradacion_memoria
28,158,58.2,236.5,67.4,2356.0,4,degradacion_memoria
28,159,60.2,211.5,70.5,2396.0,9,degradacion_memoria
28,160,54.8,216.3,77.9,2326.0,3,degradacion_memoria
28,161,57.6,242.0,74.8,2448.0,6,degradacion_memoria
28,162,60.1,138.7,85.1,2290.0,7,degradacion_memoria
28,163,60.6,219.8,39.4,2349.0,7,degradacion_memoria
28,164,51.8,217.9,64.7,2320.0,4,degradacion_memoria
28,165,63.5,230.6,100.0,2417.0,1,degradacion_memoria
28,166,63.6,165.1,82.8,2406.0,4,degradacion_memoria
28,167,56.3,195.6,47.7,2369.0,3,degradacion_memoria
28,168,68.4,186.7,69.2,2323.0,4,degradacion_memoria
28,169,62.3,177.8,53.3,2332.0,4,degradacion_memoria
28,170,61.6,267.8,62.0,2390.0,9,degradacion_memoria
28,171,63.4,195.8,96.0,2353.0,3,degradacion_memoria
28,172,54.8,233.2,81.4,2358.0,4,degradacion_memoria
28,173,58.2,227.6,46.7,2377.0,6,degradacion_memoria
28,174,63.1,174.0,57.3,2363.0,5,degradacion_memoria
28,175,56.0,196.9,68.0,2310.0,5,degradacion_memoria
28,176,58.2,211.5,64.3,2327.0,1,degradacion_memoria
28,177,63.0,219.9,72.4,2328.0,3,degradacion_memoria
28,178,61.5,218.3,57.2,2351.0,5,degradacion_memoria
28,179,60.1,253.8,62.9,2384.0,4,degradacion_memoria
28,180,60.3,232.8,57.0,2382.0,5,degradacion_memoria
28,181,59.1,226.4,62.9,2427.0,6,degradacion_memoria
28,182,64.3,234.2,77.9,2324.0,3,degradacion_memoria
28,183,70.5,243.8,72.2,2392.0,3,degradacion_memoria
28,184,61.5,194.4,58.2,2349.0,3,degradacion_memoria
28,185,66.4,170.5,83.9,2459.0,3,degradacion_memoria
28,186,57.8,194.8,82.9,2376.0,1,degradacion_memoria
28,187,56.6,175.7,68.0,2358.0,4,degradacion_memoria
28,188,56.1,185.4,64.4,2391.0,5,degradacion_memoria
28,189,55.4,212.5,92.7,2388.0,2,degradacion_memoria
28,190,58.5,196.2,90.5,2365.0,5,degradacion_memoria
28,191,64.4,226.2,46.8,2404.0,7,degradacion_memoria
28,192,65.0,217.6,84.7,2440.0,4,degradacion_memoria
28,193,57.5,219.1,92.1,2417.0,6,degradacion_memoria
28,194,58.4,178.4,77.2,2374.0,5,degradacion_memoria
28,195,60.0,188.1,61.5,2451.0,4,degradacion_memoria
28,196,61.2,162.3,63.2,2399.0,5,degradacion_memoria
28,197,62.9,224.2,91.9,2336.0,3,degradacion_memoria
28,198,58.0,258.1,79.7,2382.0,6,degradacion_memoria
28,199,59.0,214.5,75.7,2371.0,8,degradacion_memoria
28,200,66.8,216.7,100.0,2358.0,3,degradacion_memoria
28,201,58.6,196.7,53.9,2393.0,4,degradacion_memoria
28,202,57.1,204.6,66.7,2305.0,5,degradacion_memoria
28,203,59.6,241.9,70.7,2444.0,5,degradacion_memoria
28,204,60.4,212.3,65.0,2404.0,8,degradacion_memoria
28,205,52.3,226.0,42.2,2306.0,2,degradacion_memoria
28,206,57.8,242.5,82.1,2404.0,4,degradacion_memoria
28,207,62.1,237.5,57.5,2398.0,4,degradacion_memoria
28,208,70.0,210.8,57.2,2439.0,1,degradacion_memoria
28,209,57.4,212.6,63.0,2449.0,6,degradacion_memoria
28,210,63.8,200.3,64.8,2456.0,2,degradacion_memoria
28,211,60.9,222.5,66.3,2369.0,8,degradacion_memoria
28,212,65.8,199.7,81.5,2402.0,4,degradacion_memoria
28,213,56.9,218.8,84.4,2361.0,7,degradacion_memoria
28,214,65.5,236.0,64.4,2419.0,4,degradacion_memoria
28,215,67.0,167.8,59.6,2294.0,4,degradacion_memoria
28,216,67.2,163.6,66.2,2329.0,3,degradacion_memoria
28,217,67.1,208.9,55.5,2363.0,3,degradacion_memoria
28,218,61.0,226.7,67.6,2378.0,2,degradacion_memoria
28,219,62.9,217.2,54.8,2387.0,3,degradacion_memoria
28,220,57.9,179.7,97.8,2431.0,7,degradacion_memoria
28,221,48.9,232.5,69.8,2354.0,6,degradacion_memoria
28,222,61.3,257.7,60.5,2328.0,8,degradacion_memoria
28,223,59.2,188.3,77.9,2364.0,10,degradacion_memoria
28,224,64.8,191.9,50.8,2356.0,8,degradacion_memoria
28,225,64.3,210.6,58.0,2402.0,8,degradacion_memoria
28,226,54.7,206.9,73.9,2441.0,5,degradacion_memoria
28,227,71.7,240.1,69.9,2437.0,4,degradacion_memoria
28,228,61.9,217.1,82.7,2424.0,6,degradacion_memoria
28,229,53.6,202.7,29.8,2357.0,7,degradacion_memoria
28,230,54.3,195.3,79.5,2374.0,4,degradacion_memoria
28,231,49.1,171.8,60.4,2397.0,5,degradacion_memoria
28,232,63.8,244.2,51.6,2349.0,2,degradacion_memoria
28,233,57.4,225.7,43.9,2353.0,7,degradacion_memoria
28,234,55.8,207.7,60.2,2395.0,11,degradacion_memoria
28,235,56.8,212.7,90.3,2325.0,3,degradacion_memoria
28,236,58.5,207.3,81.6,2424.0,4,degradacion_memoria
28,237,62.9,165.9,90.9,2364.0,6,degradacion_memoria
28,238,51.8,174.5,66.4,2402.0,2,degradacion_memoria
28,239,54.7,204.9,69.5,2388.0,7,degradacion_memoria
28,240,62.3,204.5,45.9,2430.0,2,degradacion_memoria
28,241,57.0,209.7,45.9,2295.0,8,degradacion_memoria
28,242,62.9,252.4,65.9,2430.0,5,degradacion_memoria
28,243,57.5,202.8,48.7,2430.0,11,degradacion_memoria
28,244,67.9,190.9,56.0,2391.0,6,degradacion_memoria
28,245,61.0,211.3,68.6,2401.0,2,degradacion_memoria
28,246,66.1,175.1,85.8,2404.0,7,degradacion_memoria
28,247,62.6,213.9,68.1,2344.0,6,degradacion_memoria
28,248,62.9,191.9,49.0,2382.0,4,degradacion_memoria
28,249,56.2,215.6,42.5,2416.0,7,degradacion_memoria
28,250,65.8,205.5,69.7,2308.0,12,degradacion_memoria
28,251,61.1,206.5,59.2,2399.0,7,degradacion_memoria
28,252,55.2,225.7,69.6,2383.0,7,degradacion_memoria
28,253,49.5,228.4,65.1,2405.0,8,degradacion_memoria
28,254,60.7,260.8,67.0,2329.0,8,degradacion_memoria
28,255,67.5,227.4,84.8,2350.0,9,degradacion_memoria
28,256,55.5,203.9,82.8,2324.0,5,degradacion_memoria
28,257,55.3,194.2,73.2,2324.0,4,degradacion_memoria
28,258,58.4,218.7,55.5,2413.0,5,degradacion_memoria
28,259,65.5,246.5,60.3,2356.0,5,degradacion_memoria
28,260,50.8,231.4,78.7,2354.0,4,degradacion_memoria
28,261,56.7,192.2,86.2,2424.0,8,degradacion_memoria
28,262,55.0,221.3,50.2,2366.0,5,degradacion_memoria
28,263,62.8,215.6,89.4,2419.0,7,degradacion_memoria
28,264,59.3,236.2,57.1,2338.0,6,degradacion_memoria
28,265,58.3,217.5,77.4,2366.0,5,degradacion_memoria
28,266,59.1,216.6,100.0,2344.0,7,degradacion_memoria
28,267,63.9,180.5,45.7,2402.0,6,degradacion_memoria
28,268,65.6,229.8,75.1,2372.0,4,degradacion_memoria
28,269,65.1,175.2,63.6,2409.0,1,degradacion_memoria
28,270,62.9,212.2,74.3,2386.0,4,degradacion_memoria
28,271,66.9,196.2,59.3,2302.0,0,degradacion_memoria
28,272,55.3,194.8,33.3,2369.0,5,degradacion_memoria
28,273,61.9,224.6,57.4,2319.0,0,degradacion_memoria
28,274,71.7,209.9,72.9,2394.0,1,degradacion_memoria
28,275,50.8,150.2,86.9,2402.0,7,degradacion_memoria
28,276,57.3,205.1,73.7,2406.0,1,degradacion_memoria
28,277,54.8,200.3,88.6,2375.0,2,degradacion_memoria
28,278,61.4,241.4,61.1,2315.0,4,degradacion_memoria
28,279,67.2,178.9,60.0,2388.0,10,degradacion_memoria
28,280,62.7,257.9,72.8,2396.0,7,degradacion_memoria
28,281,58.9,231.4,62.7,2373.0,4,degradacion_memoria
28,282,62.7,203.0,83.7,2383.0,1,degradacion_memoria
28,283,58.6,199.5,48.3,2304.0,3,degradacion_memoria
28,284,61.0,194.0,80.1,2383.0,4,degradacion_memoria
28,285,63.1,218.0,84.9,2376.0,7,degradacion_memoria
28,286,68.8,190.3,73.1,2331.0,6,degradacion_memoria
28,287,62.2,207.1,80.8,2401.0,6,degradacion_memoria
28,288,61.1,182.8,58.9,2360.0,7,degradacion_memoria
28,289,70.2,227.8,56.4,2389.0,7,degradacion_memoria
28,290,50.2,214.2,72.9,2400.0,5,degradacion_memoria
28,291,59.5,198.3,57.9,2393.0,5,degradacion_memoria
28,292,56.3,204.0,72.2,2326.0,4,degradacion_memoria
28,293,58.8,192.7,72.2,2365.0,6,degradacion_memoria
28,294,63.0,217.8,67.1,2465.0,8,degradacion_memoria
28,295,64.9,178.6,72.0,2436.0,2,degradacion_memoria
28,296,57.4,232.5,76.9,2413.0,3,degradacion_memoria
28,297,63.3,214.3,66.6,2391.0,7,degradacion_memoria
28,298,55.5,198.8,61.3,2340.0,1,degradacion_memoria
28,299,53.6,224.7,79.5,2374.0,6,degradacion_memoria
29,0,66.0,228.8,71.6,2402.0,6,degradacion_memoria
29,1,65.9,183.7,97.2,2385.0,6,degradacion_memoria
29,2,60.1,207.3,79.7,2410.0,4,degradacion_memoria
29,3,55.8,243.4,64.0,2375.0,7,degradacion_memoria
29,4,61.3,217.6,44.2,2408.0,9,degradacion_memoria
29,5,56.7,207.5,76.9,2329.0,1,degradacion_memoria
29,6,66.8,179.6,58.5,2324.0,3,degradacion_memoria
29,7,67.5,223.6,77.2,2383.0,5,degradacion_memoria
29,8,63.2,175.2,67.3,2407.0,6,degradacion_memoria
29,9,53.8,205.5,73.7,2369.0,5,degradacion_memoria
29,10,57.3,197.7,80.5,2406.0,7,degradacion_memoria
29,11,58.6,219.8,43.8,2392.0,6,degradacion_memoria
29,12,55.4,195.0,69.8,2298.0,12,degradacion_memoria
29,13,58.1,201.8,67.7,2473.0,4,degradacion_memoria
29,14,60.8,187.2,72.0,2330.0,5,degradacion_memoria
29,15,62.3,203.8,75.1,2342.0,9,degradacion_memoria
29,16,66.1,215.4,70.1,2426.0,5,degradacion_memoria
29,17,59.5,201.3,58.9,2381.0,3,degradacion_memoria
29,18,58.2,202.2,52.2,2349.0,4,degradacion_memoria
29,19,53.2,214.1,45.8,2361.0,10,degradacion_memoria
29,20,61.4,235.0,69.7,2345.0,8,degradacion_memoria
29,21,57.4,228.6,75.4,2348.0,8,degradacion_memoria
29,22,58.6,177.7,63.2,2412.0,5,degradacion_memoria
29,23,56.8,229.2,79.6,2360.0,5,degradacion_memoria
29,24,57.0,244.2,66.4,2337.0,4,degradacion_memoria
29,25,63.2,227.6,66.8,2350.0,1,degradacion_memoria
29,26,59.4,149.7,47.9,2374.0,6,degradacion_memoria
29,27,67.5,216.6,61.8,2350.0,7,degradacion_memoria
29,28,54.1,244.6,80.9,2368.0,6,degradacion_memoria
29,29,65.9,198.8,87.6,2394.0,3,degradacion_memoria
29,30,57.2,282.5,65.3,2361.0,5,degradacion_memoria
29,31,59.4,155.5,80.1,2346.0,3,degradacion_memoria
29,32,62.1,213.7,87.8,2352.0,5,degradacion_memoria
29,33,64.8,228.1,54.9,2436.0,3,degradacion_memoria
29,34,65.0,214.3,72.4,2467.0,4,degradacion_memoria
29,35,64.9,213.8,70.7,2382.0,5,degradacion_memoria
29,36,58.6,184.0,83.1,2409.0,8,degradacion_memoria
29,37,68.7,195.6,56.3,2342.0,6,degradacion_memoria
29,38,62.7,224.3,72.4,2356.0,2,degradacion_memoria
29,39,45.0,157.2,64.4,2398.0,4,degradacion_memoria
29,40,60.0,232.6,73.9,2285.0,4,degradacion_memoria
29,41,57.9,207.1,85.1,2411.0,9,degradacion_memoria
29,42,58.2,223.8,88.7,2357.0,2,degradacion_memoria
29,43,63.0,231.2,85.2,2337.0,7,degradacion_memoria
29,44,61.3,303.3,54.1,2396.0,2,degradacion_memoria
29,45,56.4,245.0,61.4,2438.0,4,degradacion_memoria
29,46,67.3,180.0,82.1,2367.0,2,degradacion_memoria
29,47,53.4,264.0,76.5,2392.0,7,degradacion_memoria
29,48,53.0,142.2,64.3,2398.0,2,degradacion_memoria
29,49,54.4,198.9,55.2,2390.0,1,degradacion_memoria
29,50,62.0,214.3,13.3,2340.0,3,degradacion_memoria
29,51,61.6,201.9,45.7,2389.0,6,degradacion_memoria
29,52,55.7,217.0,63.7,2387.0,8,degradacion_memoria
29,53,56.8,205.8,63.9,2271.0,6,degradacion_memoria
29,54,59.8,242.1,73.8,2414.0,4,degradacion_memoria
29,55,54.5,197.9,76.4,2320.0,6,degradacion_memoria
29,56,63.8,207.1,99.6,2385.0,10,degradacion_memoria
29,57,67.6,254.3,57.2,2441.0,6,degradacion_memoria
29,58,58.9,234.2,40.7,2370.0,3,degradacion_memoria
29,59,61.5,205.8,55.0,2338.0,6,degradacion_memoria
29,60,60.3,221.8,91.5,2402.0,3,degradacion_memoria
29,61,66.6,256.8,68.2,2436.0,1,degradacion_memoria
29,62,69.5,175.4,82.2,2336.0,6,degradacion_memoria
29,63,58.0,182.8,60.1,2286.0,10,degradacion_memoria
29,64,60.0,195.6,61.0,2427.0,7,degradacion_memoria
29,65,64.1,215.4,44.0,2414.0,6,degradacion_memoria
29,66,61.5,234.2,63.4,2395.0,3,degradacion_memoria
29,67,55.2,190.9,68.2,2308.0,5,degradacion_memoria
29,68,50.8,186.5,80.1,2404.0,3,degradacion_memoria
29,69,56.8,177.2,75.9,2421.0,1,degradacion_memoria
29,70,61.4,186.4,95.8,2466.0,4,degradacion_memoria
29,71,57.8,193.6,65.8,2369.0,4,degradacion_memoria
29,72,54.5,155.9,71.4,2386.0,5,degradacion_memoria
29,73,56.9,196.0,67.8,2294.0,1,degradacion_memoria
29,74,69.0,183.8,58.3,2419.0,5,degradacion_memoria
29,75,54.2,205.9,73.7,2418.0,9,degradacion_memoria
29,76,58.2,252.5,64.1,2396.0,3,degradacion_memoria
29,77,57.2,170.2,91.3,2428.0,3,degradacion_memoria
29,78,69.6,235.3,56.9,2349.0,7,degradacion_memoria
29,79,52.4,251.7,63.2,2371.0,3,degradacion_memoria
29,80,55.9,234.1,50.6,2373.0,3,degradacion_memoria
29,81,60.1,218.6,72.7,2424.0,10,degradacion_memoria
29,82,60.6,242.8,49.4,2425.0,3,degradacion_memoria
29,83,65.4,225.8,67.9,2393.0,4,degradacion_memoria
29,84,64.9,237.8,51.6,2391.0,1,degradacion_memoria
29,85,56.3,213.0,54.2,2402.0,10,degradacion_memoria
29,86,61.4,183.5,57.3,2367.0,3,degradacion_memoria
29,87,58.9,239.1,78.2,2434.0,6,degradacion_memoria
29,88,57.5,275.2,66.7,2362.0,4,degradacion_memoria
29,89,64.9,201.5,66.3,2397.0,6,degradacion_memoria
29,90,61.1,210.6,75.9,2356.0,6,degradacion_memoria
29,91,67.8,212.8,58.8,2418.0,9,degradacion_memoria
29,92,62.2,173.3,40.5,2376.0,3,degradacion_memoria
29,93,64.4,188.8,52.6,2463.0,2,degradacion_memoria
29,94,46.2,217.6,64.0,2375.0,2,degradacion_memoria
29,95,60.3,207.7,67.3,2417.0,1,degradacion_memoria
29,96,62.0,210.4,75.8,2355.0,5,degradacion_memoria
29,97,62.4,210.7,66.0,2368.0,4,degradacion_memoria
29,98,67.6,207.1,82.2,2378.0,5,degradacion_memoria
29,99,62.9,190.9,73.1,2394.0,4,degradacion_memoria
29,100,53.8,220.9,48.3,2350.0,5,degradacion_memoria
29,101,62.5,218.2,32.3,2357.0,5,degradacion_memoria
29,102,64.0,188.0,53.9,2384.0,7,degradacion_memoria
29,103,56.8,220.4,69.9,2396.0,6,degradacion_memoria
29,104,57.8,194.4,73.2,2379.0,4,degradacion_memoria
29,105,63.8,226.3,66.5,2373.0,2,degradacion_memoria
29,106,59.9,208.9,69.7,2327.0,4,degradacion_memoria
29,107,65.3,219.9,86.5,2400.0,3,degradacion_memoria
29,108,60.8,214.4,68.2,2414.0,4,degradacion_memoria
29,109,48.9,208.6,72.9,2418.0,3,degradacion_memoria
29,110,60.2,218.2,90.4,2386.0,6,degradacion_memoria
29,111,57.9,231.1,42.6,2356.0,3,degradacion_memoria
29,112,62.9,213.0,91.9,2367.0,4,degradacion_memoria
29,113,62.0,212.6,32.2,2386.0,6,degradacion_memoria
29,114,55.2,201.2,56.4,2379.0,5,degradacion_memoria
29,115,60.9,164.5,60.2,2346.0,4,degradacion_memoria
29,116,62.6,210.8,45.1,2313.0,2,degradacion_memoria
29,117,62.1,178.3,65.7,2358.0,1,degradacion_memoria
29,118,64.8,195.9,67.3,2369.0,2,degradacion_memoria
29,119,54.8,188.3,78.4,2392.0,4,degradacion_memoria
29,120,59.1,192.1,77.9,2364.0,4,degradacion_memoria
29,121,48.7,193.6,70.4,2370.0,2,degradacion_memoria
29,122,65.8,222.1,83.7,2384.0,9,degradacion_memoria
29,123,60.5,218.3,77.0,2443.0,3,degradacion_memoria
29,124,59.4,212.8,63.5,2373.0,5,degradacion_memoria
29,125,59.4,240.2,69.7,2318.0,5,degradacion_memoria
29,126,62.4,286.5,59.1,2353.0,5,degradacion_memoria
29,127,65.2,222.7,50.8,2452.0,4,degradacion_memoria
29,128,58.5,232.7,74.0,2437.0,1,degradacion_memoria
29,129,62.0,217.0,47.0,2418.0,5,degradacion_memoria
29,130,62.0,226.2,65.4,2408.0,3,degradacion_memoria
29,131,49.0,169.4,35.8,2409.0,5,degradacion_memoria
29,132,56.5,142.4,69.0,2370.0,1,degradacion_memoria
29,133,62.2,157.1,57.8,2415.0,8,degradacion_memoria
29,134,66.2,194.4,76.0,2416.0,2,degradacion_memoria
29,135,66.8,244.2,64.9,2414.0,7,degradacion_memoria
29,136,53.9,216.4,66.2,2356.0,3,degradacion_memoria
29,137,65.0,200.2,68.7,2367.0,8,degradacion_memoria
29,138,65.2,224.2,59.4,2354.0,5,degradacion_memoria
29,139,62.1,218.8,60.1,2420.0,5,degradacion_memoria
29,140,49.9,176.1,60.1,2392.0,8,degradacion_memoria
29,141,57.3,221.7,66.2,2396.0,3,degradacion_memoria
29,142,60.5,230.8,60.2,2403.0,10,degradacion_memoria
29,143,58.8,262.5,74.3,2324.0,6,degradacion_memoria
29,144,49.2,208.0,43.2,2415.0,6,degradacion_memoria
29,145,58.7,252.3,47.0,2358.0,4,degradacion_memoria
29,146,55.3,199.9,94.4,2362.0,5,degradacion_memoria
29,147,63.0,268.2,61.9,2347.0,2,degradacion_memoria
29,148,62.4,195.1,53.8,2383.0,1,degradacion_memoria
29,149,62.6,226.1,67.6,2377.0,3,degradacion_memoria
29,150,58.2,217.2,78.7,2324.0,7,degradacion_memoria
29,151,60.1,247.2,77.0,2308.0,5,degradacion_memoria
29,152,59.6,243.9,57.5,2372.0,4,degradacion_memoria
29,153,64.6,183.9,60.8,2413.0,3,degradacion_memoria
29,154,57.3,201.6,63.3,2409.0,5,degradacion_memoria
29,155,56.2,263.2,72.4,2420.0,6,degradacion_memoria
29,156,64.8,212.5,68.6,2372.0,4,degradacion_memoria
29,157,64.1,230.3,55.2,2366.0,7,degradacion_memoria
29,158,62.3,183.2,60.9,2376.0,5,degradacion_memoria
29,159,67.9,203.9,64.3,2412.0,6,degradacion_memoria
29,160,70.4,192.3,88.7,2445.0,4,degradacion_memoria
29,161,66.2,233.1,65.5,2362.0,3,degradacion_memoria
29,162,56.3,228.4,100.0,2369.0,3,degradacion_memoria
29,163,64.2,240.6,64.2,2381.0,1,degradacion_memoria
29,164,60.6,182.9,44.4,2369.0,3,degradacion_memoria
29,165,57.2,223.7,72.9,2357.0,3,degradacion_memoria
29,166,56.3,210.5,82.7,2375.0,5,degradacion_memoria
29,167,61.3,148.9,74.7,2348.0,8,degradacion_memoria
29,168,64.1,221.6,70.8,2409.0,8,degradacion_memoria
29,169,66.9,242.3,62.7,2439.0,2,degradacion_memoria
29,170,63.4,249.3,64.0,2369.0,4,degradacion_memoria
29,171,62.9,209.1,35.4,2447.0,2,degradacion_memoria
29,172,59.0,230.7,80.0,2376.0,2,degradacion_memoria
29,173,61.1,223.6,62.7,2352.0,6,degradacion_memoria
29,174,52.5,191.0,84.0,2407.0,3,degradacion_memoria
29,175,62.8,187.6,60.5,2343.0,11,degradacion_memoria
29,176,62.2,208.8,67.3,2405.0,7,degradacion_memoria
29,177,69.6,204.1,85.5,2390.0,6,degradacion_memoria
29,178,59.8,212.2,86.7,2364.0,9,degradacion_memoria
29,179,66.0,199.6,79.8,2360.0,8,degradacion_memoria
29,180,57.6,215.3,41.8,2345.0,4,degradacion_memoria
29,181,68.5,183.3,50.1,2421.0,5,degradacion_memoria
29,182,67.2,248.1,77.8,2371.0,6,degradacion_memoria
29,183,65.7,164.5,58.2,2392.0,5,degradacion_memoria
29,184,60.3,208.0,69.0,2380.0,6,degradacion_memoria
29,185,58.9,204.9,70.9,2372.0,4,degradacion_memoria
29,186,58.1,206.6,71.6,2393.0,9,degradacion_memoria
29,187,55.1,188.9,53.2,2400.0,4,degradacion_memoria
29,188,62.3,172.2,82.3,2386.0,9,degradacion_memoria
29,189,58.8,216.0,60.7,2372.0,5,degradacion_memoria
29,190,61.9,204.9,76.3,2337.0,5,degradacion_memoria
29,191,60.8,219.6,65.1,2356.0,7,degradacion_memoria
29,192,54.6,168.8,94.9,2368.0,5,degradacion_memoria
29,193,65.3,252.9,88.3,2381.0,9,degradacion_memoria
29,194,60.5,208.0,97.8,2310.0,3,degradacion_memoria
29,195,64.3,134.0,91.1,2405.0,5,degradacion_memoria
29,196,54.2,214.7,66.1,2393.0,6,degradacion_memoria
29,197,56.2,198.2,60.5,2357.0,6,degradacion_memoria
29,198,58.0,181.7,52.1,2343.0,5,degradacion_memoria
29,199,61.2,240.8,71.7,2353.0,6,degradacion_memoria
29,200,59.5,233.2,68.3,2327.0,6,degradacion_memoria
29,201,66.8,218.5,67.4,2366.0,4,degradacion_memoria
29,202,65.2,211.9,56.4,2373.0,7,degradacion_memoria
29,203,56.3,222.6,73.1,2417.0,9,degradacion_memoria
29,204,74.7,170.6,62.7,2399.0,4,degradacion_memoria
29,205,59.6,214.8,61.2,2430.0,6,degradacion_memoria
29,206,66.5,240.9,70.3,2384.0,9,degradacion_memoria
29,207,58.6,236.0,66.9,2344.0,4,degradacion_memoria
29,208,63.1,183.7,48.0,2450.0,2,degradacion_memoria
29,209,64.7,214.6,57.0,2367.0,2,degradacion_memoria
29,210,52.5,181.9,75.5,2318.0,3,degradacion_memoria
29,211,68.7,213.9,67.3,2389.0,4,degradacion_memoria
29,212,56.1,191.2,40.8,2316.0,5,degradacion_memoria
29,213,58.3,188.2,77.8,2377.0,6,degradacion_memoria
29,214,57.0,219.0,67.3,2361.0,1,degradacion_memoria
29,215,57.2,191.9,53.1,2401.0,2,degradacion_memoria
29,216,57.4,190.1,58.6,2418.0,3,degradacion_memoria
29,217,54.0,218.8,70.3,2367.0,5,degradacion_memoria
29,218,63.8,173.0,37.1,2364.0,9,degradacion_memoria
29,219,60.6,201.9,73.9,2410.0,5,degradacion_memoria
29,220,59.3,171.6,81.8,2349.0,3,degradacion_memoria
29,221,65.1,176.1,80.5,2383.0,5,degradacion_memoria
29,222,68.8,239.3,84.2,2402.0,8,degradacion_memoria
29,223,52.2,199.6,57.1,2348.0,5,degradacion_memoria
29,224,68.1,192.1,82.5,2368.0,3,degradacion_memoria
29,225,59.9,231.3,71.8,2384.0,5,degradacion_memoria
29,226,53.2,250.4,56.3,2433.0,3,degradacion_memoria
29,227,62.1,216.3,74.5,2332.0,10,degradacion_memoria
29,228,59.4,235.5,74.1,2374.0,5,degradacion_memoria
29,229,64.3,196.2,89.6,2434.0,4,degradacion_memoria
29,230,60.7,211.4,84.8,2419.0,4,degradacion_memoria
29,231,61.8,210.2,58.3,2369.0,4,degradacion_memoria
29,232,57.8,218.1,72.8,2377.0,4,degradacion_memoria
29,233,54.9,234.1,72.6,2398.0,5,degradacion_memoria
29,234,63.7,173.3,71.5,2399.0,3,degradacion_memoria
29,235,57.4,187.7,63.7,2435.0,5,degradacion_memoria
29,236,62.0,197.9,92.6,2425.0,3,degradacion_memoria
29,237,67.4,185.7,59.3,2325.0,4,degradacion_memoria
29,238,59.2,215.7,91.3,2316.0,6,degradacion_memoria
29,239,63.5,215.4,48.1,2358.0,3,degradacion_memoria
29,240,59.8,211.5,62.7,2306.0,6,degradacion_memoria
29,241,58.2,199.9,78.7,2432.0,4,degradacion_memoria
29,242,52.2,243.7,53.3,2320.0,6,degradacion_memoria
29,243,59.8,215.4,57.7,2368.0,7,degradacion_memoria
29,244,59.2,206.2,75.5,2345.0,4,degradacion_memoria
29,245,55.6,211.7,43.8,2317.0,4,degradacion_memoria
29,246,49.8,228.6,83.5,2427.0,7,degradacion_memoria
29,247,51.6,215.3,88.7,2357.0,8,degradacion_memoria
29,248,68.9,188.4,89.3,2456.0,3,degradacion_memoria
29,249,60.2,254.1,72.6,2436.0,7,degradacion_memoria
29,250,52.8,221.5,62.0,2380.0,8,degradacion_memoria
29,251,57.0,181.2,62.9,2296.0,3,degradacion_memoria
29,252,60.1,164.6,72.0,2366.0,2,degradacion_memoria
29,253,62.2,227.2,69.8,2471.0,3,degradacion_memoria
29,254,58.8,242.3,62.7,2397.0,8,degradacion_memoria
29,255,70.1,221.3,90.2,2373.0,7,degradacion_memoria
29,256,70.3,225.3,64.6,2356.0,3,degradacion_memoria
29,257,61.9,225.9,88.1,2415.0,3,degradacion_memoria
29,258,58.2,210.1,69.4,2395.0,2,degradacion_memoria
29,259,61.9,168.0,68.5,2391.0,1,degradacion_memoria
29,260,53.4,192.5,75.3,2425.0,8,degradacion_memoria
29,261,65.0,229.9,75.1,2423.0,4,degradacion_memoria
29,262,60.9,224.7,66.0,2397.0,5,degradacion_memoria
29,263,54.0,205.1,75.9,2317.0,6,degradacion_memoria
29,264,57.1,196.3,77.6,2341.0,5,degradacion_memoria
29,265,62.9,214.3,91.1,2355.0,5,degradacion_memoria
29,266,51.7,201.4,69.0,2379.0,2,degradacion_memoria
29,267,55.5,208.0,57.1,2440.0,5,degradacion_memoria
29,268,57.7,213.3,58.5,2462.0,5,degradacion_memoria
29,269,64.9,190.6,100.0,2396.0,3,degradacion_memoria
29,270,68.6,230.0,41.7,2402.0,5,degradacion_memoria
29,271,61.9,205.9,51.3,2320.0,1,degradacion_memoria
29,272,44.2,222.2,68.4,2363.0,3,degradacion_memoria
29,273,54.4,211.6,59.4,2358.0,6,degradacion_memoria
29,274,77.5,248.6,79.5,2355.0,7,degradacion_memoria
29,275,60.8,223.6,78.2,2403.0,3,degradacion_memoria
29,276,47.0,220.2,60.5,2362.0,3,degradacion_memoria
29,277,71.9,219.3,89.1,2304.0,5,degradacion_memoria
29,278,53.3,262.1,52.6,2414.0,7,degradacion_memoria
29,279,62.9,208.9,57.7,2428.0,4,degradacion_memoria
29,280,54.3,214.1,90.0,2392.0,5,degradacion_memoria
29,281,71.0,212.6,49.7,2373.0,3,degradacion_memoria
29,282,52.9,160.9,72.9,2344.0,8,degradacion_memoria
29,283,57.1,212.3,90.0,2347.0,4,degradacion_memoria
29,284,65.2,235.4,31.6,2423.0,4,degradacion_memoria
29,285,57.2,222.9,63.3,2350.0,3,degradacion_memoria
29,286,62.4,247.8,81.3,2461.0,3,degradacion_memoria
29,287,64.2,229.6,64.2,2418.0,7,degradacion_memoria
29,288,60.9,222.6,68.8,2394.0,5,degradacion_memoria
29,289,54.4,232.2,70.6,2489.0,5,degradacion_memoria
29,290,56.1,219.1,72.4,2431.0,5,degradacion_memoria
29,291,58.1,203.0,56.7,2363.0,3,degradacion_memoria
29,292,62.9,206.8,78.7,2339.0,5,degradacion_memoria
29,293,64.1,150.4,71.6,2363.0,3,degradacion_memoria
29,294,61.0,249.9,52.0,2376.0,5,degradacion_memoria
29,295,63.5,205.0,61.5,2350.0,6,degradacion_memoria
29,296,52.0,183.9,48.2,2335.0,3,degradacion_memoria
29,297,61.5,200.8,71.0,2389.0,3,degradacion_memoria
29,298,59.7,253.9,74.9,2416.0,1,degradacion_memoria
29,299,62.5,211.8,71.0,2454.0,5,degradacion_memoria
30,0,54.2,191.8,58.0,2422.0,4,degradacion_memoria
30,1,59.5,239.5,51.5,2380.0,5,degradacion_memoria
30,2,67.5,239.2,73.2,2410.0,5,degradacion_memoria
30,3,65.0,182.1,54.7,2368.0,7,degradacion_memoria
30,4,58.2,206.0,75.7,2364.0,3,degradacion_memoria
30,5,62.3,213.3,78.1,2413.0,4,degradacion_memoria
30,6,66.1,191.9,100.0,2407.0,2,degradacion_memoria
30,7,61.7,242.7,61.6,2367.0,3,degradacion_memoria
30,8,60.6,229.1,65.8,2335.0,5,degradacion_memoria
30,9,49.5,219.0,57.6,2313.0,6,degradacion_memoria
30,10,66.2,211.7,51.6,2319.0,4,degradacion_memoria
30,11,54.9,170.9,62.1,2355.0,6,degradacion_memoria
30,12,50.6,243.9,57.1,2393.0,2,degradacion_memoria
30,13,51.0,224.5,51.4,2313.0,6,degradacion_memoria
30,14,55.7,220.2,71.3,2316.0,6,degradacion_memoria
30,15,62.4,191.6,53.0,2395.0,5,degradacion_memoria
30,16,65.8,193.7,75.9,2443.0,5,degradacion_memoria
30,17,61.7,222.4,80.0,2424.0,3,degradacion_memoria
30,18,68.7,237.6,55.9,2306.0,6,degradacion_memoria
30,19,58.0,253.1,87.6,2396.0,2,degradacion_memoria
30,20,58.8,191.6,73.6,2418.0,6,degradacion_memoria
30,21,50.7,206.0,67.0,2360.0,3,degradacion_memoria
30,22,57.1,157.6,43.1,2371.0,8,degradacion_memoria
30,23,49.8,148.5,44.0,2393.0,8,degradacion_memoria
30,24,53.3,223.1,90.0,2400.0,6,degradacion_memoria
30,25,63.2,188.7,86.5,2395.0,3,degradacion_memoria
30,26,51.6,160.7,90.4,2409.0,6,degradacion_memoria
30,27,52.1,180.9,94.0,2389.0,6,degradacion_memoria
30,28,51.2,218.6,87.2,2355.0,2,degradacion_memoria
30,29,63.9,219.6,71.3,2362.0,3,degradacion_memoria
30,30,68.2,169.1,75.8,2349.0,5,degradacion_memoria
30,31,59.6,240.9,58.4,2362.0,7,degradacion_memoria
30,32,64.7,192.6,71.3,2402.0,4,degradacion_memoria
30,33,54.2,216.9,78.4,2349.0,3,degradacion_memoria
30,34,66.1,210.9,78.7,2423.0,4,degradacion_memoria
30,35,56.4,209.7,66.2,2340.0,8,degradacion_memoria
30,36,63.3,186.6,39.6,2388.0,2,degradacion_memoria
30,37,59.9,209.4,46.8,2413.0,3,degradacion_memoria
30,38,50.4,216.7,74.7,2398.0,7,degradacion_memoria
30,39,55.6,205.0,60.9,2306.0,8,degradacion_memoria
30,40,60.9,212.5,77.3,2385.0,3,degradacion_memoria
30,41,50.8,237.5,51.0,2350.0,3,degradacion_memoria
30,42,61.5,198.2,87.1,2327.0,11,degradacion_memoria
30,43,52.9,226.3,54.9,2389.0,6,degradacion_memoria
30,44,62.7,204.7,88.7,2330.0,5,degradacion_memoria
30,45,53.2,245.6,46.3,2390.0,4,degradacion_memoria
30,46,62.2,174.9,76.4,2438.0,5,degradacion_memoria
30,47,64.1,242.6,55.0,2392.0,5,degradacion_memoria
30,48,59.2,196.7,67.9,2371.0,6,degradacion_memoria
30,49,59.6,262.8,83.1,2374.0,2,degradacion_memoria
30,50,67.4,220.9,80.6,2417.0,9,degradacion_memoria
30,51,56.1,231.3,56.5,2368.0,6,degradacion_memoria
30,52,57.3,206.0,59.4,2361.0,4,degradacion_memoria
30,53,63.2,227.0,46.0,2343.0,7,degradacion_memoria
30,54,62.1,227.0,42.9,2344.0,4,degradacion_memoria
30,55,58.8,206.4,56.3,2416.0,3,degradacion_memoria
30,56,53.9,229.1,56.0,2361.0,6,degradacion_memoria
30,57,64.9,126.0,46.9,2402.0,7,degradacion_memoria
30,58,53.8,193.9,65.1,2405.0,8,degradacion_memoria
30,59,71.4,210.5,67.5,2342.0,3,degradacion_memoria
30,60,54.0,222.5,67.8,2348.0,7,degradacion_memoria
30,61,54.5,234.3,56.8,2403.0,5,degradacion_memoria
30,62,61.7,203.7,59.9,2386.0,5,degradacion_memoria
30,63,62.7,200.2,63.6,2373.0,6,degradacion_memoria
30,64,55.1,231.8,79.4,2398.0,5,degradacion_memoria
30,65,68.5,238.8,58.5,2420.0,3,degradacion_memoria
30,66,61.6,228.5,44.5,2378.0,4,degradacion_memoria
30,67,58.8,206.2,63.5,2357.0,3,degradacion_memoria
30,68,61.9,273.7,61.9,2385.0,9,degradacion_memoria
30,69,66.1,212.0,45.4,2348.0,5,degradacion_memoria
30,70,68.0,215.4,62.4,2386.0,4,degradacion_memoria
30,71,61.0,250.8,55.6,2380.0,1,degradacion_memoria
30,72,53.6,248.2,66.9,2347.0,6,degradacion_memoria
30,73,53.7,227.7,73.9,2364.0,4,degradacion_memoria
30,74,52.9,187.5,60.5,2367.0,2,degradacion_memoria
30,75,56.8,212.8,75.2,2409.0,7,degradacion_memoria
30,76,60.2,222.9,63.7,2345.0,4,degradacion_memoria
30,77,61.1,258.8,64.3,2348.0,1,degradacion_memoria
30,78,65.6,283.7,63.7,2365.0,9,degradacion_memoria
30,79,49.6,195.0,65.3,2403.0,9,degradacion_memoria
30,80,59.9,231.3,48.7,2409.0,7,degradacion_memoria
30,81,62.3,189.6,42.4,2390.0,5,degradacion_memoria
30,82,46.0,206.9,83.7,2409.0,8,degradacion_memoria
30,83,62.3,188.3,71.0,2426.0,12,degradacion_memoria
30,84,73.7,251.7,60.4,2386.0,3,degradacion_memoria
30,85,63.9,215.9,82.9,2348.0,3,degradacion_memoria
30,86,61.5,217.3,100.0,2377.0,7,degradacion_memoria
30,87,58.6,211.2,47.0,2326.0,8,degradacion_memoria
30,88,61.2,219.4,67.5,2396.0,3,degradacion_memoria
30,89,67.7,220.3,77.3,2360.0,3,degradacion_memoria
30,90,58.3,192.9,45.2,2384.0,2,degradacion_memoria
30,91,66.0,167.8,46.6,2377.0,4,degradacion_memoria
30,92,62.3,176.8,81.3,2365.0,7,degradacion_memoria
30,93,68.1,169.7,67.2,2389.0,4,degradacion_memoria
30,94,65.4,214.9,58.3,2375.0,5,degradacion_memoria
30,95,60.9,189.6,45.0,2355.0,7,degradacion_memoria
30,96,60.6,234.5,72.6,2336.0,4,degradacion_memoria
30,97,58.4,216.0,48.4,2394.0,7,degradacion_memoria
30,98,64.9,164.1,53.7,2332.0,8,degradacion_memoria
30,99,57.0,199.7,54.6,2452.0,4,degradacion_memoria
30,100,60.6,156.9,63.3,2431.0,2,degradacion_memoria
30,101,59.0,181.4,52.6,2316.0,6,degradacion_memoria
30,102,53.3,197.7,54.7,2405.0,2,degradacion_memoria
30,103,61.1,186.4,81.2,2426.0,8,degradacion_memoria
30,104,52.4,257.1,70.4,2357.0,8,degradacion_memoria
30,105,57.8,228.7,68.2,2394.0,6,degradacion_memoria
30,106,63.3,201.8,74.1,2375.0,3,degradacion_memoria
30,107,60.8,245.7,53.2,2407.0,5,degradacion_memoria
30,108,60.8,185.6,73.1,2362.0,3,degradacion_memoria
30,109,55.7,201.7,74.0,2421.0,7,degradacion_memoria
30,110,65.2,231.3,53.7,2374.0,2,degradacion_memoria
30,111,55.6,182.1,76.4,2367.0,2,degradacion_memoria
30,112,63.5,227.1,71.3,2406.0,3,degradacion_memoria
30,113,66.5,217.3,71.7,2416.0,2,degradacion_memoria
30,114,52.3,224.7,91.3,2287.0,8,degradacion_memoria
30,115,58.0,254.9,69.7,2264.0,6,degradacion_memoria
30,116,57.5,221.4,55.1,2394.0,3,degradacion_memoria
30,117,61.4,213.2,69.8,2354.0,5,degradacion_memoria
30,118,55.3,172.6,68.2,2327.0,4,degradacion_memoria
30,119,54.2,215.3,52.5,2365.0,11,degradacion_memoria
30,120,59.7,198.0,39.7,2496.0,4,degradacion_memoria
30,121,57.2,206.9,67.1,2327.0,7,degradacion_memoria
30,122,59.3,198.2,81.2,2415.0,8,degradacion_memoria
30,123,64.5,222.3,81.3,2350.0,8,degradacion_memoria
30,124,51.9,185.2,72.0,2322.0,6,degradacion_memoria
30,125,59.4,215.3,90.0,2356.0,4,degradacion_memoria
30,126,57.0,184.0,70.4,2323.0,4,degradacion_memoria
30,127,60.1,165.0,65.2,2317.0,2,degradacion_memoria
30,128,57.1,201.5,70.9,2351.0,4,degradacion_memoria
30,129,54.1,221.6,57.7,2336.0,4,degradacion_memoria
30,130,62.0,190.6,50.3,2374.0,6,degradacion_memoria
30,131,73.9,213.4,54.3,2387.0,2,degradacion_memoria
30,132,59.5,200.9,61.3,2348.0,2,degradacion_memoria
30,133,56.4,184.1,80.1,2405.0,5,degradacion_memoria
30,134,56.4,223.9,47.7,2353.0,6,degradacion_memoria
30,135,64.7,193.7,54.4,2374.0,5,degradacion_memoria
30,136,55.6,219.4,79.3,2293.0,7,degradacion_memoria
30,137,66.5,173.5,63.0,2383.0,6,degradacion_memoria
30,138,51.8,213.4,65.2,2470.0,5,degradacion_memoria
30,139,61.0,225.6,62.8,2412.0,3,degradacion_memoria
30,140,63.3,218.8,95.1,2373.0,7,degradacion_memoria
30,141,63.8,232.3,75.8,2334.0,3,degradacion_memoria
30,142,63.5,226.1,71.5,2445.0,4,degradacion_memoria
30,143,61.3,217.5,70.8,2374.0,3,degradacion_memoria
30,144,65.8,231.2,73.7,2353.0,7,degradacion_memoria
30,145,55.0,200.7,93.9,2354.0,4,degradacion_memoria
30,146,56.8,223.0,62.8,2463.0,3,degradacion_memoria
30,147,58.0,210.5,70.4,2375.0,9,degradacion_memoria
30,148,67.4,256.3,68.4,2398.0,4,degradacion_memoria
30,149,62.3,216.8,80.6,2372.0,3,degradacion_memoria
30,150,63.4,177.9,91.9,2377.0,6,degradacion_memoria
30,151,59.1,216.3,59.8,2363.0,2,degradacion_memoria
30,152,64.1,186.2,74.3,2437.0,5,degradacion_memoria
30,153,52.2,228.2,70.5,2382.0,9,degradacion_memoria
30,154,58.0,228.7,48.5,2324.0,3,degradacion_memoria
30,155,58.9,194.8,81.6,2396.0,3,degradacion_memoria
30,156,57.6,184.1,89.9,2375.0,7,degradacion_memoria
30,157,58.4,213.3,79.5,2395.0,3,degradacion_memoria
30,158,62.7,187.4,59.2,2367.0,5,degradacion_memoria
30,159,61.2,189.0,49.0,2358.0,5,degradacion_memoria
30,160,66.0,197.3,77.0,2416.0,9,degradacion_memoria
30,161,49.6,225.6,52.9,2454.0,5,degradacion_memoria
30,162,67.4,172.9,54.3,2306.0,4,degradacion_memoria
30,163,56.8,191.1,70.9,2383.0,2,degradacion_memoria
30,164,66.6,270.0,78.3,2358.0,3,degradacion_memoria
30,165,57.9,258.8,63.3,2344.0,6,degradacion_memoria
30,166,61.8,240.2,65.1,2294.0,6,degradacion_memoria
30,167,54.6,211.1,66.4,2394.0,4,degradacion_memoria
30,168,53.9,228.8,55.2,2361.0,5,degradacion_memoria
30,169,62.9,200.4,62.7,2358.0,8,degradacion_memoria
30,170,46.7,142.4,45.4,2428.0,4,degradacion_memoria
30,171,53.9,195.7,78.3,2362.0,5,degradacion_memoria
30,172,63.8,198.2,100.0,2361.0,2,degradacion_memoria
30,173,57.9,210.7,68.8,2327.0,7,degradacion_memoria
30,174,55.6,222.1,84.7,2344.0,5,degradacion_memoria
30,175,67.6,251.3,64.3,2439.0,10,degradacion_memoria
30,176,69.4,210.8,49.1,2404.0,5,degradacion_memoria
30,177,60.0,184.9,99.5,2432.0,3,degradacion_memoria
30,178,66.4,205.1,56.2,2346.0,5,degradacion_memoria
30,179,67.6,226.1,81.3,2394.0,4,degradacion_memoria
30,180,59.9,207.2,71.0,2422.0,7,degradacion_memoria
30,181,57.4,189.9,84.6,2403.0,5,degradacion_memoria
30,182,60.4,223.1,67.1,2443.0,9,degradacion_memoria
30,183,52.7,181.4,51.7,2396.0,6,degradacion_memoria
30,184,62.8,188.0,58.7,2380.0,10,degradacion_memoria
30,185,58.4,220.4,100.0,2286.0,5,degradacion_memoria
30,186,60.3,190.4,72.5,2397.0,5,degradacion_memoria
30,187,60.2,201.2,98.5,2404.0,7,degradacion_memoria
30,188,55.8,210.4,62.9,2426.0,2,degradacion_memoria
30,189,59.8,209.0,78.0,2348.0,6,degradacion_memoria
30,190,53.2,185.8,50.0,2379.0,5,degradacion_memoria
30,191,57.6,218.2,68.4,2316.0,2,degradacion_memoria
30,192,54.4,187.1,99.1,2315.0,5,degradacion_memoria
30,193,55.6,251.3,57.0,2401.0,3,degradacion_memoria
30,194,48.7,200.0,58.3,2431.0,6,degradacion_memoria
30,195,57.9,225.2,79.6,2432.0,3,degradacion_memoria
30,196,62.4,228.3,69.6,2398.0,7,degradacion_memoria
30,197,60.9,201.1,94.5,2462.0,5,degradacion_memoria
30,198,65.4,185.8,64.6,2364.0,8,degradacion_memoria
30,199,55.2,228.2,69.0,2416.0,3,degradacion_memoria
30,200,57.6,174.4,72.4,2327.0,5,degradacion_memoria
30,201,64.6,178.3,52.9,2254.0,7,degradacion_memoria
30,202,59.6,225.2,49.8,2361.0,5,degradacion_memoria
30,203,60.9,205.0,48.5,2375.0,4,degradacion_memoria
30,204,70.6,192.3,21.7,2389.0,8,degradacion_memoria
30,205,58.7,197.5,66.8,2373.0,6,degradacion_memoria
30,206,57.6,190.1,49.8,2394.0,1,degradacion_memoria
30,207,55.0,264.5,60.5,2450.0,3,degradacion_memoria
30,208,58.6,235.5,82.3,2410.0,6,degradacion_memoria
30,209,65.1,189.4,54.8,2349.0,2,degradacion_memoria
30,210,62.9,202.2,77.7,2279.0,3,degradacion_memoria
30,211,67.2,224.9,45.9,2337.0,0,degradacion_memoria
30,212,61.8,185.6,58.4,2434.0,6,degradacion_memoria
30,213,48.8,196.0,92.4,2360.0,8,degradacion_memoria
30,214,63.1,202.5,62.0,2407.0,4,degradacion_memoria
30,215,60.5,188.0,86.0,2406.0,8,degradacion_memoria
30,216,60.0,237.4,100.0,2378.0,4,degradacion_memoria
30,217,66.1,192.1,62.1,2377.0,5,degradacion_memoria
30,218,58.6,207.1,58.7,2353.0,7,degradacion_memoria
30,219,62.9,212.9,37.8,2469.0,3,degradacion_memoria
30,220,54.6,249.7,72.1,2342.0,7,degradacion_memoria
30,221,52.4,207.8,73.3,2425.0,7,degradacion_memoria
30,222,57.0,263.4,78.8,2413.0,5,degradacion_memoria
30,223,58.4,200.9,87.5,2405.0,5,degradacion_memoria
30,224,62.7,204.5,53.6,2375.0,5,degradacion_memoria
30,225,54.5,233.4,94.2,2321.0,4,degradacion_memoria
30,226,67.5,258.0,64.1,2334.0,2,degradacion_memoria
30,227,55.2,203.4,73.1,2349.0,3,degradacion_memoria
30,228,59.6,240.9,67.1,2395.0,7,degradacion_memoria
30,229,60.1,231.2,57.2,2416.0,4,degradacion_memoria
30,230,61.5,191.0,51.2,2393.0,3,degradacion_memoria
30,231,62.3,209.5,70.9,2390.0,5,degradacion_memoria
30,232,71.3,209.0,54.5,2422.0,5,degradacion_memoria
30,233,57.0,184.2,64.9,2296.0,5,degradacion_memoria
30,234,61.6,214.1,62.2,2292.0,4,degradacion_memoria
30,235,59.6,212.0,62.9,2318.0,4,degradacion_memoria
30,236,64.9,219.4,42.8,2417.0,2,degradacion_memoria
30,237,62.2,211.7,23.7,2300.0,8,degradacion_memoria
30,238,61.1,193.3,79.7,2380.0,5,degradacion_memoria
30,239,52.5,271.2,83.8,2344.0,9,degradacion_memoria
30,240,57.7,215.4,32.1,2386.0,5,degradacion_memoria
30,241,55.1,242.5,73.9,2374.0,4,degradacion_memoria
30,242,57.8,221.0,71.0,2390.0,4,degradacion_memoria
30,243,55.9,247.7,49.5,2364.0,2,degradacion_memoria
30,244,57.4,190.6,80.6,2408.0,5,degradacion_memoria
30,245,57.9,207.8,83.9,2439.0,3,degradacion_memoria
30,246,58.0,198.8,82.8,2431.0,6,degradacion_memoria
30,247,58.5,195.7,92.4,2366.0,9,degradacion_memoria
30,248,55.4,216.7,82.0,2345.0,2,degradacion_memoria
30,249,60.2,203.8,56.4,2388.0,1,degradacion_memoria
30,250,55.5,174.3,68.2,2459.0,9,degradacion_memoria
30,251,57.0,202.4,73.4,2378.0,3,degradacion_memoria
30,252,59.7,200.4,89.3,2414.0,9,degradacion_memoria
30,253,47.1,232.0,64.5,2411.0,3,degradacion_memoria
30,254,72.5,173.8,59.1,2411.0,1,degradacion_memoria
30,255,62.6,197.2,44.8,2431.0,5,degradacion_memoria
30,256,61.6,191.2,80.2,2327.0,6,degradacion_memoria
30,257,57.4,228.6,70.9,2341.0,3,degradacion_memoria
30,258,60.5,196.4,55.9,2382.0,7,degradacion_memoria
30,259,54.0,236.2,78.8,2429.0,5,degradacion_memoria
30,260,62.5,208.8,63.2,2429.0,3,degradacion_memoria
30,261,51.6,222.2,49.5,2378.0,3,degradacion_memoria
30,262,53.7,237.6,86.6,2420.0,4,degradacion_memoria
30,263,56.5,179.9,39.1,2363.0,10,degradacion_memoria
30,264,67.5,203.8,70.0,2347.0,5,degradacion_memoria
30,265,54.5,220.5,66.4,2327.0,3,degradacion_memoria
30,266,61.7,214.9,45.1,2375.0,6,degradacion_memoria
30,267,49.7,177.6,72.6,2366.0,4,degradacion_memoria
30,268,60.1,227.4,58.3,2420.0,6,degradacion_memoria
30,269,68.7,211.2,91.6,2403.0,5,degradacion_memoria
30,270,62.5,213.2,82.1,2382.0,6,degradacion_memoria
30,271,49.6,204.5,71.1,2382.0,10,degradacion_memoria
30,272,60.2,130.5,33.1,2363.0,6,degradacion_memoria
30,273,57.7,223.6,60.2,2309.0,7,degradacion_memoria
30,274,66.1,224.7,59.1,2333.0,5,degradacion_memoria
30,275,59.5,199.5,84.9,2411.0,5,degradacion_memoria
30,276,52.8,172.9,70.5,2374.0,5,degradacion_memoria
30,277,59.3,196.6,72.4,2328.0,3,degradacion_memoria
30,278,56.5,234.9,82.2,2435.0,9,degradacion_memoria
30,279,49.2,199.8,90.8,2448.0,3,degradacion_memoria
30,280,59.1,210.6,88.4,2428.0,3,degradacion_memoria
30,281,60.0,201.7,75.6,2397.0,3,degradacion_memoria
30,282,61.9,217.9,64.2,2391.0,7,degradacion_memoria
30,283,65.1,177.1,74.1,2379.0,3,degradacion_memoria
30,284,58.6,204.9,67.5,2387.0,3,degradacion_memoria
30,285,52.5,237.4,79.0,2405.0,5,degradacion_memoria
30,286,55.8,187.1,60.1,2408.0,2,degradacion_memoria
30,287,59.9,203.1,80.6,2398.0,6,degradacion_memoria
30,288,66.1,236.3,68.7,2249.0,8,degradacion_memoria
30,289,60.0,228.7,73.4,2426.0,4,degradacion_memoria
30,290,59.3,221.3,51.3,2388.0,9,degradacion_memoria
30,291,58.8,219.7,64.2,2326.0,8,degradacion_memoria
30,292,60.0,219.3,74.3,2388.0,7,degradacion_memoria
30,293,69.6,204.2,65.4,2392.0,7,degradacion_memoria
30,294,59.6,237.6,35.1,2317.0,2,degradacion_memoria
30,295,58.7,198.3,50.7,2354.0,1,degradacion_memoria
30,296,60.2,185.1,72.8,2336.0,9,degradacion_memoria
30,297,56.6,175.4,89.1,2341.0,9,degradacion_memoria
30,298,52.2,194.6,64.7,2403.0,7,degradacion_memoria
30,299,51.3,194.3,61.2,2355.0,4,degradacion_memoria
31,0,55.9,165.9,68.3,2277.0,4,degradacion_memoria
31,1,70.0,193.5,77.3,2376.0,4,degradacion_memoria
31,2,48.5,227.7,44.2,2346.0,10,degradacion_memoria
31,3,61.6,191.2,73.8,2356.0,10,degradacion_memoria
31,4,59.6,192.5,68.3,2422.0,5,degradacion_memoria
31,5,54.9,175.7,64.3,2392.0,4,degradacion_memoria
31,6,58.7,200.9,34.5,2359.0,6,degradacion_memoria
31,7,51.9,189.5,44.6,2353.0,5,degradacion_memoria
31,8,67.8,150.2,71.2,2398.0,5,degradacion_memoria
31,9,60.1,238.8,72.9,2373.0,1,degradacion_memoria
31,10,64.6,220.4,73.7,2408.0,4,degradacion_memoria
31,11,57.6,176.6,67.9,2347.0,5,degradacion_memoria
31,12,66.7,231.7,51.2,2365.0,4,degradacion_memoria
31,13,60.2,213.2,53.6,2335.0,5,degradacion_memoria
31,14,65.4,239.0,38.5,2358.0,5,degradacion_memoria
31,15,62.8,228.4,69.7,2467.0,5,degradacion_memoria
31,16,59.8,190.6,94.7,2351.0,10,degradacion_memoria
31,17,65.0,226.7,66.7,2361.0,4,degradacion_memoria
31,18,80.9,227.8,57.4,2347.0,4,degradacion_memoria
31,19,54.3,236.4,68.4,2373.0,6,degradacion_memoria
31,20,59.4,234.9,66.1,2377.0,7,degradacion_memoria
31,21,53.5,262.0,43.7,2429.0,4,degradacion_memoria
31,22,62.1,233.8,71.6,2364.0,4,degradacion_memoria
31,23,61.1,190.4,66.5,2385.0,5,degradacion_memoria
31,24,69.7,214.4,65.6,2305.0,1,degradacion_memoria
31,25,58.7,183.8,95.8,2345.0,5,degradacion_memoria
31,26,64.8,240.2,66.6,2423.0,6,degradacion_memoria
31,27,49.6,188.6,93.5,2346.0,3,degradacion_memoria
31,28,60.8,265.8,56.4,2411.0,2,degradacion_memoria
31,29,55.7,202.7,46.9,2343.0,4,degradacion_memoria
31,30,63.0,208.9,56.7,2373.0,3,degradacion_memoria
31,31,65.8,198.4,84.4,2449.0,5,degradacion_memoria
31,32,57.0,192.1,57.4,2410.0,6,degradacion_memoria
31,33,62.7,196.7,48.0,2302.0,4,degradacion_memoria
31,34,58.2,215.8,72.8,2509.0,6,degradacion_memoria
31,35,60.2,210.4,62.6,2338.0,4,degradacion_memoria
31,36,62.1,199.3,76.0,2455.0,2,degradacion_memoria
31,37,55.0,217.7,58.6,2362.0,4,degradacion_memoria
31,38,55.0,196.4,55.1,2331.0,5,degradacion_memoria
31,39,64.3,209.9,91.2,2362.0,7,degradacion_memoria
31,40,56.6,254.1,56.3,2354.0,6,degradacion_memoria
31,41,66.4,195.7,56.3,2358.0,3,degradacion_memoria
31,42,51.1,202.4,74.5,2382.0,4,degradacion_memoria
31,43,64.7,181.1,29.0,2399.0,5,degradacion_memoria
31,44,60.0,201.5,78.3,2437.0,4,degradacion_memoria
31,45,59.5,219.4,93.0,2389.0,6,degradacion_memoria
31,46,60.7,196.8,80.1,2383.0,5,degradacion_memoria
31,47,52.8,181.6,53.4,2351.0,5,degradacion_memoria
31,48,65.6,219.0,57.9,2369.0,2,degradacion_memoria
31,49,57.8,221.7,68.9,2360.0,11,degradacion_memoria
31,50,55.8,225.3,73.1,2325.0,8,degradacion_memoria
31,51,70.8,179.0,90.6,2482.0,4,degradacion_memoria
31,52,58.3,244.3,90.0,2390.0,9,degradacion_memoria
31,53,55.7,197.8,65.0,2390.0,1,degradacion_memoria
31,54,64.1,184.8,60.6,2429.0,1,degradacion_memoria
31,55,61.3,235.6,57.1,2277.0,6,degradacion_memoria
31,56,65.0,243.4,77.0,2470.0,4,degradacion_memoria
31,57,60.4,202.1,83.1,2346.0,2,degradacion_memoria
31,58,64.8,189.2,69.0,2345.0,2,degradacion_memoria
31,59,70.3,221.1,68.0,2358.0,8,degradacion_memoria
31,60,56.2,176.7,97.6,2419.0,6,degradacion_memoria
31,61,57.7,273.8,77.5,2466.0,7,degradacion_memoria
31,62,52.0,184.2,39.3,2446.0,8,degradacion_memoria
31,63,61.9,218.9,67.5,2361.0,7,degradacion_memoria
31,64,60.6,206.0,70.8,2308.0,6,degradacion_memoria
31,65,66.3,187.0,64.2,2363.0,5,degradacion_memoria
31,66,59.9,186.6,85.7,2354.0,6,degradacion_memoria
31,67,59.6,238.2,63.4,2314.0,6,degradacion_memoria
31,68,61.0,219.2,54.2,2403.0,3,degradacion_memoria
31,69,58.8,192.6,58.1,2380.0,6,degradacion_memoria
31,70,61.8,196.0,77.4,2400.0,6,degradacion_memoria
31,71,61.1,189.7,49.0,2409.0,4,degradacion_memoria
31,72,62.7,232.0,61.1,2407.0,7,degradacion_memoria
31,73,58.9,233.1,79.9,2377.0,3,degradacion_memoria
31,74,62.8,223.2,49.0,2446.0,4,degradacion_memoria
31,75,63.1,216.3,53.5,2360.0,6,degradacion_memoria
31,76,58.4,225.7,44.3,2354.0,6,degradacion_memoria
31,77,59.6,168.8,55.5,2371.0,3,degradacion_memoria
31,78,59.1,216.9,60.7,2402.0,1,degradacion_memoria
31,79,53.9,236.7,64.7,2407.0,4,degradacion_memoria
31,80,57.6,215.8,55.2,2366.0,3,degradacion_memoria
31,81,63.8,211.3,62.6,2367.0,3,degradacion_memoria
31,82,64.2,194.1,81.7,2432.0,5,degradacion_memoria
31,83,61.7,195.8,72.7,2328.0,4,degradacion_memoria
31,84,54.9,196.9,97.9,2490.0,6,degradacion_memoria
31,85,64.9,215.6,58.6,2368.0,7,degradacion_memoria
31,86,69.3,197.9,61.7,2372.0,2,degradacion_memoria
31,87,63.0,164.4,70.2,2395.0,8,degradacion_memoria
31,88,60.0,229.9,60.8,2401.0,7,degradacion_memoria
31,89,55.7,223.1,67.6,2354.0,8,degradacion_memoria
31,90,59.9,218.9,41.2,2394.0,4,degradacion_memoria
31,91,57.5,186.6,62.8,2343.0,3,degradacion_memoria
31,92,59.0,197.7,80.3,2356.0,5,degradacion_memoria
31,93,66.4,223.0,94.7,2316.0,4,degradacion_memoria
31,94,64.4,210.7,88.3,2386.0,2,degradacion_memoria
31,95,58.3,192.6,69.8,2373.0,8,degradacion_memoria
31,96,60.4,242.5,74.7,2299.0,3,degradacion_memoria
31,97,60.0,188.8,72.6,2353.0,5,degradacion_memoria
31,98,57.8,135.4,60.2,2379.0,7,degradacion_memoria
31,99,53.3,212.2,54.6,2414.0,10,degradacion_memoria
31,100,64.1,213.2,71.5,2329.0,6,degradacion_memoria
31,101,65.9,211.4,66.5,2368.0,5,degradacion_memoria
31,102,57.0,220.0,79.8,2336.0,5,degradacion_memoria
31,103,56.7,196.1,34.7,2409.0,4,degradacion_memoria
31,104,64.5,235.7,65.6,2353.0,4,degradacion_memoria
31,105,56.7,175.8,84.9,2401.0,2,degradacion_memoria
31,106,53.1,209.5,76.1,2366.0,1,degradacion_memoria
31,107,57.8,194.4,54.2,2312.0,3,degradacion_memoria
31,108,66.8,235.2,49.7,2377.0,8,degradacion_memoria
31,109,57.4,190.1,67.4,2333.0,2,degradacion_memoria
31,110,56.8,211.8,79.0,2425.0,5,degradacion_memoria
31,111,57.6,212.1,75.2,2453.0,2,degradacion_memoria
31,112,54.2,214.9,69.6,2406.0,8,degradacion_memoria
31,113,53.4,191.8,77.0,2354.0,3,degradacion_memoria
31,114,58.7,219.1,71.6,2381.0,5,degradacion_memoria
31,115,53.0,210.7,76.4,2392.0,6,degradacion_memoria
31,116,58.0,218.6,81.1,2423.0,10,degradacion_memoria
31,117,61.3,249.4,61.8,2372.0,5,degradacion_memoria
31,118,61.9,212.9,55.6,2396.0,4,degradacion_memoria
31,119,59.3,185.1,78.2,2313.0,8,degradacion_memoria
31,120,54.0,259.0,60.8,2390.0,4,degradacion_memoria
31,121,57.9,234.5,40.7,2346.0,7,degradacion_memoria
31,122,61.7,226.4,88.0,2382.0,3,degradacion_memoria
31,123,63.1,205.4,71.6,2338.0,4,degradacion_memoria
31,124,58.6,228.5,70.9,2396.0,7,degradacion_memoria
31,125,56.5,158.6,65.4,2406.0,6,degradacion_memoria
31,126,60.4,248.7,79.7,2371.0,8,degradacion_memoria
31,127,58.2,232.4,50.0,2345.0,8,degradacion_memoria
31,128,54.9,205.6,68.0,2403.0,5,degradacion_memoria
31,129,61.5,231.8,72.0,2442.0,4,degradacion_memoria
31,130,60.1,225.5,75.7,2457.0,5,degradacion_memoria
31,131,54.5,184.8,44.1,2396.0,7,degradacion_memoria
31,132,56.8,214.5,76.3,2391.0,3,degradacion_memoria
31,133,59.1,219.4,62.1,2327.0,2,degradacion_memoria
31,134,52.4,206.7,58.9,2433.0,7,degradacion_memoria
31,135,56.4,204.5,46.1,2287.0,5,degradacion_memoria
31,136,63.2,232.5,99.3,2428.0,3,degradacion_memoria
31,137,57.6,214.4,66.2,2381.0,3,degradacion_memoria
31,138,56.0,256.9,71.4,2283.0,6,degradacion_memoria
31,139,65.4,193.7,53.3,2393.0,4,degradacion_memoria
31,140,61.7,220.2,46.6,2374.0,3,degradacion_memoria
31,141,63.5,187.0,79.4,2362.0,7,degradacion_memoria
31,142,56.1,226.9,49.1,2369.0,7,degradacion_memoria
31,143,58.6,182.1,86.3,2379.0,9,degradacion_memoria
31,144,59.9,217.2,93.2,2379.0,5,degradacion_memoria
31,145,61.1,239.5,57.1,2321.0,7,degradacion_memoria
31,146,71.4,211.3,61.5,2396.0,7,degradacion_memoria
31,147,60.4,185.2,32.4,2365.0,3,degradacion_memoria
31,148,65.4,233.6,43.6,2443.0,4,degradacion_memoria
31,149,71.4,219.0,76.8,2414.0,9,degradacion_memoria
31,150,68.6,207.9,85.6,2419.0,6,degradacion_memoria
31,151,60.8,185.8,57.1,2454.0,5,degradacion_memoria
31,152,65.7,169.7,59.2,2409.0,6,degradacion_memoria
31,153,60.6,266.3,45.9,2374.0,5,degradacion_memoria
31,154,59.8,195.7,52.2,2278.0,5,degradacion_memoria
31,155,64.2,185.2,86.6,2390.0,7,degradacion_memoria
31,156,64.4,217.9,72.3,2449.0,6,degradacion_memoria
31,157,62.5,184.5,42.9,2416.0,6,degradacion_memoria
31,158,59.2,222.5,75.9,2360.0,5,degradacion_memoria
31,159,57.6,243.8,100.0,2382.0,5,degradacion_memoria
31,160,54.0,183.6,62.5,2358.0,4,degradacion_memoria
31,161,60.8,202.5,58.7,2392.0,4,degradacion_memoria
31,162,61.2,220.8,76.1,2360.0,2,degradacion_memoria
31,163,64.2,179.5,82.1,2438.0,7,degradacion_memoria
31,164,52.7,187.2,79.5,2385.0,4,degradacion_memoria
31,165,60.5,207.1,63.6,2390.0,4,degradacion_memoria
31,166,59.0,259.0,62.1,2347.0,2,degradacion_memoria
31,167,59.7,188.7,43.9,2363.0,6,degradacion_memoria
31,168,66.2,202.9,50.8,2334.0,6,degradacion_memoria
31,169,66.4,272.0,73.0,2437.0,5,degradacion_memoria
31,170,65.1,229.9,60.5,2359.0,7,degradacion_memoria
31,171,60.5,167.6,71.4,2386.0,2,degradacion_memoria
31,172,59.1,204.2,64.7,2318.0,7,degradacion_memoria
31,173,66.0,224.6,68.9,2331.0,4,degradacion_memoria
31,174,68.6,246.2,68.3,2370.0,4,degradacion_memoria
31,175,68.0,244.8,78.4,2368.0,7,degradacion_memoria
31,176,62.4,224.0,79.9,2390.0,5,degradacion_memoria
31,177,60.2,227.9,67.8,2460.0,8,degradacion_memoria
31,178,63.5,177.5,65.1,2299.0,3,degradacion_memoria
31,179,63.8,192.7,67.5,2419.0,6,degradacion_memoria
31,180,58.0,177.6,57.0,2400.0,2,degradacion_memoria
31,181,59.0,235.8,83.2,2355.0,6,degradacion_memoria
31,182,75.2,219.4,60.1,2363.0,8,degradacion_memoria
31,183,58.0,212.7,65.8,2425.0,4,degradacion_memoria
31,184,64.3,248.6,70.5,2378.0,4,degradacion_memoria
31,185,57.4,223.5,72.3,2367.0,12,degradacion_memoria
31,186,59.4,238.5,71.8,2338.0,6,degradacion_memoria
31,187,55.4,228.9,66.1,2347.0,7,degradacion_memoria
31,188,55.4,231.3,91.0,2331.0,6,degradacion_memoria
31,189,63.1,183.9,69.1,2415.0,5,degradacion_memoria
31,190,62.5,234.4,64.5,2349.0,7,degradacion_memoria
31,191,69.2,221.8,93.2,2332.0,4,degradacion_memoria
31,192,60.1,199.8,57.1,2387.0,2,degradacion_memoria
31,193,60.8,227.1,93.1,2347.0,2,degradacion_memoria
31,194,59.8,242.1,40.1,2442.0,6,degradacion_memoria
31,195,55.1,207.5,62.4,2382.0,6,degradacion_memoria
31,196,62.9,191.3,44.6,2388.0,5,degradacion_memoria
31,197,59.2,192.4,48.9,2388.0,3,degradacion_memoria
31,198,52.8,175.1,74.3,2403.0,6,degradacion_memoria
31,199,65.5,205.8,72.0,2408.0,8,degradacion_memoria
31,200,57.1,224.8,59.5,2381.0,10,degradacion_memoria
31,201,61.7,253.3,90.9,2339.0,3,degradacion_memoria
31,202,61.8,189.9,83.9,2374.0,4,degradacion_memoria
31,203,61.1,219.0,67.3,2382.0,5,degradacion_memoria
31,204,55.0,210.6,42.7,2315.0,3,degradacion_memoria
31,205,67.0,209.8,81.4,2296.0,5,degradacion_memoria
31,206,56.4,171.8,61.2,2331.0,5,degradacion_memoria
31,207,47.7,184.7,72.1,2302.0,5,degradacion_memoria
31,208,64.2,255.4,79.2,2361.0,5,degradacion_memoria
31,209,64.1,235.2,62.4,2349.0,12,degradacion_memoria
31,210,54.0,217.1,85.9,2384.0,4,degradacion_memoria
31,211,60.0,221.5,62.7,2408.0,7,degradacion_memoria
31,212,65.4,228.6,75.5,2392.0,3,degradacion_memoria
31,213,67.1,198.8,78.6,2397.0,8,degradacion_memoria
31,214,63.1,199.8,80.8,2418.0,4,degradacion_memoria
31,215,64.1,194.6,92.4,2367.0,6,degradacion_memoria
31,216,63.6,214.2,56.5,2276.0,2,degradacion_memoria
31,217,59.3,181.2,52.1,2310.0,7,degradacion_memoria
31,218,54.6,193.4,63.5,2400.0,4,degradacion_memoria
31,219,58.7,222.7,100.0,2388.0,4,degradacion_memoria
31,220,65.6,201.2,86.9,2408.0,3,degradacion_memoria
31,221,65.6,166.2,60.3,2494.0,5,degradacion_memoria
31,222,61.0,200.5,63.1,2389.0,5,degradacion_memoria
31,223,58.3,223.6,67.8,2376.0,6,degradacion_memoria
31,224,68.7,212.9,71.8,2394.0,5,degradacion_memoria
31,225,60.6,167.8,77.0,2332.0,7,degradacion_memoria
31,226,63.2,235.8,77.6,2410.0,1,degradacion_memoria
31,227,54.0,203.8,84.8,2373.0,3,degradacion_memoria
31,228,59.7,218.5,96.0,2447.0,6,degradacion_memoria
31,229,65.4,236.1,66.1,2316.0,5,degradacion_memoria
31,230,53.2,206.9,65.0,2380.0,5,degradacion_memoria
31,231,59.8,162.3,62.9,2355.0,3,degradacion_memoria
31,232,62.0,253.9,64.1,2337.0,10,degradacion_memoria
31,233,67.1,154.8,73.2,2405.0,4,degradacion_memoria
31,234,64.9,201.7,76.9,2367.0,2,degradacion_memoria
31,235,68.5,242.4,92.2,2433.0,6,degradacion_memoria
31,236,64.2,192.6,58.1,2359.0,4,degradacion_memoria
31,237,64.4,194.0,73.0,2364.0,5,degradacion_memoria
31,238,55.2,204.6,56.2,2461.0,4,degradacion_memoria
31,239,55.1,205.5,73.7,2326.0,8,degradacion_memoria
31,240,68.4,188.5,100.0,2349.0,2,degradacion_memoria
31,241,57.7,194.1,66.1,2256.0,5,degradacion_memoria
31,242,57.3,236.9,100.0,2362.0,5,degradacion_memoria
31,243,48.5,196.7,56.3,2408.0,2,degradacion_memoria
31,244,65.3,222.6,61.6,2396.0,8,degradacion_memoria
31,245,54.4,187.2,63.2,2386.0,4,degradacion_memoria
31,246,55.9,244.6,70.4,2345.0,4,degradacion_memoria
31,247,65.5,233.4,65.8,2372.0,6,degradacion_memoria
31,248,49.0,207.8,78.7,2364.0,2,degradacion_memoria
31,249,66.8,226.0,29.5,2380.0,5,degradacion_memoria
31,250,55.9,248.0,54.3,2387.0,8,degradacion_memoria
31,251,59.3,185.0,94.5,2366.0,5,degradacion_memoria
31,252,56.1,183.6,48.3,2381.0,6,degradacion_memoria
31,253,53.4,219.3,63.0,2376.0,3,degradacion_memoria
31,254,56.2,177.7,76.6,2353.0,6,degradacion_memoria
31,255,55.9,171.2,67.4,2383.0,7,degradacion_memoria
31,256,53.8,169.9,56.1,2329.0,5,degradacion_memoria
31,257,67.7,213.7,74.2,2387.0,2,degradacion_memoria
31,258,55.2,159.1,79.7,2336.0,7,degradacion_memoria
31,259,50.6,199.9,59.6,2379.0,9,degradacion_memoria
31,260,49.7,124.2,73.7,2399.0,5,degradacion_memoria
31,261,62.2,220.9,80.1,2343.0,6,degradacion_memoria
31,262,51.3,222.6,83.1,2421.0,4,degradacion_memoria
31,263,59.1,204.7,73.2,2452.0,3,degradacion_memoria
31,264,69.8,239.5,91.9,2354.0,8,degradacion_memoria
31,265,60.9,229.9,68.7,2374.0,4,degradacion_memoria
31,266,61.6,190.2,54.2,2428.0,2,degradacion_memoria
31,267,57.4,188.1,64.9,2308.0,6,degradacion_memoria
31,268,59.9,232.1,85.0,2381.0,5,degradacion_memoria
31,269,58.9,227.1,55.5,2368.0,6,degradacion_memoria
31,270,61.5,203.3,36.6,2416.0,4,degradacion_memoria
31,271,68.3,166.0,74.4,2370.0,3,degradacion_memoria
31,272,57.9,233.2,61.8,2398.0,9,degradacion_memoria
31,273,56.1,211.7,99.5,2347.0,8,degradacion_memoria
31,274,59.6,208.6,71.7,2418.0,10,degradacion_memoria
31,275,64.8,139.0,85.3,2335.0,4,degradacion_memoria
31,276,58.3,223.3,61.1,2415.0,7,degradacion_memoria
31,277,61.3,208.5,76.3,2383.0,6,degradacion_memoria
31,278,62.6,196.5,73.2,2286.0,8,degradacion_memoria
31,279,70.8,189.1,87.3,2383.0,2,degradacion_memoria
31,280,64.6,212.8,70.7,2404.0,8,degradacion_memoria
31,281,55.6,221.7,60.7,2331.0,4,degradacion_memoria
31,282,49.0,200.4,82.5,2346.0,7,degradacion_memoria
31,283,60.8,224.0,58.0,2384.0,5,degradacion_memoria
31,284,56.5,181.2,56.6,2360.0,3,degradacion_memoria
31,285,57.6,193.7,67.4,2393.0,4,degradacion_memoria
31,286,55.0,227.2,63.4,2372.0,0,degradacion_memoria
31,287,57.5,199.9,68.2,2327.0,4,degradacion_memoria
31,288,57.4,252.9,58.6,2473.0,3,degradacion_memoria
31,289,59.4,216.9,83.7,2366.0,8,degradacion_memoria
31,290,56.6,180.8,83.5,2385.0,6,degradacion_memoria
31,291,56.4,170.8,79.6,2451.0,7,degradacion_memoria
31,292,62.7,229.6,78.2,2415.0,4,degradacion_memoria
31,293,60.0,194.8,42.1,2402.0,5,degradacion_memoria
31,294,60.0,232.9,69.6,2422.0,6,degradacion_memoria
31,295,59.8,196.5,80.0,2402.0,7,degradacion_memoria
31,296,55.5,216.0,86.8,2402.0,5,degradacion_memoria
31,297,67.2,201.6,65.1,2403.0,9,degradacion_memoria
31,298,70.2,216.4,86.2,2373.0,5,degradacion_memoria
31,299,66.2,228.2,72.3,2423.0,8,degradacion_memoria
32,0,59.3,200.8,77.3,2428.0,5,degradacion_memoria
32,1,65.5,208.0,58.2,2379.0,1,degradacion_memoria
32,2,61.6,215.6,89.2,2338.0,5,degradacion_memoria
32,3,54.1,198.5,77.0,2392.0,6,degradacion_memoria
32,4,68.1,170.6,80.1,2409.0,2,degradacion_memoria
32,5,58.5,179.8,62.1,2290.0,6,degradacion_memoria
32,6,59.7,183.7,59.3,2351.0,2,degradacion_memoria
32,7,56.4,143.8,68.5,2381.0,10,degradacion_memoria
32,8,54.4,220.8,51.4,2361.0,7,degradacion_memoria
32,9,61.2,222.6,74.6,2385.0,1,degradacion_memoria
32,10,52.8,183.2,80.8,2355.0,5,degradacion_memoria
32,11,59.6,242.6,58.3,2417.0,4,degradacion_memoria
32,12,67.9,207.3,77.7,2382.0,6,degradacion_memoria
32,13,63.8,231.2,71.6,2308.0,6,degradacion_memoria
32,14,61.0,229.4,83.6,2409.0,0,degradacion_memoria
32,15,54.5,206.6,91.0,2412.0,3,degradacion_memoria
32,16,59.7,159.3,78.9,2379.0,8,degradacion_memoria
32,17,56.0,215.0,67.2,2306.0,4,degradacion_memoria
32,18,67.2,223.2,84.9,2416.0,6,degradacion_memoria
32,19,57.6,193.7,68.7,2339.0,3,degradacion_memoria
32,20,56.1,214.0,64.3,2366.0,3,degradacion_memoria
32,21,58.9,209.3,59.5,2357.0,7,degradacion_memoria
32,22,56.1,186.2,69.4,2322.0,3,degradacion_memoria
32,23,61.2,207.5,82.1,2380.0,3,degradacion_memoria
32,24,69.1,197.3,53.6,2388.0,9,degradacion_memoria
32,25,60.0,219.4,50.6,2385.0,7,degradacion_memoria
32,26,55.4,195.2,50.9,2372.0,3,degradacion_memoria
32,27,59.2,192.2,82.3,2350.0,9,degradacion_memoria
32,28,53.6,169.1,73.6,2439.0,4,degradacion_memoria
32,29,74.4,265.2,88.6,2387.0,4,degradacion_memoria
32,30,69.0,198.7,60.7,2343.0,6,degradacion_memoria
32,31,66.2,181.7,50.9,2398.0,8,degradacion_memoria
32,32,63.8,225.1,89.8,2395.0,10,degradacion_memoria
32,33,59.2,214.7,57.7,2405.0,4,degradacion_memoria
32,34,59.3,223.7,77.5,2379.0,3,degradacion_memoria
32,35,58.9,226.4,49.3,2355.0,10,degradacion_memoria
32,36,71.9,237.4,70.5,2325.0,3,degradacion_memoria
32,37,59.0,183.4,65.7,2359.0,7,degradacion_memoria
32,38,57.2,213.7,48.1,2314.0,4,degradacion_memoria
32,39,59.5,170.5,94.5,2392.0,5,degradacion_memoria
32,40,62.6,202.3,55.6,2316.0,2,degradacion_memoria
32,41,42.6,226.8,54.9,2366.0,2,degradacion_memoria
32,42,62.0,187.6,58.8,2409.0,11,degradacion_memoria
32,43,47.3,265.8,37.5,2370.0,5,degradacion_memoria
32,44,67.4,210.5,63.4,2378.0,2,degradacion_memoria
32,45,51.4,164.7,58.8,2398.0,6,degradacion_memoria
32,46,56.0,227.6,81.9,2401.0,4,degradacion_memoria
32,47,50.4,265.5,72.4,2422.0,3,degradacion_memoria
32,48,69.0,154.1,50.3,2403.0,6,degradacion_memoria
32,49,59.9,227.9,58.9,2394.0,7,degradacion_memoria
32,50,71.1,185.3,98.2,2302.0,3,degradacion_memoria
32,51,69.9,208.6,55.2,2390.0,7,degradacion_memoria
32,52,66.2,177.3,79.5,2446.0,8,degradacion_memoria
32,53,53.0,231.3,58.5,2406.0,10,degradacion_memoria
32,54,60.8,202.0,54.0,2419.0,6,degradacion_memoria
32,55,66.8,239.0,60.4,2353.0,6,degradacion_memoria
32,56,61.9,184.3,88.6,2377.0,6,degradacion_memoria
32,57,58.2,204.8,47.5,2403.0,5,degradacion_memoria
32,58,61.8,152.2,77.2,2398.0,6,degradacion_memoria
32,59,62.2,274.9,85.1,2412.0,4,degradacion_memoria
32,60,52.6,258.0,60.3,2335.0,4,degradacion_memoria
32,61,57.2,264.5,82.0,2348.0,2,degradacion_memoria
32,62,63.3,248.3,79.8,2328.0,7,degradacion_memoria
32,63,64.4,195.2,56.7,2390.0,5,degradacion_memoria
32,64,61.2,208.9,54.7,2373.0,5,degradacion_memoria
32,65,58.0,217.3,65.8,2372.0,7,degradacion_memoria
32,66,59.0,219.4,69.5,2353.0,4,degradacion_memoria
32,67,56.2,182.6,62.8,2346.0,6,degradacion_memoria
32,68,59.5,181.4,75.9,2380.0,2,degradacion_memoria
32,69,64.3,176.6,57.2,2424.0,4,degradacion_memoria
32,70,72.1,199.3,55.2,2443.0,5,degradacion_memoria
32,71,54.0,202.0,68.1,2443.0,5,degradacion_memoria
32,72,66.3,198.7,71.2,2361.0,3,degradacion_memoria
32,73,61.9,216.3,86.4,2333.0,2,degradacion_memoria
32,74,52.0,175.4,74.4,2415.0,6,degradacion_memoria
32,75,59.5,188.6,77.9,2431.0,7,degradacion_memoria
32,76,59.1,191.0,63.2,2397.0,8,degradacion_memoria
32,77,60.0,230.5,63.3,2379.0,2,degradacion_memoria
32,78,65.2,214.9,59.1,2355.0,7,degradacion_memoria
32,79,69.9,218.5,70.6,2404.0,3,degradacion_memoria
32,80,66.5,186.7,70.0,2403.0,7,degradacion_memoria
32,81,61.1,211.0,69.4,2391.0,5,degradacion_memoria
32,82,61.6,190.6,65.2,2336.0,5,degradacion_memoria
32,83,70.4,191.5,67.4,2340.0,5,degradacion_memoria
32,84,54.7,219.2,91.2,2376.0,6,degradacion_memoria
32,85,66.2,193.8,71.8,2422.0,5,degradacion_memoria
32,86,54.3,207.4,76.2,2416.0,6,degradacion_memoria
32,87,52.4,203.3,74.6,2364.0,5,degradacion_memoria
32,88,63.2,180.6,65.6,2307.0,8,degradacion_memoria
32,89,51.7,195.6,75.5,2433.0,2,degradacion_memoria
32,90,58.0,196.0,68.3,2430.0,2,degradacion_memoria
32,91,66.9,200.5,50.5,2385.0,3,degradacion_memoria
32,92,55.4,164.9,59.9,2363.0,8,degradacion_memoria
32,93,69.0,191.8,95.9,2368.0,8,degradacion_memoria
32,94,48.7,232.8,84.3,2417.0,5,degradacion_memoria
32,95,65.2,220.9,63.8,2401.0,5,degradacion_memoria
32,96,53.1,200.0,77.4,2363.0,7,degradacion_memoria
32,97,59.0,180.5,71.1,2468.0,11,degradacion_memoria
32,98,61.1,212.5,92.4,2319.0,3,degradacion_memoria
32,99,58.6,234.2,66.2,2356.0,3,degradacion_memoria
32,100,58.7,247.9,71.1,2357.0,2,degradacion_memoria
32,101,52.7,196.9,56.8,2384.0,6,degradacion_memoria
32,102,67.1,183.5,66.1,2425.0,1,degradacion_memoria
32,103,53.9,222.0,29.6,2413.0,6,degradacion_memoria
32,104,53.8,219.0,71.6,2385.0,1,degradacion_memoria
32,105,59.5,210.3,82.0,2327.0,6,degradacion_memoria
32,106,56.5,194.1,91.7,2418.0,5,degradacion_memoria
32,107,64.2,177.3,74.7,2335.0,8,degradacion_memoria
32,108,57.3,226.9,62.9,2364.0,7,degradacion_memoria
32,109,60.0,232.4,56.5,2377.0,2,degradacion_memoria
32,110,60.6,201.0,61.3,2348.0,4,degradacion_memoria
32,111,64.9,252.8,45.6,2347.0,3,degradacion_memoria
32,112,57.4,215.9,64.5,2415.0,2,degradacion_memoria
32,113,51.6,205.6,50.8,2438.0,6,degradacion_memoria
32,114,56.0,180.4,59.6,2377.0,7,degradacion_memoria
32,115,65.7,167.5,65.1,2309.0,5,degradacion_memoria
32,116,61.7,197.2,72.6,2391.0,6,degradacion_memoria
32,117,58.1,219.2,44.9,2352.0,6,degradacion_memoria
32,118,60.3,268.3,63.2,2394.0,7,degradacion_memoria
32,119,58.7,211.7,77.6,2392.0,6,degradacion_memoria
32,120,63.9,224.8,87.6,2305.0,4,degradacion_memoria
32,121,61.7,189.3,67.0,2364.0,5,degradacion_memoria
32,122,58.6,215.2,98.8,2405.0,8,degradacion_memoria
32,123,64.6,211.9,77.8,2376.0,3,degradacion_memoria
32,124,65.9,186.4,68.9,2336.0,3,degradacion_memoria
32,125,55.4,243.5,85.4,2406.0,7,degradacion_memoria
32,126,55.5,206.6,60.9,2313.0,1,degradacion_memoria
32,127,72.0,237.6,53.3,2389.0,6,degradacion_memoria
32,128,63.1,210.2,81.0,2358.0,5,degradacion_memoria
32,129,68.3,201.7,75.4,2397.0,1,degradacion_memoria
32,130,64.5,190.5,82.6,2371.0,6,degradacion_memoria
32,131,62.3,201.2,82.3,2399.0,3,degradacion_memoria
32,132,49.3,246.6,96.1,2434.0,5,degradacion_memoria
32,133,53.9,187.5,47.7,2408.0,2,degradacion_memoria
32,134,63.3,226.7,63.0,2407.0,7,degradacion_memoria
32,135,55.5,202.2,64.0,2403.0,4,degradacion_memoria
32,136,59.3,224.7,84.3,2311.0,6,degradacion_memoria
32,137,64.6,215.2,73.2,2383.0,4,degradacion_memoria
32,138,60.7,176.7,84.4,2391.0,4,degradacion_memoria
32,139,62.0,214.1,72.0,2402.0,3,degradacion_memoria
32,140,66.9,264.1,67.7,2377.0,5,degradacion_memoria
32,141,67.4,217.7,77.5,2409.0,9,degradacion_memoria
32,142,59.7,233.2,71.7,2342.0,6,degradacion_memoria
32,143,66.4,217.4,73.5,2460.0,2,degradacion_memoria
32,144,55.2,229.7,77.1,2402.0,9,degradacion_memoria
32,145,61.1,192.0,74.1,2343.0,8,degradacion_memoria
32,146,62.8,207.0,81.8,2434.0,8,degradacion_memoria
32,147,59.5,232.0,68.7,2335.0,2,degradacion_memoria
32,148,58.9,201.2,70.4,2380.0,4,degradacion_memoria
32,149,54.4,236.8,54.0,2385.0,5,degradacion_memoria
32,150,59.8,184.9,81.8,2364.0,7,degradacion_memoria
32,151,52.0,211.5,92.0,2375.0,10,degradacion_memoria
32,152,59.3,203.5,42.8,2383.0,9,degradacion_memoria
32,153,60.3,276.0,77.0,2337.0,8,degradacion_memoria
32,154,63.7,200.3,66.0,2391.0,4,degradacion_memoria
32,155,54.1,220.5,65.4,2380.0,5,degradacion_memoria
32,156,61.7,160.2,76.8,2458.0,8,degradacion_memoria
32,157,62.8,180.8,67.6,2439.0,3,degradacion_memoria
32,158,59.9,217.6,73.5,2351.0,2,degradacion_memoria
32,159,62.2,203.4,63.0,2374.0,4,degradacion_memoria
32,160,61.3,203.9,89.1,2352.0,5,degradacion_memoria
32,161,47.0,201.9,64.7,2370.0,4,degradacion_memoria
32,162,55.4,205.4,57.3,2414.0,4,degradacion_memoria
32,163,70.7,167.2,72.9,2376.0,7,degradacion_memoria
32,164,63.3,207.8,56.3,2360.0,4,degradacion_memoria
32,165,57.0,204.5,71.3,2404.0,5,degradacion_memoria
32,166,61.8,236.7,91.1,2303.0,3,degradacion_memoria
32,167,63.6,230.9,67.4,2365.0,5,degradacion_memoria
32,168,67.7,139.3,49.0,2435.0,3,degradacion_memoria
32,169,58.1,191.6,62.2,2437.0,4,degradacion_memoria
32,170,57.0,255.1,79.4,2432.0,1,degradacion_memoria
32,171,57.5,232.6,69.5,2331.0,2,degradacion_memoria
32,172,57.1,222.3,77.8,2330.0,5,degradacion_memoria
32,173,57.0,197.4,59.1,2360.0,4,degradacion_memoria
32,174,60.9,228.5,62.2,2381.0,4,degradacion_memoria
32,175,57.9,172.1,76.9,2351.0,5,degradacion_memoria
32,176,59.7,195.9,90.6,2313.0,7,degradacion_memoria
32,177,69.4,218.6,62.6,2417.0,5,degradacion_memoria
32,178,55.2,225.2,68.5,2410.0,3,degradacion_memoria
32,179,61.7,215.4,83.4,2356.0,3,degradacion_memoria
32,180,54.3,219.8,69.8,2408.0,4,degradacion_memoria
32,181,64.6,214.1,76.9,2418.0,9,degradacion_memoria
32,182,65.6,202.1,57.6,2285.0,8,degradacion_memoria
32,183,55.7,243.5,68.0,2406.0,3,degradacion_memoria
32,184,56.5,256.3,59.3,2378.0,6,degradacion_memoria
32,185,63.3,208.7,44.4,2279.0,5,degradacion_memoria
32,186,58.6,180.6,55.6,2421.0,2,degradacion_memoria
32,187,67.1,204.1,74.3,2383.0,4,degradacion_memoria
32,188,54.0,212.2,75.7,2316.0,6,degradacion_memoria
32,189,65.4,154.8,78.8,2396.0,5,degradacion_memoria
32,190,71.2,243.5,75.1,2387.0,3,degradacion_memoria
32,191,62.0,194.0,64.9,2402.0,5,degradacion_memoria
32,192,56.8,189.3,42.3,2303.0,5,degradacion_memoria
32,193,56.1,201.5,52.0,2368.0,2,degradacion_memoria
32,194,59.2,198.2,83.5,2341.0,5,degradacion_memoria
32,195,63.4,211.4,56.2,2373.0,2,degradacion_memoria
32,196,52.5,229.7,67.0,2312.0,6,degradacion_memoria
32,197,58.5,241.9,68.9,2335.0,6,degradacion_memoria
32,198,60.7,229.8,48.6,2442.0,4,degradacion_memoria
32,199,67.8,186.4,72.7,2426.0,3,degradacion_memoria
32,200,69.3,207.3,89.4,2419.0,5,degradacion_memoria
32,201,59.3,212.6,67.7,2439.0,6,degradacion_memoria
32,202,54.5,217.7,64.2,2305.0,3,degradacion_memoria
32,203,60.7,222.2,51.8,2378.0,5,degradacion_memoria
32,204,60.9,211.9,64.2,2390.0,6,degradacion_memoria
32,205,65.9,207.8,75.6,2365.0,3,degradacion_memoria
32,206,57.8,232.8,67.9,2306.0,6,degradacion_memoria
32,207,55.1,206.7,61.8,2415.0,4,degradacion_memoria
32,208,59.9,233.9,82.1,2405.0,5,degradacion_memoria
32,209,58.3,230.3,64.3,2355.0,7,degradacion_memoria
32,210,58.2,246.3,62.0,2414.0,5,degradacion_memoria
32,211,55.7,215.4,70.0,2385.0,9,degradacion_memoria
32,212,53.7,246.1,86.3,2405.0,4,degradacion_memoria
32,213,63.1,202.4,65.8,2343.0,8,degradacion_memoria
32,214,61.3,218.6,55.6,2390.0,2,degradacion_memoria
32,215,56.0,229.1,75.6,2390.0,5,degradacion_memoria
32,216,64.1,184.7,63.4,2371.0,9,degradacion_memoria
32,217,50.8,200.2,75.8,2273.0,4,degradacion_memoria
32,218,58.0,193.3,39.3,2387.0,10,degradacion_memoria
32,219,61.1,208.6,68.5,2390.0,7,degradacion_memoria
32,220,65.5,196.7,64.5,2342.0,3,degradacion_memoria
32,221,57.2,212.7,54.6,2403.0,4,degradacion_memoria
32,222,65.6,208.1,51.0,2390.0,3,degradacion_memoria
32,223,56.7,203.0,64.1,2396.0,8,degradacion_memoria
32,224,64.1,213.8,53.0,2365.0,2,degradacion_memoria
32,225,68.4,192.9,26.5,2312.0,6,degradacion_memoria
32,226,55.0,188.4,51.5,2313.0,5,degradacion_memoria
32,227,60.8,180.2,50.9,2407.0,13,degradacion_memoria
32,228,62.7,165.3,68.4,2336.0,6,degradacion_memoria
32,229,53.8,193.0,51.4,2348.0,5,degradacion_memoria
32,230,62.2,223.5,68.0,2414.0,6,degradacion_memoria
32,231,57.2,205.1,54.7,2295.0,3,degradacion_memoria
32,232,55.8,210.3,79.0,2316.0,2,degradacion_memoria
32,233,57.9,199.9,73.2,2412.0,5,degradacion_memoria
32,234,57.5,258.3,63.8,2383.0,5,degradacion_memoria
32,235,64.0,214.1,70.0,2300.0,3,degradacion_memoria
32,236,60.0,195.8,76.0,2362.0,6,degradacion_memoria
32,237,71.6,183.6,68.9,2387.0,9,degradacion_memoria
32,238,57.3,252.8,70.0,2336.0,4,degradacion_memoria
32,239,62.4,175.0,38.5,2322.0,2,degradacion_memoria
32,240,59.2,190.1,60.7,2312.0,2,degradacion_memoria
32,241,53.6,190.1,57.1,2414.0,2,degradacion_memoria
32,242,68.0,209.1,82.7,2422.0,4,degradacion_memoria
32,243,60.6,218.9,62.5,2410.0,10,degradacion_memoria
32,244,56.1,211.7,58.6,2429.0,6,degradacion_memoria
32,245,62.0,200.9,76.1,2431.0,5,degradacion_memoria
32,246,65.2,175.1,46.7,2319.0,1,degradacion_memoria
32,247,55.8,256.4,66.8,2420.0,3,degradacion_memoria
32,248,60.3,216.6,40.3,2384.0,3,degradacion_memoria
32,249,65.2,224.2,57.9,2456.0,9,degradacion_memoria
32,250,60.8,193.1,61.5,2515.0,6,degradacion_memoria
32,251,62.8,202.6,88.4,2372.0,5,degradacion_memoria
32,252,58.7,239.3,65.9,2368.0,6,degradacion_memoria
32,253,52.1,154.9,55.5,2365.0,3,degradacion_memoria
32,254,58.7,229.1,66.1,2383.0,5,degradacion_memoria
32,255,57.2,203.8,88.2,2389.0,6,degradacion_memoria
32,256,59.5,220.4,39.2,2486.0,3,degradacion_memoria
32,257,57.3,251.6,78.8,2386.0,7,degradacion_memoria
32,258,60.9,198.1,73.3,2363.0,8,degradacion_memoria
32,259,58.3,142.4,66.4,2381.0,3,degradacion_memoria
32,260,64.0,182.7,63.7,2347.0,6,degradacion_memoria
32,261,63.1,210.3,88.1,2313.0,9,degradacion_memoria
32,262,55.4,251.2,78.1,2374.0,4,degradacion_memoria
32,263,66.3,200.3,53.5,2473.0,7,degradacion_memoria
32,264,56.4,248.7,68.3,2416.0,5,degradacion_memoria
32,265,54.4,151.9,85.4,2361.0,5,degradacion_memoria
32,266,65.3,197.4,75.5,2394.0,9,degradacion_memoria
32,267,57.0,235.9,71.7,2481.0,3,degradacion_memoria
32,268,60.5,233.6,49.8,2388.0,4,degradacion_memoria
32,269,53.6,161.1,100.0,2344.0,9,degradacion_memoria
32,270,58.2,189.0,78.1,2383.0,3,degradacion_memoria
32,271,59.4,206.5,93.0,2406.0,5,degradacion_memoria
32,272,58.0,193.4,72.2,2397.0,8,degradacion_memoria
32,273,57.4,239.2,67.7,2438.0,5,degradacion_memoria
32,274,60.2,210.3,59.0,2384.0,8,degradacion_memoria
32,275,65.0,173.9,81.7,2286.0,2,degradacion_memoria
32,276,55.3,221.5,89.0,2399.0,2,degradacion_memoria
32,277,47.4,222.8,82.6,2396.0,2,degradacion_memoria
32,278,66.2,181.3,99.6,2394.0,4,degradacion_memoria
32,279,56.7,187.7,69.8,2346.0,6,degradacion_memoria
32,280,57.1,192.2,59.3,2460.0,10,degradacion_memoria
32,281,57.3,244.2,71.6,2337.0,6,degradacion_memoria
32,282,53.4,207.8,79.3,2341.0,3,degradacion_memoria
32,283,58.0,154.8,64.3,2371.0,3,degradacion_memoria
32,284,58.6,179.9,67.4,2433.0,4,degradacion_memoria
32,285,62.2,227.9,71.0,2435.0,4,degradacion_memoria
32,286,57.3,199.8,74.9,2406.0,7,degradacion_memoria
32,287,47.8,179.3,69.9,2416.0,5,degradacion_memoria
32,288,53.3,200.5,71.0,2328.0,6,degradacion_memoria
32,289,65.6,234.5,76.9,2312.0,3,degradacion_memoria
32,290,55.8,264.4,78.8,2365.0,5,degradacion_memoria
32,291,62.7,208.6,61.1,2415.0,8,degradacion_memoria
32,292,56.4,222.2,42.3,2416.0,5,degradacion_memoria
32,293,64.1,207.5,53.5,2345.0,4,degradacion_memoria
32,294,60.5,215.5,74.5,2341.0,2,degradacion_memoria
32,295,52.7,186.9,57.8,2427.0,6,degradacion_memoria
32,296,54.1,246.1,71.7,2388.0,3,degradacion_memoria
32,297,52.6,198.5,67.2,2297.0,4,degradacion_memoria
32,298,64.6,182.5,68.9,2335.0,6,degradacion_memoria
32,299,53.7,190.8,74.9,2399.0,5,degradacion_memoria
33,0,53.0,180.6,81.9,2360.0,3,degradacion_memoria
33,1,58.2,211.0,56.5,2304.0,4,degradacion_memoria
33,2,65.3,204.2,78.8,2316.0,3,degradacion_memoria
33,3,54.7,199.3,56.8,2436.0,0,degradacion_memoria
33,4,62.4,195.7,66.8,2377.0,5,degradacion_memoria
33,5,56.8,214.0,72.5,2322.0,7,degradacion_memoria
33,6,67.4,228.0,97.5,2327.0,9,degradacion_memoria
33,7,67.2,247.2,71.8,2389.0,6,degradacion_memoria
33,8,58.3,202.9,47.3,2385.0,6,degradacion_memoria
33,9,46.4,200.8,78.4,2446.0,8,degradacion_memoria
33,10,63.3,139.5,83.9,2377.0,6,degradacion_memoria
33,11,65.8,246.6,80.4,2395.0,7,degradacion_memoria
33,12,63.3,176.0,54.1,2378.0,11,degradacion_memoria
33,13,62.7,222.0,69.7,2413.0,3,degradacion_memoria
33,14,62.0,217.3,67.7,2450.0,5,degradacion_memoria
33,15,59.0,234.8,92.8,2418.0,4,degradacion_memoria
33,16,56.9,188.0,76.6,2459.0,4,degradacion_memoria
33,17,60.9,224.4,92.0,2402.0,4,degradacion_memoria
33,18,59.5,250.7,58.1,2317.0,7,degradacion_memoria
33,19,64.1,215.8,65.0,2347.0,6,degradacion_memoria
33,20,56.4,188.1,60.5,2413.0,8,degradacion_memoria
33,21,58.4,173.3,81.7,2370.0,5,degradacion_memoria
33,22,61.0,247.2,84.0,2380.0,10,degradacion_memoria
33,23,56.8,199.0,73.5,2348.0,4,degradacion_memoria
33,24,53.6,204.0,69.3,2438.0,8,degradacion_memoria
33,25,63.7,273.2,73.8,2441.0,7,degradacion_memoria
33,26,54.0,233.1,48.6,2371.0,5,degradacion_memoria
33,27,61.5,238.6,62.2,2371.0,5,degradacion_memoria
33,28,63.2,251.0,63.4,2431.0,6,degradacion_memoria
33,29,67.6,171.0,67.8,2422.0,8,degradacion_memoria
33,30,72.0,248.4,58.9,2315.0,3,degradacion_memoria
33,31,67.1,251.8,56.1,2407.0,5,degradacion_memoria
33,32,57.0,198.8,45.6,2400.0,7,degradacion_memoria
33,33,59.0,228.8,74.0,2387.0,5,degradacion_memoria
33,34,62.0,234.2,48.8,2345.0,0,degradacion_memoria
33,35,60.2,192.3,82.0,2346.0,5,degradacion_memoria
33,36,61.3,232.9,72.5,2256.0,5,degradacion_memoria
33,37,66.7,194.1,80.4,2354.0,6,degradacion_memoria
33,38,61.1,274.8,55.5,2301.0,5,degradacion_memoria
33,39,65.1,214.0,94.1,2358.0,2,degradacion_memoria
33,40,54.8,224.2,99.1,2396.0,7,degradacion_memoria
33,41,62.9,169.3,68.4,2333.0,8,degradacion_memoria
33,42,52.1,219.9,73.5,2433.0,7,degradacion_memoria
33,43,66.1,240.5,67.8,2458.0,6,degradacion_memoria
33,44,59.5,187.6,82.1,2389.0,6,degradacion_memoria
33,45,53.6,196.9,79.1,2404.0,5,degradacion_memoria
33,46,59.1,192.2,43.1,2315.0,5,degradacion_memoria
33,47,62.8,181.1,56.4,2387.0,3,degradacion_memoria
33,48,54.3,177.6,73.5,2324.0,3,degradacion_memoria
33,49,56.1,235.7,78.8,2311.0,5,degradacion_memoria
33,50,58.5,178.4,70.1,2329.0,6,degradacion_memoria
33,51,64.6,165.4,44.2,2374.0,5,degradacion_memoria
33,52,50.4,196.7,75.8,2378.0,3,degradacion_memoria
33,53,62.7,211.3,93.5,2377.0,9,degradacion_memoria
33,54,59.2,224.5,35.9,2333.0,8,degradacion_memoria
33,55,65.8,187.8,81.2,2384.0,6,degradacion_memoria
33,56,62.5,195.3,93.6,2352.0,4,degradacion_memoria
33,57,67.2,223.5,81.2,2385.0,7,degradacion_memoria
33,58,62.5,232.6,66.9,2371.0,3,degradacion_memoria
33,59,54.4,241.1,80.6,2308.0,4,degradacion_memoria
33,60,62.6,222.0,66.8,2353.0,2,degradacion_memoria
33,61,62.9,168.6,75.6,2402.0,4,degradacion_memoria
33,62,57.0,188.1,69.2,2414.0,4,degradacion_memoria
33,63,57.7,241.3,69.6,2331.0,5,degradacion_memoria
33,64,48.4,254.3,57.3,2349.0,4,degradacion_memoria
33,65,64.1,207.8,61.5,2362.0,2,degradacion_memoria
33,66,59.7,205.6,90.7,2427.0,5,degradacion_memoria
33,67,57.5,185.0,59.3,2399.0,5,degradacion_memoria
33,68,55.3,245.5,40.6,2329.0,2,degradacion_memoria
33,69,57.9,183.5,100.0,2400.0,3,degradacion_memoria
33,70,62.5,259.0,61.9,2431.0,9,degradacion_memoria
33,71,61.2,208.0,64.2,2389.0,6,degradacion_memoria
33,72,58.7,188.5,62.4,2349.0,8,degradacion_memoria
33,73,54.2,165.4,68.2,2414.0,3,degradacion_memoria
33,74,58.6,203.2,57.4,2387.0,7,degradacion_memoria
33,75,56.1,206.8,88.9,2370.0,3,degradacion_memoria
33,76,59.2,202.0,65.2,2416.0,8,degradacion_memoria
33,77,63.4,210.1,53.4,2380.0,5,degradacion_memoria
33,78,57.6,244.6,27.8,2383.0,9,degradacion_memoria
33,79,68.6,225.5,83.3,2414.0,3,degradacion_memoria
33,80,57.4,214.9,61.8,2360.0,6,degradacion_memoria
33,81,51.7,238.5,73.3,2334.0,4,degradacion_memoria
33,82,59.1,187.1,55.0,2393.0,2,degradacion_memoria
33,83,57.2,227.8,69.3,2442.0,2,degradacion_memoria
33,84,77.3,227.4,67.6,2289.0,2,degradacion_memoria
33,85,57.9,247.5,80.9,2409.0,3,degradacion_memoria
33,86,52.6,175.7,70.3,2381.0,6,degradacion_memoria
33,87,60.2,188.3,52.3,2359.0,3,degradacion_memoria
33,88,59.2,189.7,100.0,2354.0,6,degradacion_memoria
33,89,54.2,222.0,74.1,2416.0,4,degradacion_memoria
33,90,61.8,215.6,54.8,2407.0,3,degradacion_memoria
33,91,62.8,224.2,70.6,2339.0,6,degradacion_memoria
33,92,60.4,157.3,73.5,2392.0,7,degradacion_memoria
33,93,58.7,246.8,74.8,2435.0,8,degradacion_memoria
33,94,58.2,215.9,73.1,2408.0,6,degradacion_memoria
33,95,56.9,223.8,71.4,2313.0,3,degradacion_memoria
33,96,53.6,219.3,80.8,2406.0,5,degradacion_memoria
33,97,67.4,194.3,78.2,2330.0,6,degradacion_memoria
33,98,72.2,223.0,78.5,2389.0,2,degradacion_memoria
33,99,54.9,211.9,43.1,2350.0,1,degradacion_memoria
33,100,57.0,211.6,43.7,2396.0,1,degradacion_memoria
33,101,54.6,222.3,56.9,2353.0,8,degradacion_memoria
33,102,64.5,207.4,64.5,2338.0,4,degradacion_memoria
33,103,54.9,176.0,57.4,2393.0,11,degradacion_memoria
33,104,63.5,205.5,53.8,2385.0,5,degradacion_memoria
33,105,62.1,250.6,71.3,2413.0,8,degradacion_memoria
33,106,59.2,196.2,55.8,2359.0,2,degradacion_memoria
33,107,66.8,212.4,34.4,2319.0,6,degradacion_memoria
33,108,58.3,230.9,49.0,2407.0,5,degradacion_memoria
33,109,60.0,263.0,59.5,2438.0,3,degradacion_memoria
33,110,53.9,203.6,64.4,2357.0,7,degradacion_memoria
33,111,47.8,179.3,80.6,2399.0,2,degradacion_memoria
33,112,65.3,226.8,74.1,2368.0,4,degradacion_memoria
33,113,56.9,189.7,39.9,2457.0,3,degradacion_memoria
33,114,65.8,217.4,88.3,2359.0,6,degradacion_memoria
33,115,58.2,225.2,65.2,2378.0,6,degradacion_memoria
33,116,59.5,198.0,69.0,2299.0,1,degradacion_memoria
33,117,61.0,203.2,69.7,2443.0,6,degradacion_memoria
33,118,57.3,230.5,56.1,2359.0,3,degradacion_memoria
33,119,51.9,237.3,75.9,2432.0,6,degradacion_memoria
33,120,55.6,211.1,40.7,2353.0,5,degradacion_memoria
33,121,55.2,214.2,86.8,2377.0,7,degradacion_memoria
33,122,59.8,181.9,70.6,2349.0,4,degradacion_memoria
33,123,65.6,213.0,73.1,2343.0,2,degradacion_memoria
33,124,56.4,200.2,75.4,2368.0,9,degradacion_memoria
33,125,59.5,212.0,61.8,2374.0,3,degradacion_memoria
33,126,61.2,245.5,85.8,2365.0,4,degradacion_memoria
33,127,56.0,181.8,57.8,2319.0,6,degradacion_memoria
33,128,61.9,239.4,54.0,2391.0,4,degradacion_memoria
33,129,65.5,214.9,70.1,2302.0,7,degradacion_memoria
33,130,62.0,209.3,48.7,2366.0,4,degradacion_memoria
33,131,59.7,188.3,60.1,2317.0,4,degradacion_memoria
33,132,55.8,217.0,71.7,2416.0,6,degradacion_memoria
33,133,59.4,264.3,78.3,2429.0,1,degradacion_memoria
33,134,56.2,146.3,67.5,2404.0,8,degradacion_memoria
33,135,57.1,161.1,55.3,2361.0,4,degradacion_memoria
33,136,59.4,205.6,63.3,2350.0,11,degradacion_memoria
33,137,59.0,218.2,58.6,2370.0,2,degradacion_memoria
33,138,65.2,233.5,66.6,2378.0,5,degradacion_memoria
33,139,57.1,221.3,59.3,2399.0,3,degradacion_memoria
33,140,61.9,169.1,54.3,2396.0,5,degradacion_memoria
33,141,57.7,225.4,52.6,2298.0,3,degradacion_memoria
33,142,55.4,205.7,42.3,2406.0,3,degradacion_memoria
33,143,63.0,232.1,83.1,2395.0,2,degradacion_memoria
33,144,62.1,192.1,78.0,2349.0,4,degradacion_memoria
33,145,57.0,171.7,50.8,2341.0,7,degradacion_memoria
33,146,44.4,198.7,77.1,2382.0,7,degradacion_memoria
33,147,65.6,222.3,68.6,2387.0,5,degradacion_memoria
33,148,63.9,219.6,49.9,2336.0,9,degradacion_memoria
33,149,65.8,210.4,53.3,2382.0,4,degradacion_memoria
33,150,66.0,194.7,65.9,2387.0,6,degradacion_memoria
33,151,60.1,206.7,78.4,2414.0,3,degradacion_memoria
33,152,57.9,247.0,76.3,2376.0,6,degradacion_memoria
33,153,51.0,273.8,60.5,2299.0,9,degradacion_memoria
33,154,60.7,220.6,74.4,2390.0,10,degradacion_memoria
33,155,57.8,235.6,65.7,2312.0,7,degradacion_memoria
33,156,56.1,191.8,57.7,2346.0,2,degradacion_memoria
33,157,53.2,243.8,81.4,2326.0,6,degradacion_memoria
33,158,54.8,201.3,70.2,2400.0,8,degradacion_memoria
33,159,53.3,178.3,75.2,2337.0,6,degradacion_memoria
33,160,65.0,238.8,52.6,2420.0,3,degradacion_memoria
33,161,65.6,212.2,60.7,2334.0,7,degradacion_memoria
33,162,56.3,244.8,79.5,2299.0,2,degradacion_memoria
33,163,66.1,230.7,64.1,2366.0,5,degradacion_memoria
33,164,60.5,177.7,64.9,2327.0,3,degradacion_memoria
33,165,67.3,214.6,53.1,2433.0,3,degradacion_memoria
33,166,63.0,187.6,70.8,2353.0,4,degradacion_memoria
33,167,63.2,241.6,52.9,2426.0,5,degradacion_memoria
33,168,61.2,212.2,73.1,2368.0,6,degradacion_memoria
33,169,56.4,193.5,54.1,2394.0,7,degradacion_memoria
33,170,53.4,159.2,65.1,2359.0,0,degradacion_memoria
33,171,61.0,239.2,90.1,2475.0,6,degradacion_memoria
33,172,59.5,201.4,73.1,2334.0,4,degradacion_memoria
33,173,73.0,203.5,63.1,2258.0,8,degradacion_memoria
33,174,63.7,222.1,80.0,2390.0,6,degradacion_memoria
33,175,55.8,187.9,57.9,2339.0,4,degradacion_memoria
33,176,59.6,172.0,54.2,2388.0,6,degradacion_memoria
33,177,58.2,214.8,62.9,2377.0,3,degradacion_memoria
33,178,59.8,186.7,83.4,2359.0,3,degradacion_memoria
33,179,53.4,208.1,82.6,2364.0,3,degradacion_memoria
33,180,64.5,188.4,61.0,2396.0,5,degradacion_memoria
33,181,58.0,176.0,64.0,2366.0,6,degradacion_memoria
33,182,63.3,169.0,73.9,2374.0,5,degradacion_memoria
33,183,57.0,212.5,100.0,2360.0,7,degradacion_memoria
33,184,58.0,237.4,64.7,2445.0,5,degradacion_memoria
33,185,63.0,234.4,87.4,2432.0,6,degradacion_memoria
33,186,49.6,210.6,71.5,2321.0,2,degradacion_memoria
33,187,64.9,245.6,79.9,2380.0,1,degradacion_memoria
33,188,67.3,196.6,82.2,2347.0,5,degradacion_memoria
33,189,67.3,230.5,70.5,2330.0,11,degradacion_memoria
33,190,56.5,197.7,67.6,2252.0,6,degradacion_memoria
33,191,61.5,191.9,65.1,2367.0,6,degradacion_memoria
33,192,57.8,230.2,72.9,2370.0,3,degradacion_memoria
33,193,52.6,220.8,84.6,2434.0,4,degradacion_memoria
33,194,60.4,225.7,86.5,2422.0,2,degradacion_memoria
33,195,52.7,172.8,84.9,2400.0,10,degradacion_memoria
33,196,63.0,235.7,61.5,2410.0,5,degradacion_memoria
33,197,64.1,226.9,60.0,2414.0,9,degradacion_memoria
33,198,66.5,199.9,56.4,2400.0,4,degradacion_memoria
33,199,62.6,224.6,70.2,2435.0,10,degradacion_memoria
33,200,57.9,237.4,81.1,2329.0,7,degradacion_memoria
33,201,59.1,191.6,60.1,2361.0,3,degradacion_memoria
33,202,60.6,191.8,65.4,2355.0,5,degradacion_memoria
33,203,67.3,202.8,77.1,2358.0,9,degradacion_memoria
33,204,67.4,154.5,63.5,2374.0,8,degradacion_memoria
33,205,59.6,218.3,65.3,2445.0,10,degradacion_memoria
33,206,64.9,232.8,83.6,2416.0,6,degradacion_memoria
33,207,57.4,224.3,68.3,2429.0,3,degradacion_memoria
33,208,62.2,222.0,57.9,2377.0,4,degradacion_memoria
33,209,58.3,235.6,69.3,2375.0,5,degradacion_memoria
33,210,61.2,207.5,74.1,2403.0,8,degradacion_memoria
33,211,55.9,170.7,100.0,2397.0,3,degradacion_memoria
33,212,52.9,213.2,89.3,2397.0,1,degradacion_memoria
33,213,53.8,242.5,100.0,2473.0,3,degradacion_memoria
33,214,62.9,219.0,53.1,2403.0,8,degradacion_memoria
33,215,54.4,200.7,87.5,2349.0,7,degradacion_memoria
33,216,58.3,229.6,89.7,2352.0,4,degradacion_memoria
33,217,64.5,219.7,68.4,2414.0,5,degradacion_memoria
33,218,65.6,204.6,62.5,2411.0,7,degradacion_memoria
33,219,55.1,213.0,78.3,2419.0,11,degradacion_memoria
33,220,48.0,202.1,63.4,2401.0,4,degradacion_memoria
33,221,56.0,225.4,52.0,2338.0,5,degradacion_memoria
33,222,61.0,187.5,48.2,2441.0,6,degradacion_memoria
33,223,63.4,218.2,47.0,2434.0,5,degradacion_memoria
33,224,54.1,231.7,71.3,2365.0,5,degradacion_memoria
33,225,51.2,215.9,77.4,2395.0,1,degradacion_memoria
33,226,55.5,216.2,54.4,2387.0,3,degradacion_memoria
33,227,57.4,211.8,74.8,2365.0,3,degradacion_memoria
33,228,70.4,223.4,74.7,2334.0,7,degradacion_memoria
33,229,60.5,201.0,72.9,2403.0,2,degradacion_memoria
33,230,63.2,206.7,77.5,2320.0,7,degradacion_memoria
33,231,65.5,187.5,71.0,2356.0,2,degradacion_memoria
33,232,57.8,203.3,86.7,2448.0,6,degradacion_memoria
33,233,60.5,159.9,76.7,2397.0,5,degradacion_memoria
33,234,61.3,210.7,50.4,2395.0,3,degradacion_memoria
33,235,63.0,225.4,93.8,2368.0,4,degradacion_memoria
33,236,59.4,208.3,54.5,2318.0,5,degradacion_memoria
33,237,65.2,233.0,67.8,2397.0,4,degradacion_memoria
33,238,65.5,243.4,100.0,2400.0,5,degradacion_memoria
33,239,58.6,209.6,74.9,2412.0,5,degradacion_memoria
33,240,63.8,185.1,56.5,2364.0,5,degradacion_memoria
33,241,61.9,237.3,72.7,2364.0,3,degradacion_memoria
33,242,73.3,232.2,75.3,2403.0,3,degradacion_memoria
33,243,64.5,221.2,70.8,2330.0,6,degradacion_memoria
33,244,61.9,196.9,60.9,2413.0,6,degradacion_memoria
33,245,57.2,219.4,50.1,2374.0,6,degradacion_memoria
33,246,54.8,202.2,51.7,2392.0,7,degradacion_memoria
33,247,62.6,191.7,57.1,2472.0,4,degradacion_memoria
33,248,51.5,219.0,86.1,2369.0,4,degradacion_memoria
33,249,68.1,185.7,50.9,2386.0,5,degradacion_memoria
33,250,49.7,228.9,70.2,2381.0,4,degradacion_memoria
33,251,54.9,217.0,87.6,2301.0,4,degradacion_memoria
33,252,65.0,207.2,77.1,2404.0,2,degradacion_memoria
33,253,59.8,209.0,87.9,2286.0,2,degradacion_memoria
33,254,60.9,183.2,59.8,2410.0,5,degradacion_memoria
33,255,56.6,184.7,76.8,2352.0,8,degradacion_memoria
33,256,59.4,253.3,84.1,2350.0,10,degradacion_memoria
33,257,63.4,206.2,81.2,2378.0,4,degradacion_memoria
33,258,55.8,174.4,80.5,2327.0,10,degradacion_memoria
33,259,58.7,233.0,51.3,2376.0,4,degradacion_memoria
33,260,60.0,184.4,77.3,2336.0,6,degradacion_memoria
33,261,58.6,224.4,74.8,2328.0,3,degradacion_memoria
33,262,63.8,246.9,65.9,2371.0,8,degradacion_memoria
33,263,62.3,204.6,59.5,2429.0,2,degradacion_memoria
33,264,59.5,238.9,74.3,2409.0,5,degradacion_memoria
33,265,51.5,228.3,54.2,2358.0,7,degradacion_memoria
33,266,65.9,249.3,62.0,2373.0,4,degradacion_memoria
33,267,55.4,224.5,81.2,2358.0,4,degradacion_memoria
33,268,68.9,196.8,82.6,2332.0,4,degradacion_memoria
33,269,55.8,157.9,74.7,2338.0,8,degradacion_memoria
33,270,61.3,190.2,61.6,2391.0,3,degradacion_memoria
33,271,63.2,197.4,52.4,2351.0,2,degradacion_memoria
33,272,59.0,234.8,57.1,2378.0,2,degradacion_memoria
33,273,61.6,240.4,86.0,2339.0,3,degradacion_memoria
33,274,58.6,182.6,70.7,2412.0,6,degradacion_memoria
33,275,69.4,240.6,66.6,2406.0,6,degradacion_memoria
33,276,61.0,190.7,70.3,2442.0,6,degradacion_memoria
33,277,59.4,189.2,77.6,2434.0,8,degradacion_memoria
33,278,61.2,175.4,53.6,2343.0,3,degradacion_memoria
33,279,65.7,218.4,61.2,2346.0,5,degradacion_memoria
33,280,62.0,195.4,77.0,2394.0,4,degradacion_memoria
33,281,60.9,242.8,71.4,2345.0,10,degradacion_memoria
33,282,52.8,187.3,83.5,2389.0,6,degradacion_memoria
33,283,65.8,228.3,78.5,2366.0,4,degradacion_memoria
33,284,61.8,179.7,57.2,2417.0,6,degradacion_memoria
33,285,57.8,235.8,21.3,2418.0,5,degradacion_memoria
33,286,61.6,212.9,70.9,2368.0,5,degradacion_memoria
33,287,67.0,217.3,53.4,2307.0,4,degradacion_memoria
33,288,63.6,201.0,75.1,2420.0,7,degradacion_memoria
33,289,69.8,199.6,90.3,2356.0,5,degradacion_memoria
33,290,64.4,222.4,53.6,2379.0,8,degradacion_memoria
33,291,50.4,255.2,77.1,2375.0,5,degradacion_memoria
33,292,66.3,183.8,80.2,2395.0,4,degradacion_memoria
33,293,51.3,201.5,72.8,2355.0,4,degradacion_memoria
33,294,66.8,194.7,72.6,2335.0,3,degradacion_memoria
33,295,64.4,172.2,38.9,2386.0,6,degradacion_memoria
33,296,68.4,171.9,68.9,2413.0,7,degradacion_memoria
33,297,62.2,191.7,67.9,2375.0,3,degradacion_memoria
33,298,61.4,200.1,82.7,2375.0,5,degradacion_memoria
33,299,66.2,245.4,81.4,2333.0,3,degradacion_memoria
34,0,59.0,227.7,50.4,2434.0,3,degradacion_memoria
34,1,62.7,165.3,72.8,2371.0,3,degradacion_memoria
34,2,49.7,185.9,68.5,2378.0,3,degradacion_memoria
34,3,66.7,217.8,80.8,2436.0,2,degradacion_memoria
34,4,59.7,186.5,76.7,2364.0,6,degradacion_memoria
34,5,45.9,240.5,79.6,2358.0,5,degradacion_memoria
34,6,60.8,208.4,74.9,2374.0,4,degradacion_memoria
34,7,57.8,222.2,84.3,2454.0,4,degradacion_memoria
34,8,54.8,242.4,47.1,2413.0,2,degradacion_memoria
34,9,69.8,179.6,47.6,2403.0,7,degradacion_memoria
34,10,64.2,221.6,67.7,2403.0,3,degradacion_memoria
34,11,59.2,213.4,69.2,2337.0,5,degradacion_memoria
34,12,60.3,214.1,53.7,2404.0,3,degradacion_memoria
34,13,61.3,204.4,75.8,2365.0,5,degradacion_memoria
34,14,51.9,214.0,49.7,2374.0,5,degradacion_memoria
34,15,73.1,136.9,64.2,2372.0,5,degradacion_memoria
34,16,60.2,241.1,67.7,2420.0,6,degradacion_memoria
34,17,69.0,176.6,76.0,2456.0,3,degradacion_memoria
34,18,55.8,254.4,60.9,2346.0,2,degradacion_memoria
34,19,62.9,186.3,85.0,2425.0,3,degradacion_memoria
34,20,54.1,185.2,91.5,2377.0,5,degradacion_memoria
34,21,45.6,220.1,89.5,2414.0,7,degradacion_memoria
34,22,64.5,216.8,93.3,2396.0,4,degradacion_memoria
34,23,61.0,221.3,82.9,2360.0,9,degradacion_memoria
34,24,57.3,219.0,76.6,2359.0,5,degradacion_memoria
34,25,43.1,206.5,57.5,2376.0,1,degradacion_memoria
34,26,57.6,200.8,60.1,2399.0,10,degradacion_memoria
34,27,61.4,224.6,81.3,2404.0,5,degradacion_memoria
34,28,54.6,192.7,43.1,2503.0,7,degradacion_memoria
34,29,60.7,213.0,86.5,2406.0,3,degradacion_memoria
34,30,56.8,167.6,59.5,2333.0,8,degradacion_memoria
34,31,54.0,216.4,60.5,2435.0,3,degradacion_memoria
34,32,59.3,212.5,78.9,2408.0,3,degradacion_memoria
34,33,49.2,209.0,71.9,2378.0,5,degradacion_memoria
34,34,62.5,252.7,62.1,2340.0,1,degradacion_memoria
34,35,60.5,247.4,55.3,2373.0,4,degradacion_memoria
34,36,63.0,232.9,47.0,2431.0,5,degradacion_memoria
34,37,65.6,232.3,37.7,2405.0,5,degradacion_memoria
34,38,58.7,212.6,88.5,2439.0,5,degradacion_memoria
34,39,46.6,217.7,65.0,2437.0,2,degradacion_memoria
34,40,58.7,220.8,55.6,2393.0,6,degradacion_memoria
34,41,54.3,225.1,78.5,2259.0,3,degradacion_memoria
34,42,67.2,211.8,57.1,2349.0,2,degradacion_memoria
34,43,58.1,223.6,57.4,2323.0,7,degradacion_memoria
34,44,64.2,211.6,84.7,2441.0,4,degradacion_memoria
34,45,67.3,220.5,78.4,2405.0,3,degradacion_memoria
34,46,56.3,232.9,70.6,2376.0,4,degradacion_memoria
34,47,60.4,193.6,60.2,2364.0,6,degradacion_memoria
34,48,60.2,213.3,71.3,2428.0,5,degradacion_memoria
34,49,71.0,211.9,76.1,2349.0,3,degradacion_memoria
34,50,66.3,184.5,71.6,2333.0,4,degradacion_memoria
34,51,54.7,244.8,85.0,2329.0,5,degradacion_memoria
34,52,56.9,189.4,54.0,2389.0,4,degradacion_memoria
34,53,57.7,245.8,64.4,2352.0,6,degradacion_memoria
34,54,55.9,176.4,75.8,2424.0,4,degradacion_memoria
34,55,58.4,172.6,60.0,2384.0,3,degradacion_memoria
34,56,57.4,201.6,81.3,2328.0,7,degradacion_memoria
34,57,60.2,219.9,86.8,2374.0,2,degradacion_memoria
34,58,59.4,219.8,68.8,2345.0,3,degradacion_memoria
34,59,65.8,242.3,73.4,2378.0,8,degradacion_memoria
34,60,56.2,190.8,65.1,2427.0,4,degradacion_memoria
34,61,51.7,233.2,63.9,2377.0,2,degradacion_memoria
34,62,57.5,168.5,86.0,2356.0,8,degradacion_memoria
34,63,56.9,185.8,56.3,2401.0,10,degradacion_memoria
34,64,67.4,203.4,79.6,2366.0,6,degradacion_memoria
34,65,64.2,182.5,61.1,2404.0,7,degradacion_memoria
34,66,66.5,223.7,56.2,2396.0,7,degradacion_memoria
34,67,64.8,193.7,82.1,2341.0,3,degradacion_memoria
34,68,50.1,235.1,77.7,2330.0,8,degradacion_memoria
34,69,55.7,231.7,58.9,2368.0,12,degradacion_memoria
34,70,52.5,193.1,65.6,2399.0,9,degradacion_memoria
34,71,67.8,201.2,66.3,2452.0,5,degradacion_memoria
34,72,64.2,207.8,71.3,2337.0,5,degradacion_memoria
34,73,62.0,243.9,61.1,2342.0,8,degradacion_memoria
34,74,57.2,186.4,92.3,2421.0,5,degradacion_memoria
34,75,57.7,150.7,52.5,2390.0,6,degradacion_memoria
34,76,55.7,199.4,46.8,2375.0,2,degradacion_memoria
34,77,63.2,187.0,66.4,2409.0,9,degradacion_memoria
34,78,60.5,171.7,40.2,2432.0,2,degradacion_memoria
34,79,63.5,209.1,57.1,2423.0,4,degradacion_memoria
34,80,62.1,180.7,59.1,2354.0,7,degradacion_memoria
34,81,64.1,218.4,68.2,2399.0,4,degradacion_memoria
34,82,62.6,179.9,65.2,2427.0,6,degradacion_memoria
34,83,65.5,283.8,71.3,2370.0,4,degradacion_memoria
34,84,63.7,236.5,57.1,2397.0,8,degradacion_memoria
34,85,57.4,191.7,62.7,2358.0,4,degradacion_memoria
34,86,62.4,190.7,76.1,2344.0,7,degradacion_memoria
34,87,61.5,205.2,36.2,2398.0,3,degradacion_memoria
34,88,59.0,228.4,73.9,2419.0,9,degradacion_memoria
34,89,59.9,198.8,38.0,2412.0,10,degradacion_memoria
34,90,65.0,181.0,68.1,2328.0,5,degradacion_memoria
34,91,62.7,173.7,75.3,2435.0,4,degradacion_memoria
34,92,64.7,209.5,72.3,2405.0,6,degradacion_memoria
34,93,60.2,191.9,59.3,2427.0,4,degradacion_memoria
34,94,65.7,217.1,71.6,2345.0,9,degradacion_memoria
34,95,63.9,156.8,54.8,2416.0,6,degradacion_memoria
34,96,56.0,221.8,87.3,2408.0,3,degradacion_memoria
34,97,58.2,202.0,79.6,2332.0,4,degradacion_memoria
34,98,55.8,166.1,54.7,2400.0,3,degradacion_memoria
34,99,54.6,219.1,87.3,2341.0,2,degradacion_memoria
34,100,73.4,222.5,70.7,2383.0,7,degradacion_memoria
34,101,68.3,189.8,52.2,2475.0,7,degradacion_memoria
34,102,65.8,226.2,84.3,2394.0,6,degradacion_memoria
34,103,62.2,175.9,91.0,2378.0,7,degradacion_memoria
34,104,57.3,152.6,64.4,2323.0,7,degradacion_memoria
34,105,54.5,205.8,73.1,2394.0,6,degradacion_memoria
34,106,59.0,187.8,67.8,2377.0,4,degradacion_memoria
34,107,56.4,178.9,76.1,2302.0,7,degradacion_memoria
34,108,63.6,224.3,79.1,2339.0,6,degradacion_memoria
34,109,60.8,215.4,81.8,2418.0,4,degradacion_memoria
34,110,64.3,251.0,42.1,2434.0,9,degradacion_memoria
34,111,61.2,220.4,60.7,2386.0,5,degradacion_memoria
34,112,51.5,223.8,81.5,2423.0,2,degradacion_memoria
34,113,59.1,188.2,58.2,2384.0,7,degradacion_memoria
34,114,61.9,156.5,72.9,2352.0,5,degradacion_memoria
34,115,61.4,259.4,55.2,2471.0,7,degradacion_memoria
34,116,57.2,222.3,77.5,2326.0,6,degradacion_memoria
34,117,57.5,250.1,68.5,2400.0,8,degradacion_memoria
34,118,56.7,180.5,76.5,2357.0,8,degradacion_memoria
34,119,51.7,235.2,73.5,2374.0,4,degradacion_memoria
34,120,59.9,217.2,48.3,2446.0,5,degradacion_memoria
34,121,63.9,236.6,97.3,2384.0,3,degradacion_memoria
34,122,57.6,224.5,49.7,2370.0,2,degradacion_memoria
34,123,53.8,204.3,100.0,2361.0,8,degradacion_memoria
34,124,65.0,217.0,37.8,2405.0,6,degradacion_memoria
34,125,66.8,201.2,69.0,2345.0,10,degradacion_memoria
34,126,57.8,230.9,48.3,2386.0,6,degradacion_memoria
34,127,55.3,190.1,90.6,2377.0,3,degradacion_memoria
34,128,59.3,192.4,53.8,2351.0,0,degradacion_memoria
34,129,61.4,206.0,52.7,2325.0,3,degradacion_memoria
34,130,57.8,225.4,68.5,2384.0,6,degradacion_memoria
34,131,52.2,211.3,88.0,2368.0,4,degradacion_memoria
34,132,64.8,201.8,85.3,2392.0,6,degradacion_memoria
34,133,61.2,236.4,64.9,2296.0,7,degradacion_memoria
34,134,67.7,224.7,63.5,2364.0,4,degradacion_memoria
34,135,60.2,198.5,75.3,2417.0,5,degradacion_memoria
34,136,67.4,183.9,67.2,2317.0,8,degradacion_memoria
34,137,58.9,205.6,69.1,2458.0,6,degradacion_memoria
34,138,57.0,194.4,66.0,2397.0,6,degradacion_memoria
34,139,57.5,190.7,76.5,2377.0,5,degradacion_memoria
34,140,69.1,228.7,74.3,2387.0,5,degradacion_memoria
34,141,59.1,238.2,89.3,2349.0,8,degradacion_memoria
34,142,67.9,208.5,59.1,2439.0,10,degradacion_memoria
34,143,57.7,209.9,59.0,2390.0,4,degradacion_memoria
34,144,53.1,191.5,66.7,2385.0,3,degradacion_memoria
34,145,63.5,183.4,65.2,2423.0,5,degradacion_memoria
34,146,56.8,229.9,80.1,2398.0,2,degradacion_memoria
34,147,61.5,178.2,53.2,2355.0,7,degradacion_memoria
34,148,61.0,194.5,85.8,2381.0,5,degradacion_memoria
34,149,60.9,193.7,64.0,2405.0,6,degradacion_memoria
34,150,68.2,220.6,84.5,2385.0,5,degradacion_memoria
34,151,61.3,205.1,100.0,2329.0,5,degradacion_memoria
34,152,60.6,195.8,82.4,2439.0,5,degradacion_memoria
34,153,58.2,244.0,76.7,2389.0,7,degradacion_memoria
34,154,62.7,250.8,83.6,2367.0,3,degradacion_memoria
34,155,62.2,219.7,63.9,2409.0,6,degradacion_memoria
34,156,58.0,213.6,71.7,2363.0,4,degradacion_memoria
34,157,64.7,197.4,58.6,2321.0,4,degradacion_memoria
34,158,59.0,209.5,59.5,2382.0,6,degradacion_memoria
34,159,62.9,179.9,72.3,2409.0,1,degradacion_memoria
34,160,53.4,234.7,69.3,2372.0,4,degradacion_memoria
34,161,64.6,206.7,74.0,2373.0,9,degradacion_memoria
34,162,56.4,192.8,69.9,2375.0,6,degradacion_memoria
34,163,63.4,201.7,64.0,2378.0,5,degradacion_memoria
34,164,66.4,227.7,80.9,2388.0,5,degradacion_memoria
34,165,62.1,203.6,59.4,2414.0,1,degradacion_memoria
34,166,65.8,190.3,71.5,2412.0,8,degradacion_memoria
34,167,54.6,157.8,84.1,2464.0,4,degradacion_memoria
34,168,59.6,208.1,77.9,2452.0,7,degradacion_memoria
34,169,56.8,219.4,67.6,2348.0,4,degradacion_memoria
34,170,56.7,197.7,42.9,2373.0,1,degradacion_memoria
34,171,52.1,190.1,63.2,2411.0,2,degradacion_memoria
34,172,60.4,181.9,97.7,2311.0,4,degradacion_memoria
34,173,64.7,200.6,64.5,2395.0,4,degradacion_memoria
34,174,66.3,182.1,67.9,2348.0,2,degradacion_memoria
34,175,54.7,182.0,70.4,2380.0,6,degradacion_memoria
34,176,57.6,198.0,74.0,2383.0,9,degradacion_memoria
34,177,56.3,257.1,58.8,2311.0,7,degradacion_memoria
34,178,56.0,268.4,78.6,2479.0,6,degradacion_memoria
34,179,58.5,239.4,73.7,2361.0,4,degradacion_memoria
34,180,60.1,226.1,43.9,2440.0,5,degradacion_memoria
34,181,58.5,161.6,32.4,2317.0,4,degradacion_memoria
34,182,53.0,276.9,60.5,2356.0,8,degradacion_memoria
34,183,64.8,219.8,51.0,2414.0,1,degradacion_memoria
34,184,60.9,182.5,72.3,2372.0,2,degradacion_memoria
34,185,62.0,277.2,62.8,2414.0,6,degradacion_memoria
34,186,62.3,207.5,74.6,2407.0,3,degradacion_memoria
34,187,63.1,230.9,74.8,2348.0,2,degradacion_memoria
34,188,60.8,202.1,53.9,2430.0,4,degradacion_memoria
34,189,55.8,224.2,62.9,2405.0,6,degradacion_memoria
34,190,67.6,227.2,60.3,2324.0,2,degradacion_memoria
34,191,63.2,231.5,81.1,2386.0,3,degradacion_memoria
34,192,55.5,242.1,65.5,2407.0,2,degradacion_memoria
34,193,55.6,213.9,85.5,2377.0,4,degradacion_memoria
34,194,69.9,215.2,86.3,2383.0,7,degradacion_memoria
34,195,59.2,208.8,66.1,2401.0,8,degradacion_memoria
34,196,56.6,183.9,59.7,2316.0,6,degradacion_memoria
34,197,57.3,187.4,55.7,2373.0,8,degradacion_memoria
34,198,62.3,202.3,77.9,2366.0,4,degradacion_memoria
34,199,57.6,241.6,66.6,2412.0,9,degradacion_memoria
34,200,60.7,221.8,57.8,2359.0,1,degradacion_memoria
34,201,71.5,207.7,80.6,2459.0,2,degradacion_memoria
34,202,52.1,203.4,80.8,2358.0,8,degradacion_memoria
34,203,58.0,180.8,54.7,2336.0,11,degradacion_memoria
34,204,60.3,187.5,73.1,2430.0,10,degradacion_memoria
34,205,51.2,213.9,76.2,2405.0,6,degradacion_memoria
34,206,62.6,210.2,91.8,2396.0,4,degradacion_memoria
34,207,64.5,229.5,65.7,2371.0,6,degradacion_memoria
34,208,53.1,204.6,68.0,2367.0,8,degradacion_memoria
34,209,59.6,224.2,77.3,2399.0,4,degradacion_memoria
34,210,60.9,171.7,85.8,2358.0,7,degradacion_memoria
34,211,62.9,186.3,73.6,2452.0,3,degradacion_memoria
34,212,73.3,216.6,71.2,2390.0,4,degradacion_memoria
34,213,56.3,210.4,60.1,2370.0,4,degradacion_memoria
34,214,62.7,228.4,63.5,2364.0,5,degradacion_memoria
34,215,59.4,239.4,65.9,2332.0,6,degradacion_memoria
34,216,58.5,240.5,77.8,2409.0,10,degradacion_memoria
34,217,60.1,249.6,74.3,2349.0,3,degradacion_memoria
34,218,62.1,255.5,58.4,2375.0,6,degradacion_memoria
34,219,60.0,201.1,79.9,2482.0,2,degradacion_memoria
34,220,61.4,267.5,65.6,2308.0,7,degradacion_memoria
34,221,59.6,282.2,65.8,2376.0,6,degradacion_memoria
34,222,55.3,177.4,78.8,2325.0,5,degradacion_memoria
34,223,64.1,195.3,80.5,2359.0,4,degradacion_memoria
34,224,65.1,219.0,72.8,2374.0,5,degradacion_memoria
34,225,64.9,215.8,94.2,2328.0,6,degradacion_memoria
34,226,63.4,167.8,41.8,2396.0,5,degradacion_memoria
34,227,56.1,186.3,81.5,2439.0,5,degradacion_memoria
34,228,55.2,215.4,54.0,2393.0,7,degradacion_memoria
34,229,64.6,204.6,67.8,2414.0,6,degradacion_memoria
34,230,54.0,225.5,68.3,2445.0,4,degradacion_memoria
34,231,56.6,258.9,67.3,2404.0,4,degradacion_memoria
34,232,70.7,178.9,55.4,2286.0,9,degradacion_memoria
34,233,62.5,267.9,49.1,2387.0,5,degradacion_memoria
34,234,60.8,257.0,41.2,2280.0,9,degradacion_memoria
34,235,50.7,166.9,65.2,2351.0,6,degradacion_memoria
34,236,56.6,180.2,70.0,2320.0,7,degradacion_memoria
34,237,64.2,199.9,76.4,2391.0,3,degradacion_memoria
34,238,52.6,186.2,84.4,2344.0,9,degradacion_memoria
34,239,62.0,224.5,79.9,2392.0,6,degradacion_memoria
34,240,53.1,225.9,82.0,2411.0,7,degradacion_memoria
34,241,56.9,213.5,54.1,2342.0,2,degradacion_memoria
34,242,52.1,219.4,83.6,2390.0,4,degradacion_memoria
34,243,60.5,206.7,73.4,2275.0,4,degradacion_memoria
34,244,51.5,219.9,49.9,2320.0,4,degradacion_memoria
34,245,59.6,257.8,83.1,2431.0,8,degradacion_memoria
34,246,63.2,150.3,55.8,2345.0,4,degradacion_memoria
34,247,61.0,210.4,53.6,2359.0,4,degradacion_memoria
34,248,62.3,221.6,89.7,2347.0,2,degradacion_memoria
34,249,61.1,207.5,71.5,2311.0,2,degradacion_memoria
34,250,59.5,217.8,53.5,2339.0,5,degradacion_memoria
34,251,59.7,240.0,60.6,2380.0,0,degradacion_memoria
34,252,61.5,197.1,82.9,2365.0,8,degradacion_memoria
34,253,54.5,265.2,51.3,2423.0,5,degradacion_memoria
34,254,58.0,172.9,66.1,2355.0,2,degradacion_memoria
34,255,70.2,225.5,66.1,2380.0,2,degradacion_memoria
34,256,62.4,209.7,100.0,2358.0,5,degradacion_memoria
34,257,66.2,216.5,47.7,2417.0,6,degradacion_memoria
34,258,61.7,229.0,48.3,2323.0,5,degradacion_memoria
34,259,56.3,194.5,60.2,2399.0,4,degradacion_memoria
34,260,58.5,237.6,59.2,2396.0,8,degradacion_memoria
34,261,51.3,259.4,68.6,2347.0,4,degradacion_memoria
34,262,66.9,202.8,61.5,2376.0,11,degradacion_memoria
34,263,64.5,197.1,80.0,2395.0,7,degradacion_memoria
34,264,55.8,241.6,69.3,2352.0,6,degradacion_memoria
34,265,63.8,234.6,54.6,2351.0,11,degradacion_memoria
34,266,63.4,170.9,64.8,2331.0,6,degradacion_memoria
34,267,60.4,223.8,64.3,2461.0,9,degradacion_memoria
34,268,62.4,229.4,84.1,2361.0,4,degradacion_memoria
34,269,62.9,208.6,80.2,2331.0,4,degradacion_memoria
34,270,61.9,247.5,78.1,2309.0,3,degradacion_memoria
34,271,60.8,169.9,58.0,2348.0,9,degradacion_memoria
34,272,60.4,156.2,72.5,2391.0,2,degradacion_memoria
34,273,57.2,236.6,52.0,2370.0,5,degradacion_memoria
34,274,64.5,189.7,77.3,2394.0,0,degradacion_memoria
34,275,69.9,209.1,85.2,2409.0,5,degradacion_memoria
34,276,54.4,181.7,38.9,2374.0,4,degradacion_memoria
34,277,60.2,231.3,67.0,2375.0,2,degradacion_memoria
34,278,56.7,218.5,66.9,2443.0,4,degradacion_memoria
34,279,62.8,206.7,80.9,2409.0,6,degradacion_memoria
34,280,62.1,179.1,60.0,2395.0,7,degradacion_memoria
34,281,60.7,206.0,59.8,2366.0,8,degradacion_memoria
34,282,57.0,218.3,70.5,2407.0,1,degradacion_memoria
34,283,57.6,196.7,76.8,2394.0,2,degradacion_memoria
34,284,56.2,197.6,71.2,2393.0,6,degradacion_memoria
34,285,51.4,210.3,80.6,2409.0,8,degradacion_memoria
34,286,66.1,226.8,77.9,2393.0,1,degradacion_memoria
34,287,63.3,220.6,61.0,2319.0,8,degradacion_memoria
34,288,66.5,239.4,68.6,2382.0,4,degradacion_memoria
34,289,58.3,207.8,76.0,2335.0,4,degradacion_memoria
34,290,62.5,235.3,57.2,2405.0,3,degradacion_memoria
34,291,55.8,180.9,58.8,2317.0,0,degradacion_memoria
34,292,57.2,220.0,47.9,2379.0,5,degradacion_memoria
34,293,70.2,218.6,84.8,2382.0,4,degradacion_memoria
34,294,58.1,268.9,98.7,2334.0,6,degradacion_memoria
34,295,64.7,193.2,58.8,2377.0,4,degradacion_memoria
34,296,61.3,180.0,76.4,2411.0,2,degradacion_memoria
34,297,53.0,190.7,85.8,2358.0,7,degradacion_memoria
34,298,59.3,194.2,52.0,2392.0,5,degradacion_memoria
34,299,61.9,220.2,73.2,2400.0,9,degradacion_memoria
35,0,65.6,222.5,78.6,2441.0,1,degradacion_memoria
35,1,56.6,172.6,74.5,2305.0,3,degradacion_memoria
35,2,49.6,186.8,81.5,2399.0,5,degradacion_memoria
35,3,61.8,187.0,97.1,2437.0,5,degradacion_memoria
35,4,60.8,209.6,83.4,2339.0,5,degradacion_memoria
35,5,55.0,203.9,46.5,2464.0,2,degradacion_memoria
35,6,59.7,237.4,58.8,2386.0,0,degradacion_memoria
35,7,46.2,211.0,86.8,2395.0,5,degradacion_memoria
35,8,60.0,210.0,62.5,2427.0,5,degradacion_memoria
35,9,59.2,183.6,61.5,2397.0,3,degradacion_memoria
35,10,66.6,202.8,72.7,2327.0,4,degradacion_memoria
35,11,61.3,176.6,64.0,2251.0,2,degradacion_memoria
35,12,60.5,222.3,91.9,2341.0,7,degradacion_memoria
35,13,69.8,230.8,65.7,2345.0,6,degradacion_memoria
35,14,56.0,172.3,100.0,2342.0,5,degradacion_memoria
35,15,52.5,211.1,60.2,2355.0,5,degradacion_memoria
35,16,64.6,207.4,58.8,2266.0,4,degradacion_memoria
35,17,65.2,240.1,56.3,2332.0,2,degradacion_memoria
35,18,65.3,185.0,57.0,2402.0,4,degradacion_memoria
35,19,58.8,191.0,78.1,2422.0,1,degradacion_memoria
35,20,56.4,216.6,49.2,2351.0,7,degradacion_memoria
35,21,53.8,197.8,53.9,2408.0,2,degradacion_memoria
35,22,55.6,199.1,75.3,2276.0,5,degradacion_memoria
35,23,52.5,198.7,37.6,2391.0,5,degradacion_memoria
35,24,57.8,223.1,47.4,2427.0,5,degradacion_memoria
35,25,68.3,238.4,67.3,2401.0,3,degradacion_memoria
35,26,57.3,207.9,73.7,2379.0,3,degradacion_memoria
35,27,60.6,203.2,63.3,2278.0,1,degradacion_memoria
35,28,62.7,226.6,74.1,2456.0,7,degradacion_memoria
35,29,58.2,215.2,56.0,2458.0,6,degradacion_memoria
35,30,58.2,214.0,89.2,2408.0,6,degradacion_memoria
35,31,66.4,238.3,80.8,2433.0,5,degradacion_memoria
35,32,60.9,183.3,56.6,2380.0,4,degradacion_memoria
35,33,65.6,203.4,65.4,2410.0,4,degradacion_memoria
35,34,71.9,185.5,40.5,2414.0,5,degradacion_memoria
35,35,55.7,196.6,81.0,2377.0,7,degradacion_memoria
35,36,59.2,178.1,50.1,2347.0,2,degradacion_memoria
35,37,59.2,200.5,60.5,2415.0,8,degradacion_memoria
35,38,57.5,219.3,63.9,2455.0,5,degradacion_memoria
35,39,57.8,144.2,48.7,2430.0,5,degradacion_memoria
35,40,67.0,201.8,56.3,2394.0,7,degradacion_memoria
35,41,60.5,207.8,73.2,2391.0,3,degradacion_memoria
35,42,72.4,203.1,61.0,2393.0,9,degradacion_memoria
35,43,58.0,168.1,80.2,2289.0,3,degradacion_memoria
35,44,67.5,233.9,78.4,2376.0,7,degradacion_memoria
35,45,68.8,233.6,56.1,2371.0,8,degradacion_memoria
35,46,59.6,238.6,61.6,2332.0,3,degradacion_memoria
35,47,62.2,196.0,61.7,2422.0,5,degradacion_memoria
35,48,64.4,214.3,62.3,2391.0,6,degradacion_memoria
35,49,57.2,191.8,88.6,2275.0,8,degradacion_memoria
35,50,68.3,183.2,70.7,2389.0,8,degradacion_memoria
35,51,55.9,181.9,44.8,2431.0,4,degradacion_memoria
35,52,57.4,215.0,58.8,2356.0,6,degradacion_memoria
35,53,57.5,230.9,61.5,2339.0,2,degradacion_memoria
35,54,61.1,242.2,73.9,2328.0,6,degradacion_memoria
35,55,61.6,208.8,93.2,2384.0,5,degradacion_memoria
35,56,56.8,192.9,79.0,2351.0,2,degradacion_memoria
35,57,59.4,207.6,66.6,2321.0,4,degradacion_memoria
35,58,54.4,234.3,56.1,2445.0,5,degradacion_memoria
35,59,65.8,250.6,87.9,2388.0,5,degradacion_memoria
35,60,63.5,239.4,63.8,2359.0,3,degradacion_memoria
35,61,58.3,237.0,48.1,2447.0,3,degradacion_memoria
35,62,59.0,244.0,73.0,2391.0,6,degradacion_memoria
35,63,56.7,211.8,50.7,2375.0,4,degradacion_memoria
35,64,55.4,217.0,77.2,2389.0,5,degradacion_memoria
35,65,54.6,236.5,62.5,2359.0,4,degradacion_memoria
35,66,55.4,222.9,63.7,2374.0,5,degradacion_memoria
35,67,64.8,231.7,29.6,2403.0,5,degradacion_memoria
35,68,65.2,194.8,83.1,2447.0,5,degradacion_memoria
35,69,53.2,245.0,51.5,2358.0,1,degradacion_memoria
35,70,63.5,197.5,57.9,2405.0,6,degradacion_memoria
35,71,53.9,237.8,70.7,2321.0,3,degradacion_memoria
35,72,63.8,207.8,66.0,2400.0,1,degradacion_memoria
35,73,60.4,196.7,100.0,2452.0,4,degradacion_memoria
35,74,57.4,160.2,43.9,2381.0,5,degradacion_memoria
35,75,62.2,204.6,62.6,2357.0,4,degradacion_memoria
35,76,66.7,178.8,79.0,2359.0,8,degradacion_memoria
35,77,50.6,186.9,61.8,2399.0,1,degradacion_memoria
35,78,65.7,222.7,68.0,2382.0,5,degradacion_memoria
35,79,56.0,172.0,100.0,2364.0,3,degradacion_memoria
35,80,67.1,240.8,68.9,2406.0,4,degradacion_memoria
35,81,64.3,273.0,87.6,2345.0,3,degradacion_memoria
35,82,54.4,197.9,77.1,2415.0,5,degradacion_memoria
35,83,57.1,240.1,78.3,2367.0,9,degradacion_memoria
35,84,62.4,175.1,65.2,2406.0,10,degradacion_memoria
35,85,64.7,220.0,45.2,2414.0,9,degradacion_memoria
35,86,62.4,218.9,83.2,2302.0,10,degradacion_memoria
35,87,62.0,286.9,75.8,2377.0,6,degradacion_memoria
35,88,56.8,200.7,75.5,2319.0,1,degradacion_memoria
35,89,60.2,221.6,65.9,2311.0,4,degradacion_memoria
35,90,59.6,205.4,58.9,2371.0,9,degradacion_memoria
35,91,52.5,200.7,86.5,2392.0,5,degradacion_memoria
35,92,61.7,206.5,72.6,2318.0,9,degradacion_memoria
35,93,58.2,205.3,42.4,2391.0,12,degradacion_memoria
35,94,66.9,194.2,67.3,2345.0,3,degradacion_memoria
35,95,65.8,216.7,63.7,2383.0,3,degradacion_memoria
35,96,60.9,187.6,31.2,2481.0,2,degradacion_memoria
35,97,65.5,200.0,57.5,2367.0,6,degradacion_memoria
35,98,63.1,258.0,100.0,2334.0,4,degradacion_memoria
35,99,59.9,207.1,35.0,2379.0,12,degradacion_memoria
35,100,52.9,232.2,51.8,2372.0,4,degradacion_memoria
35,101,59.2,208.1,33.9,2366.0,6,degradacion_memoria
35,102,58.3,229.2,45.8,2381.0,4,degradacion_memoria
35,103,59.4,205.6,42.3,2373.0,7,degradacion_memoria
35,104,58.9,145.4,51.4,2330.0,5,degradacion_memoria
35,105,65.5,209.2,92.0,2413.0,5,degradacion_memoria
35,106,66.1,185.0,80.7,2433.0,1,degradacion_memoria
35,107,57.6,202.5,64.4,2365.0,4,degradacion_memoria
35,108,53.4,227.2,91.4,2394.0,5,degradacion_memoria
35,109,55.1,255.4,61.3,2298.0,10,degradacion_memoria
35,110,66.2,174.8,54.6,2379.0,4,degradacion_memoria
35,111,64.8,204.0,61.9,2457.0,5,degradacion_memoria
35,112,54.3,210.4,45.8,2412.0,4,degradacion_memoria
35,113,52.7,211.2,41.6,2386.0,2,degradacion_memoria
35,114,57.0,211.4,77.2,2378.0,6,degradacion_memoria
35,115,69.0,224.1,72.6,2368.0,5,degradacion_memoria
35,116,62.1,199.1,50.0,2397.0,6,degradacion_memoria
35,117,58.8,205.0,74.5,2421.0,4,degradacion_memoria
35,118,59.4,219.9,75.1,2360.0,12,degradacion_memoria
35,119,50.6,192.5,59.5,2410.0,3,degradacion_memoria
35,120,58.5,195.2,54.7,2348.0,3,degradacion_memoria
35,121,66.2,208.3,79.1,2363.0,4,degradacion_memoria
35,122,58.0,195.2,74.3,2336.0,2,degradacion_memoria
35,123,58.8,185.6,92.4,2386.0,7,degradacion_memoria
35,124,61.6,182.6,74.1,2383.0,4,degradacion_memoria
35,125,54.4,208.9,43.2,2396.0,4,degradacion_memoria
35,126,61.7,244.3,46.5,2392.0,3,degradacion_memoria
35,127,55.9,219.8,65.0,2409.0,3,degradacion_memoria
35,128,57.5,186.2,79.3,2463.0,3,degradacion_memoria
35,129,58.1,248.7,72.5,2409.0,4,degradacion_memoria
35,130,58.1,197.5,59.4,2301.0,4,degradacion_memoria
35,131,60.5,249.7,44.4,2370.0,6,degradacion_memoria
35,132,59.6,208.1,88.6,2379.0,8,degradacion_memoria
35,133,59.1,216.7,87.9,2317.0,8,degradacion_memoria
35,134,60.6,200.9,48.3,2413.0,6,degradacion_memoria
35,135,55.5,202.5,77.3,2452.0,5,degradacion_memoria
35,136,49.2,244.6,71.6,2345.0,4,degradacion_memoria
35,137,60.0,205.5,77.6,2431.0,4,degradacion_memoria
35,138,56.6,233.6,89.3,2423.0,6,degradacion_memoria
35,139,62.3,211.2,88.0,2391.0,4,degradacion_memoria
35,140,57.2,207.1,75.1,2413.0,3,degradacion_memoria
35,141,50.5,225.6,64.6,2349.0,5,degradacion_memoria
35,142,59.4,207.0,63.8,2426.0,4,degradacion_memoria
35,143,65.3,190.3,64.9,2431.0,6,degradacion_memoria
35,144,61.6,191.0,100.0,2399.0,11,degradacion_memoria
35,145,52.9,224.5,68.6,2392.0,5,degradacion_memoria
35,146,56.9,154.8,78.9,2348.0,3,degradacion_memoria
35,147,57.5,219.4,73.8,2418.0,1,degradacion_memoria
35,148,59.1,174.1,54.1,2381.0,5,degradacion_memoria
35,149,57.1,214.4,74.7,2375.0,3,degradacion_memoria
35,150,51.2,243.5,58.7,2418.0,3,degradacion_memoria
35,151,59.3,187.9,54.7,2368.0,2,degradacion_memoria
35,152,67.2,223.1,76.3,2352.0,3,degradacion_memoria
35,153,56.7,238.1,50.3,2424.0,3,degradacion_memoria
35,154,53.8,195.6,80.3,2320.0,6,degradacion_memoria
35,155,67.1,193.8,76.0,2409.0,8,degradacion_memoria
35,156,69.6,219.4,85.7,2331.0,7,degradacion_memoria
35,157,58.0,241.2,74.7,2308.0,3,degradacion_memoria
35,158,61.2,267.1,54.6,2406.0,2,degradacion_memoria
35,159,61.1,191.5,83.6,2393.0,6,degradacion_memoria
35,160,64.4,226.2,84.3,2355.0,2,degradacion_memoria
35,161,54.4,198.0,80.5,2334.0,6,degradacion_memoria
35,162,59.9,181.8,78.3,2394.0,3,degradacion_memoria
35,163,54.6,204.2,47.3,2361.0,5,degradacion_memoria
35,164,61.7,204.2,80.0,2412.0,0,degradacion_memoria
35,165,67.6,212.2,50.5,2357.0,4,degradacion_memoria
35,166,61.7,220.5,59.3,2363.0,7,degradacion_memoria
35,167,55.8,215.8,56.4,2424.0,5,degradacion_memoria
35,168,65.0,240.4,46.0,2339.0,9,degradacion_memoria
35,169,56.9,257.0,70.5,2322.0,5,degradacion_memoria
35,170,62.4,210.4,67.6,2343.0,5,degradacion_memoria
35,171,56.1,197.7,86.6,2390.0,3,degradacion_memoria
35,172,53.4,205.0,84.9,2456.0,9,degradacion_memoria
35,173,56.2,204.2,70.5,2386.0,3,degradacion_memoria
35,174,46.5,195.2,79.0,2345.0,7,degradacion_memoria
35,175,54.6,172.5,66.5,2347.0,4,degradacion_memoria
35,176,70.7,176.3,66.5,2396.0,6,degradacion_memoria
35,177,45.9,227.1,69.8,2311.0,1,degradacion_memoria
35,178,52.1,228.7,65.9,2305.0,6,degradacion_memoria
35,179,68.7,218.1,71.0,2388.0,4,degradacion_memoria
35,180,55.2,203.9,77.3,2415.0,2,degradacion_memoria
35,181,58.0,197.4,50.9,2416.0,6,degradacion_memoria
35,182,59.9,175.7,62.3,2394.0,4,degradacion_memoria
35,183,51.8,193.7,78.9,2428.0,1,degradacion_memoria
35,184,65.2,191.7,60.2,2372.0,6,degradacion_memoria
35,185,59.4,174.6,60.5,2365.0,5,degradacion_memoria
35,186,56.8,215.4,82.2,2378.0,2,degradacion_memoria
35,187,64.7,191.5,57.6,2392.0,1,degradacion_memoria
35,188,53.3,211.0,74.1,2536.0,4,degradacion_memoria
35,189,60.2,173.0,70.1,2372.0,7,degradacion_memoria
35,190,54.9,224.7,80.4,2387.0,3,degradacion_memoria
35,191,53.7,220.7,67.1,2449.0,5,degradacion_memoria
35,192,70.0,197.2,56.9,2402.0,5,degradacion_memoria
35,193,60.6,244.3,58.9,2313.0,2,degradacion_memoria
35,194,64.7,208.0,91.2,2449.0,4,degradacion_memoria
35,195,57.4,213.4,60.5,2393.0,7,degradacion_memoria
35,196,54.9,171.0,59.6,2266.0,8,degradacion_memoria
35,197,44.4,190.4,61.5,2364.0,4,degradacion_memoria
35,198,58.4,193.7,64.2,2351.0,4,degradacion_memoria
35,199,51.7,229.6,62.3,2361.0,6,degradacion_memoria
35,200,60.5,234.1,75.9,2379.0,8,degradacion_memoria
35,201,53.5,195.7,69.4,2409.0,9,degradacion_memoria
35,202,62.3,214.3,59.7,2431.0,8,degradacion_memoria
35,203,70.3,231.4,78.1,2432.0,1,degradacion_memoria
35,204,74.1,201.5,71.9,2444.0,6,degradacion_memoria
35,205,61.6,173.4,86.6,2372.0,3,degradacion_memoria
35,206,59.9,227.8,72.4,2296.0,7,degradacion_memoria
35,207,56.5,220.6,66.2,2280.0,4,degradacion_memoria
35,208,56.1,217.3,65.2,2411.0,4,degradacion_memoria
35,209,55.4,234.0,70.0,2378.0,6,degradacion_memoria
35,210,67.4,236.0,73.1,2440.0,8,degradacion_memoria
35,211,58.0,225.5,68.0,2399.0,2,degradacion_memoria
35,212,70.8,180.7,61.8,2310.0,3,degradacion_memoria
35,213,55.4,172.2,76.8,2356.0,4,degradacion_memoria
35,214,59.3,218.8,74.1,2397.0,4,degradacion_memoria
35,215,53.7,211.6,68.3,2335.0,6,degradacion_memoria
35,216,62.7,213.5,77.4,2440.0,6,degradacion_memoria
35,217,59.0,252.3,66.9,2362.0,6,degradacion_memoria
35,218,59.8,232.9,68.2,2367.0,4,degradacion_memoria
35,219,58.5,205.4,76.8,2316.0,4,degradacion_memoria
35,220,62.8,191.6,79.2,2462.0,7,degradacion_memoria
35,221,63.4,226.1,77.1,2372.0,7,degradacion_memoria
35,222,64.2,221.6,57.3,2392.0,5,degradacion_memoria
35,223,55.3,204.6,73.3,2349.0,5,degradacion_memoria
35,224,61.6,141.6,68.6,2364.0,3,degradacion_memoria
35,225,57.5,186.0,73.5,2392.0,10,degradacion_memoria
35,226,66.6,231.2,93.5,2397.0,8,degradacion_memoria
35,227,61.2,177.7,65.1,2403.0,1,degradacion_memoria
35,228,61.5,224.5,68.3,2420.0,6,degradacion_memoria
35,229,58.6,221.1,60.1,2408.0,7,degradacion_memoria
35,230,55.9,185.2,65.3,2402.0,7,degradacion_memoria
35,231,60.4,232.5,58.5,2354.0,6,degradacion_memoria
35,232,66.1,208.0,53.0,2371.0,5,degradacion_memoria
35,233,56.2,206.3,40.6,2331.0,6,degradacion_memoria
35,234,66.6,181.3,58.3,2360.0,2,degradacion_memoria
35,235,62.8,242.4,59.2,2397.0,3,degradacion_memoria
35,236,49.8,180.2,67.2,2396.0,4,degradacion_memoria
35,237,55.4,179.9,60.5,2407.0,1,degradacion_memoria
35,238,71.4,213.5,82.5,2439.0,5,degradacion_memoria
35,239,59.4,185.5,71.2,2327.0,7,degradacion_memoria
35,240,55.5,261.7,78.4,2305.0,4,degradacion_memoria
35,241,55.6,185.3,81.8,2369.0,3,degradacion_memoria
35,242,59.3,229.8,87.4,2439.0,2,degradacion_memoria
35,243,64.6,251.1,81.6,2438.0,2,degradacion_memoria
35,244,58.3,227.9,55.6,2388.0,7,degradacion_memoria
35,245,56.1,191.1,80.0,2369.0,6,degradacion_memoria
35,246,48.7,218.6,72.5,2390.0,5,degradacion_memoria
35,247,55.5,243.9,86.9,2425.0,2,degradacion_memoria
35,248,56.5,172.5,68.4,2349.0,7,degradacion_memoria
35,249,61.6,237.4,84.0,2357.0,6,degradacion_memoria
35,250,62.0,222.3,69.4,2384.0,8,degradacion_memoria
35,251,67.2,257.3,70.0,2425.0,8,degradacion_memoria
35,252,54.0,220.7,77.3,2413.0,5,degradacion_memoria
35,253,60.7,213.8,63.6,2301.0,7,degradacion_memoria
35,254,60.8,227.1,75.7,2414.0,9,degradacion_memoria
35,255,55.0,179.0,46.7,2379.0,9,degradacion_memoria
35,256,64.6,189.6,74.8,2405.0,5,degradacion_memoria
35,257,68.5,211.7,50.2,2371.0,8,degradacion_memoria
35,258,60.1,196.9,75.8,2400.0,8,degradacion_memoria
35,259,57.6,194.7,24.3,2382.0,8,degradacion_memoria
35,260,67.5,260.9,42.6,2358.0,10,degradacion_memoria
35,261,62.2,254.8,68.7,2350.0,5,degradacion_memoria
35,262,53.9,146.5,69.0,2372.0,11,degradacion_memoria
35,263,59.0,211.0,64.5,2328.0,2,degradacion_memoria
35,264,58.2,180.2,78.1,2362.0,3,degradacion_memoria
35,265,55.8,238.8,81.1,2367.0,4,degradacion_memoria
35,266,56.0,215.6,100.0,2421.0,11,degradacion_memoria
35,267,56.7,246.6,68.6,2407.0,6,degradacion_memoria
35,268,64.1,188.5,82.5,2461.0,2,degradacion_memoria
35,269,58.5,186.2,56.4,2313.0,3,degradacion_memoria
35,270,60.4,204.5,60.3,2370.0,4,degradacion_memoria
35,271,64.8,195.1,56.5,2429.0,3,degradacion_memoria
35,272,58.5,207.7,66.5,2391.0,5,degradacion_memoria
35,273,54.0,239.7,71.1,2371.0,3,degradacion_memoria
35,274,64.7,221.7,82.6,2343.0,6,degradacion_memoria
35,275,58.1,202.6,72.8,2408.0,7,degradacion_memoria
35,276,68.9,211.3,86.7,2387.0,5,degradacion_memoria
35,277,65.0,170.4,86.9,2366.0,4,degradacion_memoria
35,278,62.6,161.2,68.6,2420.0,4,degradacion_memoria
35,279,61.1,240.3,66.5,2470.0,3,degradacion_memoria
35,280,65.6,191.0,46.7,2344.0,8,degradacion_memoria
35,281,61.2,245.8,60.4,2403.0,5,degradacion_memoria
35,282,49.1,202.3,56.7,2386.0,7,degradacion_memoria
35,283,59.5,213.4,57.3,2406.0,2,degradacion_memoria
35,284,62.9,230.8,62.1,2433.0,4,degradacion_memoria
35,285,55.0,233.7,75.4,2437.0,6,degradacion_memoria
35,286,73.0,197.1,72.1,2360.0,5,degradacion_memoria
35,287,59.3,211.8,81.8,2314.0,4,degradacion_memoria
35,288,62.8,209.5,73.4,2376.0,3,degradacion_memoria
35,289,65.9,219.5,59.7,2376.0,7,degradacion_memoria
35,290,63.0,214.8,78.6,2270.0,3,degradacion_memoria
35,291,59.5,191.7,48.8,2421.0,4,degradacion_memoria
35,292,62.0,213.7,81.7,2359.0,4,degradacion_memoria
35,293,59.0,173.4,57.3,2378.0,4,degradacion_memoria
35,294,59.5,210.1,35.9,2357.0,6,degradacion_memoria
35,295,54.3,213.0,75.6,2372.0,3,degradacion_memoria
35,296,58.7,185.5,63.7,2431.0,7,degradacion_memoria
35,297,54.0,203.0,84.4,2383.0,3,degradacion_memoria
35,298,60.0,197.2,81.5,2465.0,5,degradacion_memoria
35,299,58.0,197.6,54.2,2405.0,3,degradacion_memoria
36,0,55.0,171.9,66.4,2125.0,0,falla_alimentacion
36,1,49.9,173.1,82.7,2048.0,1,falla_alimentacion
36,2,50.4,190.5,53.7,1826.0,0,falla_alimentacion
36,3,59.1,118.4,62.6,1124.0,1,falla_alimentacion
36,4,50.8,186.3,38.0,1752.0,0,falla_alimentacion
36,5,62.6,237.5,100.0,1599.0,0,falla_alimentacion
36,6,49.8,141.3,43.7,1759.0,0,falla_alimentacion
36,7,38.0,145.3,49.7,1730.0,0,falla_alimentacion
36,8,42.9,170.5,60.2,1737.0,0,falla_alimentacion
36,9,44.2,42.5,71.7,2015.0,0,falla_alimentacion
36,10,50.9,78.5,71.4,1754.0,0,falla_alimentacion
36,11,62.2,115.2,0.0,1746.0,0,falla_alimentacion
36,12,51.5,124.7,99.2,1895.0,0,falla_alimentacion
36,13,48.2,145.0,95.2,1588.0,0,falla_alimentacion
36,14,47.6,152.0,86.3,1732.0,0,falla_alimentacion
36,15,54.4,78.2,58.7,1526.0,0,falla_alimentacion
36,16,53.3,191.9,86.2,1925.0,0,falla_alimentacion
36,17,56.4,155.0,61.6,1846.0,1,falla_alimentacion
36,18,44.4,142.7,61.2,2214.0,0,falla_alimentacion
36,19,68.0,162.1,72.5,1473.0,0,falla_alimentacion
36,20,47.2,112.3,68.6,1994.0,0,falla_alimentacion
36,21,44.9,129.3,80.6,1449.0,0,falla_alimentacion
36,22,59.6,91.3,1.2,1601.0,0,falla_alimentacion
36,23,57.2,40.8,52.8,1371.0,0,falla_alimentacion
36,24,44.8,129.4,24.5,1814.0,1,falla_alimentacion
36,25,55.4,217.6,78.3,1855.0,0,falla_alimentacion
36,26,46.6,114.4,32.2,1736.0,0,falla_alimentacion
36,27,53.4,69.9,47.9,1363.0,0,falla_alimentacion
36,28,51.9,165.4,78.4,1693.0,1,falla_alimentacion
36,29,70.4,118.5,87.7,1826.0,0,falla_alimentacion
36,30,61.1,159.7,77.1,1617.0,0,falla_alimentacion
36,31,58.5,169.7,73.8,1794.0,0,falla_alimentacion
36,32,56.1,117.2,25.3,2016.0,0,falla_alimentacion
36,33,40.0,158.7,29.6,1685.0,0,falla_alimentacion
36,34,51.5,138.4,21.5,1583.0,0,falla_alimentacion
36,35,46.5,51.4,28.6,1784.0,0,falla_alimentacion
36,36,49.6,116.4,59.0,2163.0,0,falla_alimentacion
36,37,50.7,102.7,80.1,1901.0,0,falla_alimentacion
36,38,36.3,72.1,80.0,1498.0,0,falla_alimentacion
36,39,47.7,101.9,8.7,2071.0,0,falla_alimentacion
36,40,51.0,170.2,54.1,1717.0,0,falla_alimentacion
36,41,57.4,140.6,48.1,1753.0,0,falla_alimentacion
36,42,43.7,56.5,0.0,1542.0,0,falla_alimentacion
36,43,43.7,90.0,75.7,1830.0,0,falla_alimentacion
36,44,43.1,140.7,75.0,1409.0,1,falla_alimentacion
36,45,47.5,139.9,39.8,1575.0,1,falla_alimentacion
36,46,41.0,125.6,47.3,1922.0,0,falla_alimentacion
36,47,60.6,173.9,58.6,1825.0,0,falla_alimentacion
36,48,56.2,156.6,65.3,1649.0,1,falla_alimentacion
36,49,71.7,114.3,38.8,1761.0,0,falla_alimentacion
36,50,45.7,109.6,33.5,1939.0,0,falla_alimentacion
36,51,56.9,130.9,27.9,1877.0,0,falla_alimentacion
36,52,40.3,46.2,92.2,1932.0,1,falla_alimentacion
36,53,61.8,153.1,85.5,1562.0,0,falla_alimentacion
36,54,48.3,83.5,27.7,1658.0,1,falla_alimentacion
36,55,49.3,194.4,32.6,2187.0,0,falla_alimentacion
36,56,60.2,63.0,28.5,1721.0,0,falla_alimentacion
36,57,59.7,156.6,17.9,1708.0,0,falla_alimentacion
36,58,42.2,50.4,100.0,1825.0,1,falla_alimentacion
36,59,49.2,110.9,36.6,1844.0,0,falla_alimentacion
36,60,61.4,157.8,74.0,1601.0,0,falla_alimentacion
36,61,47.1,181.3,46.5,1302.0,2,falla_alimentacion
36,62,52.4,179.0,49.5,1736.0,0,falla_alimentacion
36,63,54.3,170.9,47.8,1796.0,0,falla_alimentacion
36,64,61.3,175.9,64.2,1446.0,0,falla_alimentacion
36,65,55.3,179.7,50.4,1853.0,1,falla_alimentacion
36,66,48.1,114.5,73.6,1867.0,0,falla_alimentacion
36,67,34.3,122.5,83.9,1995.0,1,falla_alimentacion
36,68,55.6,170.1,39.5,1580.0,0,falla_alimentacion
36,69,51.4,188.9,60.1,1873.0,1,falla_alimentacion
36,70,64.2,132.4,14.2,1910.0,0,falla_alimentacion
36,71,54.6,114.9,41.9,2096.0,0,falla_alimentacion
36,72,45.5,113.4,55.5,1970.0,1,falla_alimentacion
36,73,40.0,101.6,50.0,2011.0,0,falla_alimentacion
36,74,48.6,160.0,52.3,1830.0,0,falla_alimentacion
36,75,52.9,189.8,67.9,1710.0,0,falla_alimentacion
36,76,50.8,160.7,73.1,2054.0,0,falla_alimentacion
36,77,39.9,138.0,1.9,1546.0,0,falla_alimentacion
36,78,27.7,225.1,59.6,2105.0,0,falla_alimentacion
36,79,42.3,139.2,47.1,1958.0,1,falla_alimentacion
36,80,30.5,201.6,43.0,1733.0,0,falla_alimentacion
36,81,42.1,90.6,89.9,1482.0,0,falla_alimentacion
36,82,51.9,149.4,11.1,1786.0,0,falla_alimentacion
36,83,61.6,95.5,53.7,1673.0,0,falla_alimentacion
36,84,30.4,98.3,91.0,1483.0,0,falla_alimentacion
36,85,41.8,103.4,56.8,1686.0,0,falla_alimentacion
36,86,53.2,142.7,31.3,1981.0,0,falla_alimentacion
36,87,46.4,119.1,49.6,1798.0,0,falla_alimentacion
36,88,51.3,46.8,99.3,1752.0,0,falla_alimentacion
36,89,53.0,120.4,84.3,1486.0,0,falla_alimentacion
36,90,46.7,111.8,42.0,1764.0,0,falla_alimentacion
36,91,59.6,61.3,93.4,2115.0,0,falla_alimentacion
36,92,69.4,160.4,70.9,1808.0,0,falla_alimentacion
36,93,41.5,169.9,0.0,1728.0,0,falla_alimentacion
36,94,57.4,167.8,52.3,1950.0,0,falla_alimentacion
36,95,66.9,216.6,100.0,2053.0,0,falla_alimentacion
36,96,61.6,89.5,51.1,2076.0,0,falla_alimentacion
36,97,44.5,90.6,93.0,1869.0,0,falla_alimentacion
36,98,47.4,138.5,19.1,1472.0,0,falla_alimentacion
36,99,36.1,134.6,22.3,1998.0,1,falla_alimentacion
36,100,45.4,146.0,83.3,1722.0,0,falla_alimentacion
36,101,45.7,177.6,76.3,1695.0,0,falla_alimentacion
36,102,53.7,128.5,54.3,1605.0,0,falla_alimentacion
36,103,40.9,186.5,76.7,1908.0,1,falla_alimentacion
36,104,50.6,105.3,40.2,1991.0,0,falla_alimentacion
36,105,51.7,117.2,26.8,1666.0,0,falla_alimentacion
36,106,46.3,90.0,64.7,1929.0,0,falla_alimentacion
36,107,56.7,-13.5,47.8,2020.0,0,falla_alimentacion
36,108,46.4,61.2,65.4,1873.0,0,falla_alimentacion
36,109,52.6,180.3,60.2,1800.0,0,falla_alimentacion
36,110,39.6,189.6,46.6,1770.0,0,falla_alimentacion
36,111,43.8,82.4,100.0,1669.0,0,falla_alimentacion
36,112,57.7,181.9,29.1,1952.0,0,falla_alimentacion
36,113,36.6,30.7,58.8,2028.0,1,falla_alimentacion
36,114,56.0,93.6,52.7,1826.0,0,falla_alimentacion
36,115,47.4,119.0,62.7,1711.0,1,falla_alimentacion
36,116,33.7,187.4,56.2,1898.0,0,falla_alimentacion
36,117,46.4,221.3,82.0,1619.0,0,falla_alimentacion
36,118,55.9,119.2,62.8,2051.0,0,falla_alimentacion
36,119,68.5,136.9,38.7,2028.0,0,falla_alimentacion
36,120,64.9,186.8,29.3,1899.0,0,falla_alimentacion
36,121,42.6,241.2,35.8,1714.0,1,falla_alimentacion
36,122,56.4,193.5,34.7,1762.0,0,falla_alimentacion
36,123,46.4,85.5,72.0,1452.0,1,falla_alimentacion
36,124,45.1,179.4,52.9,1647.0,0,falla_alimentacion
36,125,58.0,110.9,64.9,1947.0,0,falla_alimentacion
36,126,51.8,203.0,20.6,1645.0,0,falla_alimentacion
36,127,51.8,168.5,47.1,2277.0,0,falla_alimentacion
36,128,36.6,94.0,67.1,1701.0,0,falla_alimentacion
36,129,42.3,189.7,81.0,1614.0,0,falla_alimentacion
36,130,42.8,163.8,17.9,1867.0,1,falla_alimentacion
36,131,54.1,157.9,94.2,1876.0,0,falla_alimentacion
36,132,55.9,141.3,91.0,2073.0,1,falla_alimentacion
36,133,63.9,116.4,80.4,1749.0,0,falla_alimentacion
36,134,42.5,167.8,86.6,1622.0,1,falla_alimentacion
36,135,64.1,239.1,45.5,1683.0,1,falla_alimentacion
36,136,47.9,225.9,35.1,2041.0,0,falla_alimentacion
36,137,50.6,131.7,57.1,2128.0,1,falla_alimentacion
36,138,49.1,45.3,62.5,1681.0,0,falla_alimentacion
36,139,52.0,115.4,39.4,1770.0,0,falla_alimentacion
36,140,55.6,146.6,69.7,2077.0,0,falla_alimentacion
36,141,58.3,152.8,90.2,1947.0,0,falla_alimentacion
36,142,48.0,180.4,77.4,1682.0,0,falla_alimentacion
36,143,50.7,172.7,56.2,1563.0,0,falla_alimentacion
36,144,42.7,173.3,0.0,1665.0,0,falla_alimentacion
36,145,55.4,111.5,16.6,1965.0,0,falla_alimentacion
36,146,52.1,116.5,52.6,1496.0,1,falla_alimentacion
36,147,43.8,91.3,71.1,1835.0,1,falla_alimentacion
36,148,40.1,151.7,19.4,1721.0,1,falla_alimentacion
36,149,51.3,178.9,57.4,1648.0,0,falla_alimentacion
36,150,60.5,188.1,72.8,1697.0,1,falla_alimentacion
36,151,62.7,27.1,53.4,1970.0,0,falla_alimentacion
36,152,39.7,161.2,39.5,1901.0,0,falla_alimentacion
36,153,57.5,93.1,17.9,2002.0,0,falla_alimentacion
36,154,56.4,166.6,74.3,1632.0,0,falla_alimentacion
36,155,61.1,92.8,38.6,1459.0,0,falla_alimentacion
36,156,53.8,173.1,96.2,1831.0,0,falla_alimentacion
36,157,47.3,110.9,59.4,1792.0,1,falla_alimentacion
36,158,56.3,111.8,64.2,1696.0,0,falla_alimentacion
36,159,29.4,176.2,75.8,1399.0,0,falla_alimentacion
36,160,42.1,115.2,45.9,1967.0,0,falla_alimentacion
36,161,43.0,183.1,66.7,1204.0,0,falla_alimentacion
36,162,44.6,173.4,38.9,1937.0,0,falla_alimentacion
36,163,37.8,135.0,35.0,1928.0,1,falla_alimentacion
36,164,45.5,119.6,32.2,1915.0,0,falla_alimentacion
36,165,45.6,197.4,42.8,1781.0,2,falla_alimentacion
36,166,47.9,177.3,100.0,1339.0,2,falla_alimentacion
36,167,52.3,213.9,32.4,1473.0,0,falla_alimentacion
36,168,40.0,61.6,70.3,1627.0,0,falla_alimentacion
36,169,46.4,127.0,49.3,2164.0,0,falla_alimentacion
36,170,49.3,119.5,26.6,1985.0,0,falla_alimentacion
36,171,35.2,163.0,74.8,1758.0,0,falla_alimentacion
36,172,49.4,97.3,42.4,1671.0,0,falla_alimentacion
36,173,51.9,103.6,43.8,1821.0,0,falla_alimentacion
36,174,56.1,141.8,82.1,1963.0,1,falla_alimentacion
36,175,39.4,55.6,48.4,1854.0,0,falla_alimentacion
36,176,48.8,49.5,60.6,1516.0,0,falla_alimentacion
36,177,59.9,134.8,54.3,2081.0,0,falla_alimentacion
36,178,36.1,259.4,52.7,1890.0,0,falla_alimentacion
36,179,49.9,145.1,22.0,1693.0,1,falla_alimentacion
36,180,37.8,123.1,76.4,1865.0,0,falla_alimentacion
36,181,46.6,159.4,60.5,2037.0,0,falla_alimentacion
36,182,43.6,166.0,75.3,1871.0,0,falla_alimentacion
36,183,53.0,134.2,57.9,1882.0,1,falla_alimentacion
36,184,47.6,109.6,81.4,2101.0,0,falla_alimentacion
36,185,39.8,69.4,58.8,1669.0,0,falla_alimentacion
36,186,62.2,180.5,89.3,1603.0,0,falla_alimentacion
36,187,51.4,118.8,32.4,1706.0,0,falla_alimentacion
36,188,57.9,161.3,35.2,1968.0,0,falla_alimentacion
36,189,41.2,187.5,99.7,1992.0,0,falla_alimentacion
36,190,46.9,126.2,75.7,1832.0,0,falla_alimentacion
36,191,58.0,74.1,100.0,1631.0,0,falla_alimentacion
36,192,44.0,129.8,70.3,2156.0,0,falla_alimentacion
36,193,50.0,133.0,48.0,1568.0,0,falla_alimentacion
36,194,49.5,162.3,100.0,1708.0,0,falla_alimentacion
36,195,31.1,114.3,9.5,1659.0,0,falla_alimentacion
36,196,49.4,112.0,75.0,2012.0,0,falla_alimentacion
36,197,46.6,122.7,0.0,1765.0,0,falla_alimentacion
36,198,48.7,156.7,92.7,2129.0,0,falla_alimentacion
36,199,44.2,180.5,29.3,1960.0,0,falla_alimentacion
36,200,39.7,245.0,47.3,1614.0,0,falla_alimentacion
36,201,43.5,226.8,30.8,1737.0,0,falla_alimentacion
36,202,45.8,134.0,69.8,1693.0,1,falla_alimentacion
36,203,54.9,107.7,50.4,2077.0,0,falla_alimentacion
36,204,45.5,111.9,89.6,1969.0,0,falla_alimentacion
36,205,50.9,80.9,38.5,1483.0,1,falla_alimentacion
36,206,51.6,145.6,25.5,1905.0,0,falla_alimentacion
36,207,45.7,95.4,43.2,1787.0,0,falla_alimentacion
36,208,57.8,90.2,95.9,1545.0,0,falla_alimentacion
36,209,47.0,93.2,81.1,1635.0,0,falla_alimentacion
36,210,45.5,180.0,83.9,1757.0,1,falla_alimentacion
36,211,58.8,136.3,41.2,1357.0,0,falla_alimentacion
36,212,51.1,78.7,22.0,1844.0,0,falla_alimentacion
36,213,30.9,179.7,90.5,1817.0,0,falla_alimentacion
36,214,28.7,193.6,20.6,1749.0,0,falla_alimentacion
36,215,62.7,119.3,55.2,1807.0,0,falla_alimentacion
36,216,50.7,104.7,38.4,1755.0,0,falla_alimentacion
36,217,48.6,100.7,56.9,1575.0,0,falla_alimentacion
36,218,32.3,151.9,12.3,1672.0,0,falla_alimentacion
36,219,48.8,181.0,76.3,1645.0,1,falla_alimentacion
36,220,41.6,147.6,89.3,1926.0,0,falla_alimentacion
36,221,47.5,79.4,81.1,1587.0,0,falla_alimentacion
36,222,44.2,187.9,27.2,1689.0,0,falla_alimentacion
36,223,47.7,137.6,65.9,1805.0,0,falla_alimentacion
36,224,51.5,131.0,50.7,1495.0,0,falla_alimentacion
36,225,53.0,159.4,55.0,1709.0,0,falla_alimentacion
36,226,49.5,187.0,96.5,1805.0,0,falla_alimentacion
36,227,50.9,88.8,44.1,1831.0,0,falla_alimentacion
36,228,35.7,79.6,72.0,1868.0,1,falla_alimentacion
36,229,49.3,137.8,11.4,1645.0,0,falla_alimentacion
36,230,51.7,138.4,56.8,1579.0,0,falla_alimentacion
36,231,49.4,180.6,78.3,1704.0,2,falla_alimentacion
36,232,61.9,197.1,51.2,1837.0,0,falla_alimentacion
36,233,47.9,117.4,70.4,1740.0,0,falla_alimentacion
36,234,39.4,154.8,34.7,1574.0,0,falla_alimentacion
36,235,50.0,160.7,43.3,2241.0,0,falla_alimentacion
36,236,45.4,165.1,51.6,1640.0,0,falla_alimentacion
36,237,36.2,67.0,41.4,1533.0,0,falla_alimentacion
36,238,47.6,163.5,77.5,1659.0,1,falla_alimentacion
36,239,61.8,102.6,82.3,1973.0,0,falla_alimentacion
36,240,47.0,165.7,71.2,1914.0,0,falla_alimentacion
36,241,58.7,87.9,0.0,2157.0,1,falla_alimentacion
36,242,55.7,142.6,47.0,1598.0,0,falla_alimentacion
36,243,68.9,126.1,76.1,1740.0,1,falla_alimentacion
36,244,53.6,235.8,50.9,2003.0,0,falla_alimentacion
36,245,50.6,99.6,49.4,1590.0,0,falla_alimentacion
36,246,50.7,96.3,78.4,2032.0,0,falla_alimentacion
36,247,52.2,205.9,79.7,1807.0,0,falla_alimentacion
36,248,47.9,178.1,70.0,1640.0,0,falla_alimentacion
36,249,45.9,150.7,17.8,1457.0,0,falla_alimentacion
36,250,53.7,116.6,27.0,1904.0,0,falla_alimentacion
36,251,44.9,86.3,64.8,2095.0,0,falla_alimentacion
36,252,35.1,118.7,3.0,1868.0,0,falla_alimentacion
36,253,39.5,113.9,96.0,1879.0,0,falla_alimentacion
36,254,63.2,106.5,58.4,1853.0,0,falla_alimentacion
36,255,47.4,114.9,37.4,1984.0,0,falla_alimentacion
36,256,56.1,112.8,41.7,2045.0,0,falla_alimentacion
36,257,44.4,181.4,85.2,1223.0,0,falla_alimentacion
36,258,57.1,75.4,23.5,1736.0,0,falla_alimentacion
36,259,53.2,155.8,6.9,1676.0,0,falla_alimentacion
36,260,65.9,150.2,30.2,1838.0,0,falla_alimentacion
36,261,60.5,135.2,62.4,1721.0,1,falla_alimentacion
36,262,55.9,168.2,95.1,1889.0,0,falla_alimentacion
36,263,45.3,157.5,85.4,1867.0,1,falla_alimentacion
36,264,40.6,142.7,44.1,1417.0,0,falla_alimentacion
36,265,48.9,187.8,62.1,1365.0,0,falla_alimentacion
36,266,50.2,27.7,63.7,1951.0,1,falla_alimentacion
36,267,46.7,236.8,60.5,1634.0,0,falla_alimentacion
36,268,55.6,191.0,5.8,2144.0,0,falla_alimentacion
36,269,50.6,215.9,47.2,1970.0,1,falla_alimentacion
36,270,50.0,99.0,74.8,1442.0,2,falla_alimentacion
36,271,62.2,141.7,100.0,1641.0,0,falla_alimentacion
36,272,50.8,152.6,64.9,1848.0,0,falla_alimentacion
36,273,39.2,121.9,82.3,1711.0,0,falla_alimentacion
36,274,58.2,146.8,77.1,1765.0,0,falla_alimentacion
36,275,51.7,150.6,45.5,1578.0,0,falla_alimentacion
36,276,47.8,84.8,21.6,1869.0,1,falla_alimentacion
36,277,42.4,172.2,83.3,1804.0,1,falla_alimentacion
36,278,60.1,168.5,100.0,1951.0,0,falla_alimentacion
36,279,63.5,108.4,44.4,1790.0,0,falla_alimentacion
36,280,44.6,80.4,84.8,1674.0,0,falla_alimentacion
36,281,52.4,144.7,58.8,1827.0,0,falla_alimentacion
36,282,53.5,102.0,20.5,1873.0,0,falla_alimentacion
36,283,36.1,152.1,56.2,1800.0,0,falla_alimentacion
36,284,49.7,104.3,40.8,2046.0,0,falla_alimentacion
36,285,36.1,207.4,66.1,1583.0,0,falla_alimentacion
36,286,49.9,109.1,65.0,1982.0,0,falla_alimentacion
36,287,68.1,99.8,38.9,1556.0,1,falla_alimentacion
36,288,38.4,141.1,22.3,1931.0,0,falla_alimentacion
36,289,65.0,68.1,43.5,1389.0,2,falla_alimentacion
36,290,64.2,101.0,93.7,1740.0,2,falla_alimentacion
36,291,50.0,65.5,25.7,1991.0,0,falla_alimentacion
36,292,54.1,149.6,73.1,1717.0,0,falla_alimentacion
36,293,47.7,181.7,70.0,1779.0,0,falla_alimentacion
36,294,46.4,120.7,41.2,1853.0,0,falla_alimentacion
36,295,51.6,196.4,33.9,1333.0,0,falla_alimentacion
36,296,43.8,101.7,69.8,1856.0,0,falla_alimentacion
36,297,53.8,119.0,54.3,1606.0,0,falla_alimentacion
36,298,50.3,180.3,42.4,1985.0,0,falla_alimentacion
36,299,41.5,172.2,66.8,1775.0,0,falla_alimentacion
37,0,56.2,135.7,58.3,1552.0,0,falla_alimentacion
37,1,39.6,61.0,50.0,2248.0,0,falla_alimentacion
37,2,57.8,171.6,97.1,1736.0,1,falla_alimentacion
37,3,51.9,146.7,42.2,1955.0,0,falla_alimentacion
37,4,53.6,227.6,42.0,1352.0,0,falla_alimentacion
37,5,33.9,156.9,67.4,1782.0,0,falla_alimentacion
37,6,50.0,171.2,0.0,1766.0,1,falla_alimentacion
37,7,48.9,166.1,59.0,1747.0,0,falla_alimentacion
37,8,44.5,143.5,57.0,1520.0,0,falla_alimentacion
37,9,58.6,145.3,33.7,1840.0,0,falla_alimentacion
37,10,36.9,137.5,54.6,2044.0,0,falla_alimentacion
37,11,74.2,32.6,61.5,2220.0,0,falla_alimentacion
37,12,41.1,190.5,53.9,2130.0,0,falla_alimentacion
37,13,53.8,190.9,75.4,2053.0,0,falla_alimentacion
37,14,51.7,178.9,61.7,2142.0,0,falla_alimentacion
37,15,59.3,144.0,50.8,2165.0,0,falla_alimentacion
37,16,63.4,133.9,72.5,1615.0,0,falla_alimentacion
37,17,46.5,89.0,61.7,1850.0,0,falla_alimentacion
37,18,51.4,83.7,100.0,1545.0,0,falla_alimentacion
37,19,46.6,113.3,80.6,1908.0,1,falla_alimentacion
37,20,42.3,149.1,41.8,1751.0,0,falla_alimentacion
37,21,50.3,156.8,12.0,1769.0,0,falla_alimentacion
37,22,49.8,116.8,38.1,1745.0,0,falla_alimentacion
37,23,50.1,81.3,3.9,1301.0,0,falla_alimentacion
37,24,47.0,110.0,71.6,1418.0,1,falla_alimentacion
37,25,52.7,134.6,47.7,1971.0,0,falla_alimentacion
37,26,56.3,69.7,35.8,1665.0,0,falla_alimentacion
37,27,40.4,148.2,69.9,2005.0,1,falla_alimentacion
37,28,54.9,212.5,45.8,1768.0,0,falla_alimentacion
37,29,62.5,103.9,64.9,1483.0,1,falla_alimentacion
37,30,39.8,235.4,48.3,1520.0,1,falla_alimentacion
37,31,51.2,108.3,56.9,1666.0,0,falla_alimentacion
37,32,53.6,130.0,87.3,1614.0,0,falla_alimentacion
37,33,56.3,161.7,77.9,1782.0,0,falla_alimentacion
37,34,57.2,137.9,90.8,1850.0,0,falla_alimentacion
37,35,59.6,63.7,63.6,1868.0,0,falla_alimentacion
37,36,51.1,151.3,9.8,1846.0,0,falla_alimentacion
37,37,42.0,143.5,37.9,1977.0,1,falla_alimentacion
37,38,47.1,128.2,14.6,2001.0,1,falla_alimentacion
37,39,61.5,143.2,78.0,1614.0,0,falla_alimentacion
37,40,43.0,159.9,55.4,1427.0,0,falla_alimentacion
37,41,54.2,100.1,86.5,1664.0,0,falla_alimentacion
37,42,56.8,164.1,80.9,1817.0,1,falla_alimentacion
37,43,54.9,112.6,51.9,1695.0,0,falla_alimentacion
37,44,57.4,209.1,98.6,1927.0,0,falla_alimentacion
37,45,49.7,186.8,79.0,1534.0,0,falla_alimentacion
37,46,49.2,95.2,57.0,2116.0,0,falla_alimentacion
37,47,64.5,195.3,65.9,1957.0,0,falla_alimentacion
37,48,65.8,158.3,90.3,1723.0,0,falla_alimentacion
37,49,61.6,163.9,66.2,1647.0,0,falla_alimentacion
37,50,54.4,131.8,38.3,1770.0,0,falla_alimentacion
37,51,45.4,124.6,25.6,2030.0,0,falla_alimentacion
37,52,51.1,127.8,48.4,1720.0,1,falla_alimentacion
37,53,49.0,97.1,38.0,1684.0,1,falla_alimentacion
37,54,58.8,55.8,60.1,1799.0,0,falla_alimentacion
37,55,53.1,111.3,42.1,1549.0,0,falla_alimentacion
37,56,54.7,111.1,45.4,2015.0,0,falla_alimentacion
37,57,49.7,91.0,85.3,1924.0,0,falla_alimentacion
37,58,30.0,166.2,96.4,1981.0,1,falla_alimentacion
37,59,60.5,151.0,35.6,2077.0,0,falla_alimentacion
37,60,49.5,113.3,46.0,1642.0,0,falla_alimentacion
37,61,57.7,126.0,49.3,1803.0,0,falla_alimentacion
37,62,47.3,150.0,62.8,1781.0,1,falla_alimentacion
37,63,63.0,107.3,63.6,2117.0,0,falla_alimentacion
37,64,45.7,25.1,42.3,1717.0,0,falla_alimentacion
37,65,49.4,193.8,67.7,1442.0,1,falla_alimentacion
37,66,50.1,134.8,43.5,1708.0,0,falla_alimentacion
37,67,37.9,152.2,45.7,1977.0,1,falla_alimentacion
37,68,53.3,147.7,32.3,1907.0,1,falla_alimentacion
37,69,56.6,75.1,80.9,1781.0,0,falla_alimentacion
37,70,53.4,109.1,77.7,1724.0,0,falla_alimentacion
37,71,68.5,139.4,63.7,1868.0,0,falla_alimentacion
37,72,42.9,131.0,71.6,1913.0,0,falla_alimentacion
37,73,36.2,88.9,82.7,1843.0,0,falla_alimentacion
37,74,40.5,155.4,73.8,1730.0,0,falla_alimentacion
37,75,50.7,165.6,73.2,1794.0,0,falla_alimentacion
37,76,59.6,122.9,44.3,1691.0,1,falla_alimentacion
37,77,51.4,185.1,17.4,2007.0,0,falla_alimentacion
37,78,46.1,164.0,35.2,1774.0,0,falla_alimentacion
37,79,62.0,157.4,100.0,1613.0,0,falla_alimentacion
37,80,49.1,117.5,49.1,2252.0,0,falla_alimentacion
37,81,39.0,132.4,95.0,1654.0,2,falla_alimentacion
37,82,58.0,177.5,68.5,1621.0,0,falla_alimentacion
37,83,55.2,74.8,54.3,1559.0,0,falla_alimentacion
37,84,51.9,77.7,32.4,1663.0,0,falla_alimentacion
37,85,63.0,121.6,37.4,1949.0,0,falla_alimentacion
37,86,49.2,139.1,51.7,1484.0,0,falla_alimentacion
37,87,52.2,135.6,51.6,1832.0,0,falla_alimentacion
37,88,42.2,163.5,68.7,1683.0,0,falla_alimentacion
37,89,44.4,150.9,38.0,1638.0,1,falla_alimentacion
37,90,46.2,140.9,39.0,1452.0,0,falla_alimentacion
37,91,55.5,126.4,76.8,1791.0,0,falla_alimentacion
37,92,44.6,176.8,100.0,1457.0,1,falla_alimentacion
37,93,49.2,194.0,57.1,1744.0,0,falla_alimentacion
37,94,48.2,126.7,66.1,1868.0,0,falla_alimentacion
37,95,49.6,157.5,51.3,1348.0,0,falla_alimentacion
37,96,43.9,128.4,53.4,1939.0,0,falla_alimentacion
37,97,48.3,85.6,49.7,1405.0,0,falla_alimentacion
37,98,40.8,65.0,46.3,2163.0,0,falla_alimentacion
37,99,49.7,192.9,68.9,1761.0,1,falla_alimentacion
37,100,49.8,176.0,70.4,1627.0,0,falla_alimentacion
37,101,50.6,158.1,48.9,1841.0,0,falla_alimentacion
37,102,54.5,184.9,40.6,1620.0,0,falla_alimentacion
37,103,64.5,104.0,43.1,1314.0,0,falla_alimentacion
37,104,36.7,180.1,71.3,2028.0,1,falla_alimentacion
37,105,47.0,155.7,34.9,1731.0,0,falla_alimentacion
37,106,42.7,120.6,29.6,1815.0,0,falla_alimentacion
37,107,52.5,36.3,62.1,1767.0,0,falla_alimentacion
37,108,55.7,75.7,53.3,1634.0,0,falla_alimentacion
37,109,40.3,217.4,51.5,1577.0,0,falla_alimentacion
37,110,52.5,215.8,75.8,1946.0,0,falla_alimentacion
37,111,56.9,76.2,53.7,1902.0,0,falla_alimentacion
37,112,53.4,50.1,38.6,1791.0,2,falla_alimentacion
37,113,47.3,198.6,59.3,2004.0,0,falla_alimentacion
37,114,55.4,136.4,38.7,1785.0,0,falla_alimentacion
37,115,48.0,107.6,77.1,2024.0,0,falla_alimentacion
37,116,57.2,84.5,55.6,2095.0,0,falla_alimentacion
37,117,52.8,84.1,29.3,2017.0,0,falla_alimentacion
37,118,48.5,198.7,58.9,1882.0,1,falla_alimentacion
37,119,39.9,151.2,35.1,1598.0,0,falla_alimentacion
37,120,50.1,59.3,80.7,1889.0,1,falla_alimentacion
37,121,41.4,108.4,52.5,1705.0,1,falla_alimentacion
37,122,41.3,211.2,70.7,1944.0,0,falla_alimentacion
37,123,47.2,153.6,39.5,2123.0,0,falla_alimentacion
37,124,49.4,77.1,50.2,1782.0,0,falla_alimentacion
37,125,40.4,110.8,65.4,1576.0,0,falla_alimentacion
37,126,48.7,135.1,51.1,1940.0,0,falla_alimentacion
37,127,48.1,182.7,32.7,1798.0,0,falla_alimentacion
37,128,45.2,135.6,72.9,2107.0,1,falla_alimentacion
37,129,47.9,202.0,62.1,1811.0,0,falla_alimentacion
37,130,55.2,151.8,28.1,1786.0,1,falla_alimentacion
37,131,46.9,36.9,45.9,1819.0,0,falla_alimentacion
37,132,54.7,164.1,34.5,1862.0,0,falla_alimentacion
37,133,49.4,131.8,42.9,1404.0,0,falla_alimentacion
37,134,58.1,117.2,43.7,1638.0,0,falla_alimentacion
37,135,56.5,157.7,49.1,2021.0,0,falla_alimentacion
37,136,48.3,128.8,19.5,1670.0,0,falla_alimentacion
37,137,44.6,149.1,44.6,1794.0,0,falla_alimentacion
37,138,53.9,116.4,79.1,1754.0,0,falla_alimentacion
37,139,45.8,114.7,98.1,1663.0,1,falla_alimentacion
37,140,37.5,189.8,26.5,1768.0,2,falla_alimentacion
37,141,55.9,145.1,82.0,1596.0,1,falla_alimentacion
37,142,45.1,158.4,100.0,1504.0,0,falla_alimentacion
37,143,33.4,114.0,50.1,1841.0,0,falla_alimentacion
37,144,49.4,187.9,67.8,2122.0,1,falla_alimentacion
37,145,57.5,149.3,80.4,1949.0,1,falla_alimentacion
37,146,45.3,124.8,44.1,1954.0,0,falla_alimentacion
37,147,47.2,197.0,78.8,2011.0,0,falla_alimentacion
37,148,54.0,124.8,50.2,1841.0,1,falla_alimentacion
37,149,46.4,148.1,78.9,1805.0,0,falla_alimentacion
37,150,49.2,85.9,92.9,1628.0,1,falla_alimentacion
37,151,57.2,111.8,86.5,1958.0,0,falla_alimentacion
37,152,55.4,174.9,47.2,1855.0,0,falla_alimentacion
37,153,51.8,137.7,70.0,1662.0,0,falla_alimentacion
37,154,36.7,144.1,43.3,1737.0,0,falla_alimentacion
37,155,54.7,136.0,26.5,1575.0,0,falla_alimentacion
37,156,46.8,137.8,49.5,1905.0,0,falla_alimentacion
37,157,53.9,115.7,75.4,2109.0,0,falla_alimentacion
37,158,37.9,118.8,48.2,1574.0,0,falla_alimentacion
37,159,57.5,126.8,91.4,2009.0,0,falla_alimentacion
37,160,43.3,126.9,56.9,2042.0,1,falla_alimentacion
37,161,53.4,160.8,28.2,1567.0,1,falla_alimentacion
37,162,57.5,159.3,48.1,1387.0,0,falla_alimentacion
37,163,53.1,199.3,39.0,1813.0,0,falla_alimentacion
37,164,53.1,171.2,87.9,1765.0,0,falla_alimentacion
37,165,50.7,100.1,67.6,1756.0,0,falla_alimentacion
37,166,40.2,109.9,53.5,2025.0,0,falla_alimentacion
37,167,60.6,181.9,73.6,1730.0,0,falla_alimentacion
37,168,58.8,169.7,35.7,2284.0,0,falla_alimentacion
37,169,46.9,186.8,26.6,1493.0,0,falla_alimentacion
37,170,22.6,139.8,23.6,1627.0,0,falla_alimentacion
37,171,58.1,128.3,9.3,1625.0,0,falla_alimentacion
37,172,35.4,155.4,28.5,1763.0,0,falla_alimentacion
37,173,54.3,78.2,69.1,2084.0,0,falla_alimentacion
37,174,44.2,131.1,73.3,1577.0,2,falla_alimentacion
37,175,53.8,228.2,33.3,1619.0,0,falla_alimentacion
37,176,41.9,125.1,4.8,1673.0,1,falla_alimentacion
37,177,50.0,139.3,44.9,1782.0,0,falla_alimentacion
37,178,36.3,130.9,67.5,1832.0,0,falla_alimentacion
37,179,50.1,207.6,75.8,1722.0,1,falla_alimentacion
37,180,50.0,86.7,61.1,1542.0,0,falla_alimentacion
37,181,55.7,170.4,29.8,1781.0,0,falla_alimentacion
37,182,46.2,122.0,73.2,2087.0,1,falla_alimentacion
37,183,52.3,110.8,64.9,1983.0,0,falla_alimentacion
37,184,46.8,64.6,73.5,1709.0,0,falla_alimentacion
37,185,53.6,217.2,32.7,1814.0,0,falla_alimentacion
37,186,53.1,172.6,67.8,1900.0,0,falla_alimentacion
37,187,57.0,80.3,76.7,1977.0,0,falla_alimentacion
37,188,40.6,83.3,21.2,2107.0,0,falla_alimentacion
37,189,49.3,110.9,39.6,1854.0,1,falla_alimentacion
37,190,52.3,162.5,17.0,1565.0,0,falla_alimentacion
37,191,64.6,134.2,34.7,1494.0,0,falla_alimentacion
37,192,65.9,98.9,52.4,1921.0,0,falla_alimentacion
37,193,39.1,136.4,18.8,1511.0,1,falla_alimentacion
37,194,45.1,197.1,82.8,1963.0,0,falla_alimentacion
37,195,30.0,166.8,83.2,1681.0,0,falla_alimentacion
37,196,67.6,58.7,51.7,1557.0,2,falla_alimentacion
37,197,52.5,92.7,38.6,1903.0,0,falla_alimentacion
37,198,54.6,134.1,53.9,1595.0,1,falla_alimentacion
37,199,47.5,146.0,91.5,1894.0,1,falla_alimentacion
37,200,50.0,198.9,70.6,1837.0,0,falla_alimentacion
37,201,59.0,139.5,10.0,1420.0,0,falla_alimentacion
37,202,41.6,164.3,0.0,2083.0,0,falla_alimentacion
37,203,41.0,41.6,32.4,2059.0,0,falla_alimentacion
37,204,48.1,122.1,53.9,1990.0,0,falla_alimentacion
37,205,50.1,171.4,12.4,1995.0,0,falla_alimentacion
37,206,54.4,225.0,49.8,1654.0,1,falla_alimentacion
37,207,50.2,79.7,13.1,2032.0,0,falla_alimentacion
37,208,43.2,132.3,55.2,1952.0,0,falla_alimentacion
37,209,47.0,60.7,60.4,1382.0,0,falla_alimentacion
37,210,51.4,130.8,97.6,1607.0,0,falla_alimentacion
37,211,55.3,186.9,51.7,1648.0,0,falla_alimentacion
37,212,58.0,181.5,46.1,2096.0,0,falla_alimentacion
37,213,47.8,137.8,88.3,1607.0,0,falla_alimentacion
37,214,44.3,128.4,71.3,1683.0,0,falla_alimentacion
37,215,42.8,257.0,56.1,1543.0,0,falla_alimentacion
37,216,59.3,130.2,47.4,1704.0,0,falla_alimentacion
37,217,46.5,115.2,97.5,2007.0,0,falla_alimentacion
37,218,43.9,114.6,36.7,1515.0,0,falla_alimentacion
37,219,51.3,73.9,18.1,1894.0,0,falla_alimentacion
37,220,62.9,159.7,50.2,1625.0,0,falla_alimentacion
37,221,42.6,169.1,47.1,2177.0,0,falla_alimentacion
37,222,54.7,167.6,85.1,1823.0,0,falla_alimentacion
37,223,46.4,174.8,58.9,1783.0,0,falla_alimentacion
37,224,50.9,113.1,77.9,1684.0,0,falla_alimentacion
37,225,56.5,132.5,0.0,1843.0,0,falla_alimentacion
37,226,59.7,191.8,46.6,1506.0,0,falla_alimentacion
37,227,45.8,118.8,91.9,1819.0,0,falla_alimentacion
37,228,56.0,114.7,28.0,1683.0,0,falla_alimentacion
37,229,51.9,184.7,48.0,1674.0,0,falla_alimentacion
37,230,53.2,104.1,76.0,2212.0,1,falla_alimentacion
37,231,59.9,88.4,42.4,2081.0,0,falla_alimentacion
37,232,44.3,92.7,74.6,2092.0,0,falla_alimentacion
37,233,56.2,261.5,39.9,1970.0,0,falla_alimentacion
37,234,51.3,185.2,54.1,1882.0,0,falla_alimentacion
37,235,59.5,167.9,71.8,2094.0,0,falla_alimentacion
37,236,53.3,97.7,27.7,1866.0,0,falla_alimentacion
37,237,48.8,162.4,34.6,1924.0,0,falla_alimentacion
37,238,57.0,216.2,77.9,2077.0,1,falla_alimentacion
37,239,45.5,156.2,35.3,1963.0,0,falla_alimentacion
37,240,46.8,90.2,58.2,1889.0,0,falla_alimentacion
37,241,44.0,164.0,79.3,1959.0,0,falla_alimentacion
37,242,45.0,132.8,57.3,1822.0,0,falla_alimentacion
37,243,28.1,146.2,61.8,1902.0,0,falla_alimentacion
37,244,45.9,96.5,93.7,1921.0,0,falla_alimentacion
37,245,49.4,105.7,100.0,1553.0,0,falla_alimentacion
37,246,56.1,118.7,58.4,1653.0,0,falla_alimentacion
37,247,42.6,105.0,44.4,1946.0,0,falla_alimentacion
37,248,46.0,137.3,75.8,1826.0,1,falla_alimentacion
37,249,48.6,109.2,35.6,1796.0,0,falla_alimentacion
37,250,56.1,213.7,87.8,1859.0,2,falla_alimentacion
37,251,51.4,162.1,41.3,1403.0,0,falla_alimentacion
37,252,53.0,174.1,44.4,1766.0,0,falla_alimentacion
37,253,57.1,133.7,29.3,1768.0,1,falla_alimentacion
37,254,54.0,49.8,33.8,1836.0,0,falla_alimentacion
37,255,45.2,177.8,84.5,1971.0,0,falla_alimentacion
37,256,63.7,135.1,63.6,1727.0,1,falla_alimentacion
37,257,34.8,158.7,53.7,2069.0,0,falla_alimentacion
37,258,57.2,136.8,100.0,1605.0,0,falla_alimentacion
37,259,53.5,39.8,58.0,1939.0,0,falla_alimentacion
37,260,60.0,120.6,54.6,1696.0,1,falla_alimentacion
37,261,48.1,102.8,27.2,2034.0,0,falla_alimentacion
37,262,46.0,149.3,34.8,1844.0,0,falla_alimentacion
37,263,41.2,160.6,31.6,1559.0,1,falla_alimentacion
37,264,41.5,237.0,37.9,1821.0,0,falla_alimentacion
37,265,48.7,161.0,43.3,1880.0,0,falla_alimentacion
37,266,43.3,114.8,47.9,1845.0,1,falla_alimentacion
37,267,44.3,121.0,72.5,1866.0,0,falla_alimentacion
37,268,41.5,163.2,54.4,1755.0,1,falla_alimentacion
37,269,58.3,178.0,99.7,1688.0,0,falla_alimentacion
37,270,44.2,83.9,70.8,1471.0,0,falla_alimentacion
37,271,53.2,128.9,37.3,1917.0,0,falla_alimentacion
37,272,49.0,133.0,66.3,1902.0,0,falla_alimentacion
37,273,52.8,67.3,58.8,2182.0,0,falla_alimentacion
37,274,47.9,172.4,89.9,1792.0,1,falla_alimentacion
37,275,56.2,150.1,75.5,1856.0,0,falla_alimentacion
37,276,54.9,131.2,56.7,1830.0,0,falla_alimentacion
37,277,59.7,151.0,98.7,1973.0,0,falla_alimentacion
37,278,44.7,169.4,68.9,1697.0,0,falla_alimentacion
37,279,43.2,227.0,70.0,1830.0,0,falla_alimentacion
37,280,46.9,169.5,92.6,1805.0,0,falla_alimentacion
37,281,50.9,88.5,76.4,1949.0,2,falla_alimentacion
37,282,54.2,266.9,60.4,2244.0,1,falla_alimentacion
37,283,45.0,89.5,53.1,1866.0,0,falla_alimentacion
37,284,51.6,157.5,4.5,1511.0,0,falla_alimentacion
37,285,48.5,130.7,8.9,1566.0,0,falla_alimentacion
37,286,47.9,134.7,52.1,2011.0,0,falla_alimentacion
37,287,49.9,157.1,41.1,1467.0,0,falla_alimentacion
37,288,62.0,160.5,55.5,1863.0,2,falla_alimentacion
37,289,56.3,202.1,80.4,1654.0,0,falla_alimentacion
37,290,58.4,110.4,35.7,2340.0,0,falla_alimentacion
37,291,52.9,158.0,15.6,1558.0,0,falla_alimentacion
37,292,64.1,167.3,22.5,1668.0,1,falla_alimentacion
37,293,57.1,245.9,30.4,1956.0,0,falla_alimentacion
37,294,38.6,162.5,26.5,1754.0,0,falla_alimentacion
37,295,55.8,88.2,56.1,1656.0,0,falla_alimentacion
37,296,52.7,201.8,93.5,1607.0,0,falla_alimentacion
37,297,55.0,120.1,70.4,1669.0,1,falla_alimentacion
37,298,38.0,101.3,72.2,1619.0,0,falla_alimentacion
37,299,38.3,199.7,60.5,1797.0,0,falla_alimentacion
38,0,51.4,41.8,40.7,1832.0,0,falla_alimentacion
38,1,52.9,188.4,76.9,1714.0,0,falla_alimentacion
38,2,57.0,152.7,46.2,1218.0,2,falla_alimentacion
38,3,41.2,169.7,37.9,1710.0,0,falla_alimentacion
38,4,46.7,173.0,81.1,1785.0,0,falla_alimentacion
38,5,52.4,86.9,74.5,1794.0,0,falla_alimentacion
38,6,58.9,149.0,47.8,1902.0,0,falla_alimentacion
38,7,57.3,145.4,60.8,1707.0,0,falla_alimentacion
38,8,46.1,89.0,26.8,1905.0,0,falla_alimentacion
38,9,54.2,210.4,49.3,1603.0,0,falla_alimentacion
38,10,45.8,229.3,53.2,1986.0,0,falla_alimentacion
38,11,46.7,127.6,22.6,1989.0,1,falla_alimentacion
38,12,47.5,167.9,13.7,1853.0,0,falla_alimentacion
38,13,44.9,142.2,45.0,1941.0,0,falla_alimentacion
38,14,55.9,128.5,81.4,1728.0,1,falla_alimentacion
38,15,57.4,124.6,69.5,1753.0,0,falla_alimentacion
38,16,46.8,87.9,40.0,1741.0,0,falla_alimentacion
38,17,51.4,160.9,100.0,2049.0,0,falla_alimentacion
38,18,46.9,115.8,28.2,1829.0,1,falla_alimentacion
38,19,42.5,171.4,68.7,1636.0,0,falla_alimentacion
38,20,41.3,124.1,41.8,1777.0,0,falla_alimentacion
38,21,64.0,91.1,85.3,1694.0,0,falla_alimentacion
38,22,44.0,113.0,52.2,1825.0,1,falla_alimentacion
38,23,55.1,159.7,49.0,1756.0,1,falla_alimentacion
38,24,53.1,128.0,79.1,1519.0,0,falla_alimentacion
38,25,40.5,101.8,50.9,1575.0,0,falla_alimentacion
38,26,53.4,215.7,73.5,1715.0,0,falla_alimentacion
38,27,52.4,82.2,52.3,2065.0,0,falla_alimentacion
38,28,49.8,201.9,0.0,1424.0,0,falla_alimentacion
38,29,46.5,194.0,100.0,1870.0,0,falla_alimentacion
38,30,50.0,183.1,68.0,2112.0,0,falla_alimentacion
38,31,53.8,177.6,47.3,1993.0,0,falla_alimentacion
38,32,43.1,108.5,89.1,1795.0,0,falla_alimentacion
38,33,61.5,118.4,30.8,1755.0,0,falla_alimentacion
38,34,55.5,229.8,32.2,1928.0,0,falla_alimentacion
38,35,30.8,190.8,19.6,2102.0,0,falla_alimentacion
38,36,48.2,165.9,50.0,1944.0,0,falla_alimentacion
38,37,67.0,117.8,38.5,1837.0,0,falla_alimentacion
38,38,52.9,103.6,47.7,2042.0,0,falla_alimentacion
38,39,44.2,91.3,18.3,1836.0,0,falla_alimentacion
38,40,55.1,112.4,37.9,1818.0,0,falla_alimentacion
38,41,33.1,131.6,66.4,1927.0,0,falla_alimentacion
38,42,52.2,151.3,89.1,1672.0,0,falla_alimentacion
38,43,46.0,197.9,56.1,2398.0,0,falla_alimentacion
38,44,50.3,240.0,42.6,1832.0,0,falla_alimentacion
38,45,39.4,211.6,70.7,1763.0,1,falla_alimentacion
38,46,46.6,87.0,84.4,1969.0,1,falla_alimentacion
38,47,29.1,109.8,83.1,2019.0,0,falla_alimentacion
38,48,45.0,101.0,67.8,1663.0,0,falla_alimentacion
38,49,51.0,193.5,36.2,1458.0,0,falla_alimentacion
38,50,58.9,179.8,53.6,1734.0,0,falla_alimentacion
38,51,69.7,122.6,61.1,1857.0,0,falla_alimentacion
38,52,43.4,140.0,0.0,1652.0,1,falla_alimentacion
38,53,54.0,155.2,55.7,1795.0,0,falla_alimentacion
38,54,47.3,170.2,98.1,1774.0,0,falla_alimentacion
38,55,47.6,201.4,39.0,1473.0,0,falla_alimentacion
38,56,50.7,154.9,9.6,1932.0,0,falla_alimentacion
38,57,48.7,136.3,38.4,1980.0,0,falla_alimentacion
38,58,64.9,164.2,37.5,1839.0,1,falla_alimentacion
38,59,47.6,136.2,82.5,1878.0,0,falla_alimentacion
38,60,40.9,163.7,100.0,1669.0,0,falla_alimentacion
38,61,51.5,137.3,58.9,1776.0,0,falla_alimentacion
38,62,41.4,199.3,33.7,1935.0,0,falla_alimentacion
38,63,47.0,203.2,24.7,1527.0,0,falla_alimentacion
38,64,58.5,136.8,80.8,1596.0,1,falla_alimentacion
38,65,48.0,239.2,73.1,1515.0,0,falla_alimentacion
38,66,54.2,154.8,84.3,2137.0,0,falla_alimentacion
38,67,48.3,164.6,41.8,1745.0,0,falla_alimentacion
38,68,52.1,210.3,95.8,2087.0,0,falla_alimentacion
38,69,44.4,236.6,59.4,1785.0,0,falla_alimentacion
38,70,56.5,198.6,37.2,2159.0,0,falla_alimentacion
38,71,39.5,160.4,3.7,2046.0,0,falla_alimentacion
38,72,43.6,128.5,42.1,1663.0,0,falla_alimentacion
38,73,50.7,159.8,41.9,1823.0,1,falla_alimentacion
38,74,56.6,172.5,28.2,1599.0,0,falla_alimentacion
38,75,51.7,164.3,66.2,1932.0,0,falla_alimentacion
38,76,54.1,135.3,37.7,2016.0,0,falla_alimentacion
38,77,40.3,111.4,31.2,2176.0,0,falla_alimentacion
38,78,47.5,154.4,32.1,2076.0,1,falla_alimentacion
38,79,51.9,115.4,19.5,1887.0,0,falla_alimentacion
38,80,50.4,69.1,40.7,1871.0,0,falla_alimentacion
38,81,41.3,104.4,41.4,1751.0,0,falla_alimentacion
38,82,43.3,123.9,48.9,2165.0,0,falla_alimentacion
38,83,48.9,108.4,64.6,1627.0,1,falla_alimentacion
38,84,56.0,153.4,93.3,1592.0,0,falla_alimentacion
38,85,66.8,86.5,80.3,1581.0,0,falla_alimentacion
38,86,41.3,91.3,15.9,2015.0,0,falla_alimentacion
38,87,50.4,199.5,77.3,1993.0,0,falla_alimentacion
38,88,41.8,184.7,82.1,1889.0,0,falla_alimentacion
38,89,49.8,156.4,73.9,1863.0,0,falla_alimentacion
38,90,46.9,205.5,43.7,1563.0,0,falla_alimentacion
38,91,53.3,110.3,91.6,1854.0,0,falla_alimentacion
38,92,34.1,175.5,32.6,2047.0,0,falla_alimentacion
38,93,47.3,133.5,81.7,1584.0,0,falla_alimentacion
38,94,50.9,208.9,80.9,1556.0,1,falla_alimentacion
38,95,51.6,152.3,67.5,1862.0,0,falla_alimentacion
38,96,52.6,102.2,10.0,1953.0,0,falla_alimentacion
38,97,51.3,203.1,60.1,1963.0,0,falla_alimentacion
38,98,60.1,123.9,75.8,2042.0,0,falla_alimentacion
38,99,60.6,88.7,56.2,1832.0,0,falla_alimentacion
38,100,48.3,210.2,52.9,1469.0,0,falla_alimentacion
38,101,45.8,170.3,45.7,1903.0,0,falla_alimentacion
38,102,51.6,102.6,41.8,2038.0,0,falla_alimentacion
38,103,56.5,136.9,52.6,1676.0,0,falla_alimentacion
38,104,50.3,135.6,85.0,1773.0,0,falla_alimentacion
38,105,41.3,101.3,37.4,1365.0,1,falla_alimentacion
38,106,57.7,102.9,64.8,1744.0,0,falla_alimentacion
38,107,53.2,137.0,0.0,2120.0,0,falla_alimentacion
38,108,64.1,185.7,41.9,1711.0,1,falla_alimentacion
38,109,44.0,179.0,72.8,1589.0,0,falla_alimentacion
38,110,51.9,116.7,80.1,2192.0,0,falla_alimentacion
38,111,53.5,179.0,27.2,1923.0,0,falla_alimentacion
38,112,48.2,208.5,62.1,1895.0,0,falla_alimentacion
38,113,42.4,102.8,74.5,1831.0,0,falla_alimentacion
38,114,52.2,174.5,34.8,1665.0,0,falla_alimentacion
38,115,46.6,142.1,13.1,1747.0,1,falla_alimentacion
38,116,50.2,129.2,21.1,2132.0,0,falla_alimentacion
38,117,50.3,142.2,15.0,1663.0,1,falla_alimentacion
38,118,41.5,178.0,72.6,2073.0,1,falla_alimentacion
38,119,46.5,84.7,57.3,1870.0,0,falla_alimentacion
38,120,46.7,141.5,44.0,1871.0,0,falla_alimentacion
38,121,50.5,125.0,32.5,1466.0,0,falla_alimentacion
38,122,53.8,142.4,82.3,1885.0,0,falla_alimentacion
38,123,52.6,133.1,49.4,1787.0,0,falla_alimentacion
38,124,57.0,107.6,62.7,1477.0,0,falla_alimentacion
38,125,51.3,226.3,31.9,1808.0,0,falla_alimentacion
38,126,66.0,23.7,25.2,1715.0,0,falla_alimentacion
38,127,53.1,167.1,80.0,1853.0,1,falla_alimentacion
38,128,39.3,167.5,56.7,1629.0,0,falla_alimentacion
38,129,46.9,145.0,58.9,1597.0,0,falla_alimentacion
38,130,75.6,154.0,62.8,1819.0,0,falla_alimentacion
38,131,39.3,170.1,79.4,1721.0,0,falla_alimentacion
38,132,53.8,117.8,83.8,1733.0,1,falla_alimentacion
38,133,68.1,125.0,26.7,1556.0,0,falla_alimentacion
38,134,40.2,127.3,48.2,1789.0,0,falla_alimentacion
38,135,62.7,163.0,28.9,1928.0,0,falla_alimentacion
38,136,62.7,164.7,59.1,1855.0,0,falla_alimentacion
38,137,47.9,94.3,44.9,1726.0,0,falla_alimentacion
38,138,35.1,138.9,46.9,1472.0,0,falla_alimentacion
38,139,55.0,114.1,49.1,1630.0,0,falla_alimentacion
38,140,49.5,99.6,47.8,1651.0,0,falla_alimentacion
38,141,48.7,120.6,100.0,1968.0,1,falla_alimentacion
38,142,55.5,91.6,6.4,1961.0,0,falla_alimentacion
38,143,50.3,60.8,50.9,1862.0,0,falla_alimentacion
38,144,37.5,145.7,17.3,1731.0,0,falla_alimentacion
38,145,49.3,184.3,58.8,2061.0,0,falla_alimentacion
38,146,53.1,128.1,19.3,1926.0,0,falla_alimentacion
38,147,54.1,183.4,53.1,1385.0,0,falla_alimentacion
38,148,60.4,176.6,36.4,2116.0,0,falla_alimentacion
38,149,34.6,102.8,81.6,1768.0,0,falla_alimentacion
38,150,58.3,104.7,17.6,1988.0,0,falla_alimentacion
38,151,47.1,77.3,20.8,1894.0,0,falla_alimentacion
38,152,51.7,152.5,26.1,1542.0,0,falla_alimentacion
38,153,57.1,164.7,64.1,1707.0,0,falla_alimentacion
38,154,44.1,141.5,59.9,1415.0,1,falla_alimentacion
38,155,47.1,106.9,47.2,1645.0,1,falla_alimentacion
38,156,54.7,138.0,70.6,1828.0,3,falla_alimentacion
38,157,45.4,172.7,0.0,1814.0,1,falla_alimentacion
38,158,52.8,168.1,48.5,1666.0,0,falla_alimentacion
38,159,41.5,164.6,54.1,1749.0,0,falla_alimentacion
38,160,59.8,155.6,59.0,1822.0,0,falla_alimentacion
38,161,56.2,192.9,56.2,1934.0,0,falla_alimentacion
38,162,44.0,97.3,60.9,1675.0,0,falla_alimentacion
38,163,58.9,114.0,65.8,1770.0,0,falla_alimentacion
38,164,53.5,99.1,100.0,1549.0,0,falla_alimentacion
38,165,42.5,122.9,72.5,1556.0,0,falla_alimentacion
38,166,55.6,207.0,17.0,2026.0,0,falla_alimentacion
38,167,55.8,106.9,75.6,2106.0,0,falla_alimentacion
38,168,37.4,107.7,50.9,1841.0,0,falla_alimentacion
38,169,30.7,64.4,40.4,1735.0,0,falla_alimentacion
38,170,46.9,169.6,18.4,1706.0,0,falla_alimentacion
38,171,44.2,139.3,47.3,2044.0,0,falla_alimentacion
38,172,55.2,203.3,59.6,1022.0,0,falla_alimentacion
38,173,44.8,203.6,73.4,2255.0,0,falla_alimentacion
38,174,45.3,90.3,27.1,1816.0,0,falla_alimentacion
38,175,64.6,137.3,44.2,1291.0,0,falla_alimentacion
38,176,60.2,197.6,42.3,2292.0,1,falla_alimentacion
38,177,37.9,107.3,40.4,1319.0,0,falla_alimentacion
38,178,60.9,184.6,16.6,1349.0,0,falla_alimentacion
38,179,62.7,28.4,28.1,1621.0,0,falla_alimentacion
38,180,49.0,137.7,47.1,1768.0,0,falla_alimentacion
38,181,47.0,112.1,70.4,2040.0,0,falla_alimentacion
38,182,35.0,188.2,48.9,1731.0,0,falla_alimentacion
38,183,39.4,123.3,24.8,1639.0,2,falla_alimentacion
38,184,49.3,177.2,48.1,1738.0,0,falla_alimentacion
38,185,46.4,163.9,23.6,1737.0,0,falla_alimentacion
38,186,47.4,106.4,73.3,2088.0,0,falla_alimentacion
38,187,53.0,180.3,92.1,2011.0,0,falla_alimentacion
38,188,64.4,164.8,57.0,1679.0,0,falla_alimentacion
38,189,45.5,72.4,71.5,1731.0,0,falla_alimentacion
38,190,45.5,163.9,36.8,1428.0,0,falla_alimentacion
38,191,49.1,119.1,60.4,1926.0,0,falla_alimentacion
38,192,48.1,161.3,53.1,1790.0,2,falla_alimentacion
38,193,63.7,151.8,78.8,1878.0,0,falla_alimentacion
38,194,48.6,185.9,39.0,1926.0,2,falla_alimentacion
38,195,57.5,183.1,51.7,2111.0,0,falla_alimentacion
38,196,70.9,105.1,26.2,1722.0,0,falla_alimentacion
38,197,64.1,117.2,69.7,1811.0,0,falla_alimentacion
38,198,48.7,129.0,37.7,2113.0,0,falla_alimentacion
38,199,46.4,188.4,45.6,1765.0,0,falla_alimentacion
38,200,42.5,122.2,31.2,1782.0,0,falla_alimentacion
38,201,51.0,154.8,48.7,2328.0,0,falla_alimentacion
38,202,37.6,181.1,71.3,1791.0,0,falla_alimentacion
38,203,68.1,142.5,62.4,2147.0,1,falla_alimentacion
38,204,45.8,218.2,85.4,1688.0,0,falla_alimentacion
38,205,50.5,115.9,37.1,1709.0,1,falla_alimentacion
38,206,52.4,164.5,53.6,1399.0,0,falla_alimentacion
38,207,40.6,158.0,82.2,1922.0,0,falla_alimentacion
38,208,58.2,145.9,30.0,1943.0,1,falla_alimentacion
38,209,54.0,44.2,83.5,1818.0,0,falla_alimentacion
38,210,48.0,127.8,91.7,1892.0,0,falla_alimentacion
38,211,53.2,61.7,26.1,1975.0,1,falla_alimentacion
38,212,49.5,117.8,100.0,1504.0,0,falla_alimentacion
38,213,50.1,136.7,46.8,1814.0,1,falla_alimentacion
38,214,44.8,243.7,11.5,2132.0,0,falla_alimentacion
38,215,51.2,174.0,26.2,1743.0,0,falla_alimentacion
38,216,53.6,93.7,49.8,1525.0,0,falla_alimentacion
38,217,43.6,149.0,43.4,2016.0,0,falla_alimentacion
38,218,52.5,159.0,34.0,1830.0,0,falla_alimentacion
38,219,34.8,144.5,22.7,1795.0,0,falla_alimentacion
38,220,60.1,140.8,18.6,1719.0,0,falla_alimentacion
38,221,40.4,115.1,95.0,1984.0,0,falla_alimentacion
38,222,36.4,156.2,62.6,1690.0,1,falla_alimentacion
38,223,46.2,151.8,78.8,2089.0,0,falla_alimentacion
38,224,52.0,170.6,30.3,1817.0,1,falla_alimentacion
38,225,47.9,177.8,43.9,2003.0,0,falla_alimentacion
38,226,56.7,176.3,28.4,1979.0,0,falla_alimentacion
38,227,48.4,144.8,41.3,1564.0,0,falla_alimentacion
38,228,48.7,132.7,80.4,1896.0,0,falla_alimentacion
38,229,49.2,173.4,43.0,1746.0,0,falla_alimentacion
38,230,64.0,103.0,51.3,1931.0,0,falla_alimentacion
38,231,47.1,28.7,37.1,1788.0,0,falla_alimentacion
38,232,70.5,61.8,73.2,1423.0,1,falla_alimentacion
38,233,66.3,55.7,39.8,1958.0,1,falla_alimentacion
38,234,41.0,165.3,85.7,1354.0,0,falla_alimentacion
38,235,57.9,146.0,45.3,1828.0,0,falla_alimentacion
38,236,45.6,175.4,100.0,2179.0,0,falla_alimentacion
38,237,51.7,163.3,84.9,2080.0,0,falla_alimentacion
38,238,37.7,186.7,53.7,1880.0,0,falla_alimentacion
38,239,49.8,190.9,56.7,1698.0,0,falla_alimentacion
38,240,72.8,182.5,89.3,1787.0,0,falla_alimentacion
38,241,44.3,183.5,63.1,2010.0,1,falla_alimentacion
38,242,56.7,213.7,70.0,1642.0,0,falla_alimentacion
38,243,51.8,233.7,100.0,1884.0,0,falla_alimentacion
38,244,46.5,143.4,60.2,1630.0,0,falla_alimentacion
38,245,60.5,209.2,2.5,1744.0,0,falla_alimentacion
38,246,47.1,113.8,59.3,1706.0,2,falla_alimentacion
38,247,50.5,116.2,84.3,1883.0,0,falla_alimentacion
38,248,52.7,214.6,62.9,1910.0,1,falla_alimentacion
38,249,60.6,144.6,26.0,2231.0,0,falla_alimentacion
38,250,47.7,65.0,52.9,1769.0,0,falla_alimentacion
38,251,68.9,86.1,92.1,1865.0,0,falla_alimentacion
38,252,36.5,105.2,19.5,2035.0,0,falla_alimentacion
38,253,46.0,87.1,12.0,1795.0,0,falla_alimentacion
38,254,60.7,164.1,34.1,1819.0,0,falla_alimentacion
38,255,46.2,101.2,83.7,1922.0,0,falla_alimentacion
38,256,52.2,127.4,3.8,1665.0,0,falla_alimentacion
38,257,43.1,112.7,58.0,1840.0,0,falla_alimentacion
38,258,39.4,78.6,67.4,1638.0,0,falla_alimentacion
38,259,46.6,80.7,55.0,1736.0,2,falla_alimentacion
38,260,56.8,181.0,18.0,2229.0,0,falla_alimentacion
38,261,45.9,154.7,58.3,1771.0,0,falla_alimentacion
38,262,50.1,-3.9,27.7,1844.0,0,falla_alimentacion
38,263,46.8,111.4,58.6,1271.0,0,falla_alimentacion
38,264,56.2,180.2,32.7,1888.0,0,falla_alimentacion
38,265,38.0,165.4,63.3,2195.0,2,falla_alimentacion
38,266,49.9,235.6,53.8,1630.0,0,falla_alimentacion
38,267,48.0,128.4,23.4,2017.0,0,falla_alimentacion
38,268,43.5,156.9,68.8,1676.0,0,falla_alimentacion
38,269,60.5,100.3,51.3,1469.0,0,falla_alimentacion
38,270,36.9,70.4,63.0,1712.0,0,falla_alimentacion
38,271,53.7,156.4,59.9,1663.0,0,falla_alimentacion
38,272,54.4,122.3,80.0,1823.0,0,falla_alimentacion
38,273,47.6,259.9,69.4,1739.0,1,falla_alimentacion
38,274,66.3,113.5,65.1,1600.0,0,falla_alimentacion
38,275,54.2,121.1,7.4,1907.0,0,falla_alimentacion
38,276,45.0,143.6,44.1,2035.0,0,falla_alimentacion
38,277,55.7,182.3,0.0,1930.0,1,falla_alimentacion
38,278,47.0,178.5,17.5,1836.0,0,falla_alimentacion
38,279,47.5,65.3,81.1,1785.0,0,falla_alimentacion
38,280,59.8,198.8,40.4,1917.0,0,falla_alimentacion
38,281,55.1,132.6,80.5,1690.0,1,falla_alimentacion
38,282,59.4,19.5,32.2,1968.0,0,falla_alimentacion
38,283,30.9,140.1,48.4,1544.0,1,falla_alimentacion
38,284,53.6,94.2,55.6,1451.0,0,falla_alimentacion
38,285,63.0,193.2,90.5,1923.0,0,falla_alimentacion
38,286,41.9,155.5,77.0,1585.0,0,falla_alimentacion
38,287,52.2,188.4,39.5,1649.0,0,falla_alimentacion
38,288,49.0,193.7,39.7,1592.0,0,falla_alimentacion
38,289,56.6,119.4,56.7,1919.0,0,falla_alimentacion
38,290,46.5,151.2,100.0,1641.0,0,falla_alimentacion
38,291,57.2,191.2,54.2,2078.0,1,falla_alimentacion
38,292,48.6,150.0,31.8,1954.0,0,falla_alimentacion
38,293,72.6,102.9,33.0,1853.0,0,falla_alimentacion
38,294,53.8,205.0,47.8,2120.0,0,falla_alimentacion
38,295,69.2,141.1,60.4,1613.0,0,falla_alimentacion
38,296,56.1,104.6,29.8,1826.0,0,falla_alimentacion
38,297,47.9,226.2,76.2,1342.0,0,falla_alimentacion
38,298,51.2,54.3,36.1,1694.0,0,falla_alimentacion
38,299,54.0,110.0,85.0,1537.0,0,falla_alimentacion
39,0,54.8,120.2,61.9,1782.0,0,falla_alimentacion
39,1,46.3,152.6,60.3,2054.0,0,falla_alimentacion
39,2,43.9,174.3,15.0,1643.0,0,falla_alimentacion
39,3,51.7,91.9,60.8,2167.0,0,falla_alimentacion
39,4,56.2,103.2,35.0,1471.0,0,falla_alimentacion
39,5,52.2,75.6,7.1,2124.0,0,falla_alimentacion
39,6,44.1,124.3,64.8,1848.0,0,falla_alimentacion
39,7,39.2,187.6,24.8,1907.0,0,falla_alimentacion
39,8,48.6,138.9,87.3,1915.0,0,falla_alimentacion
39,9,41.2,203.6,74.6,1337.0,0,falla_alimentacion
39,10,49.2,154.7,61.2,1743.0,0,falla_alimentacion
39,11,49.7,114.4,89.8,1771.0,0,falla_alimentacion
39,12,55.7,109.3,79.1,2042.0,0,falla_alimentacion
39,13,55.2,211.2,32.7,1784.0,0,falla_alimentacion
39,14,57.9,175.2,80.3,2085.0,1,falla_alimentacion
39,15,49.9,131.9,37.9,2164.0,0,falla_alimentacion
39,16,46.8,146.1,78.0,1917.0,0,falla_alimentacion
39,17,53.5,120.0,44.5,1839.0,0,falla_alimentacion
39,18,53.4,26.4,23.5,1596.0,0,falla_alimentacion
39,19,53.0,143.9,65.7,1929.0,0,falla_alimentacion
39,20,65.3,84.0,43.0,1739.0,0,falla_alimentacion
39,21,55.3,123.7,82.0,2082.0,0,falla_alimentacion
39,22,59.5,83.3,87.7,1511.0,0,falla_alimentacion
39,23,41.3,131.6,11.8,1669.0,0,falla_alimentacion
39,24,42.2,95.2,55.0,1990.0,1,falla_alimentacion
39,25,43.8,143.1,71.3,2149.0,0,falla_alimentacion
39,26,50.1,171.3,58.1,1949.0,0,falla_alimentacion
39,27,48.9,154.1,58.6,2061.0,0,falla_alimentacion
39,28,52.1,73.7,61.8,1842.0,0,falla_alimentacion
39,29,63.2,65.1,15.0,2147.0,1,falla_alimentacion
39,30,49.3,82.3,94.9,1857.0,0,falla_alimentacion
39,31,53.9,186.2,71.5,1912.0,0,falla_alimentacion
39,32,50.6,238.5,38.7,1851.0,0,falla_alimentacion
39,33,58.7,109.7,36.3,1758.0,0,falla_alimentacion
39,34,55.1,93.9,76.7,1896.0,0,falla_alimentacion
39,35,49.6,202.4,61.6,1862.0,0,falla_alimentacion
39,36,57.7,121.2,64.1,1902.0,0,falla_alimentacion
39,37,54.9,136.4,68.9,1363.0,0,falla_alimentacion
39,38,56.9,147.3,60.7,1638.0,0,falla_alimentacion
39,39,50.4,109.2,8.0,1707.0,0,falla_alimentacion
39,40,55.3,105.1,44.8,1513.0,0,falla_alimentacion
39,41,48.2,136.5,69.0,1624.0,0,falla_alimentacion
39,42,41.9,121.5,71.1,1952.0,0,falla_alimentacion
39,43,46.3,59.9,43.2,1874.0,0,falla_alimentacion
39,44,54.9,99.6,54.1,2006.0,0,falla_alimentacion
39,45,54.3,133.8,84.1,1993.0,1,falla_alimentacion
39,46,44.5,115.1,90.1,2008.0,0,falla_alimentacion
39,47,61.0,162.4,63.3,1819.0,0,falla_alimentacion
39,48,42.1,105.0,77.2,2080.0,0,falla_alimentacion
39,49,51.3,221.6,63.9,1696.0,1,falla_alimentacion
39,50,46.7,142.4,72.6,2070.0,1,falla_alimentacion
39,51,51.6,143.4,54.8,1987.0,0,falla_alimentacion
39,52,40.0,116.9,39.9,1940.0,0,falla_alimentacion
39,53,36.7,128.0,100.0,1806.0,0,falla_alimentacion
39,54,45.1,55.0,100.0,1674.0,0,falla_alimentacion
39,55,55.4,140.0,55.7,1809.0,0,falla_alimentacion
39,56,51.5,228.6,64.9,1505.0,0,falla_alimentacion
39,57,39.2,180.3,59.3,2017.0,0,falla_alimentacion
39,58,57.7,66.6,56.3,1713.0,0,falla_alimentacion
39,59,51.8,153.1,57.4,1725.0,0,falla_alimentacion
39,60,56.0,160.1,84.3,1443.0,0,falla_alimentacion
39,61,47.3,208.3,28.3,1598.0,0,falla_alimentacion
39,62,35.7,104.5,39.7,2332.0,0,falla_alimentacion
39,63,61.9,242.8,78.4,1679.0,0,falla_alimentacion
39,64,48.6,145.1,59.7,2012.0,0,falla_alimentacion
39,65,57.9,102.7,87.4,1548.0,0,falla_alimentacion
39,66,46.9,66.6,57.8,1535.0,0,falla_alimentacion
39,67,50.7,134.6,64.9,1798.0,0,falla_alimentacion
39,68,37.0,149.3,50.9,1815.0,0,falla_alimentacion
39,69,43.4,88.6,89.8,1681.0,0,falla_alimentacion
39,70,61.9,168.1,77.8,1801.0,0,falla_alimentacion
39,71,57.0,163.7,27.8,1647.0,0,falla_alimentacion
39,72,59.5,140.4,71.6,2044.0,0,falla_alimentacion
39,73,53.9,101.4,81.9,2204.0,0,falla_alimentacion
39,74,52.0,140.9,55.2,2011.0,1,falla_alimentacion
39,75,57.6,222.9,73.5,1528.0,0,falla_alimentacion
39,76,57.3,98.4,88.6,1891.0,0,falla_alimentacion
39,77,52.4,60.9,53.6,1685.0,0,falla_alimentacion
39,78,50.8,123.3,64.7,1685.0,0,falla_alimentacion
39,79,57.7,103.5,44.2,1943.0,0,falla_alimentacion
39,80,41.7,56.6,69.5,1823.0,0,falla_alimentacion
39,81,47.6,158.3,32.6,1824.0,0,falla_alimentacion
39,82,38.8,80.6,72.9,1810.0,0,falla_alimentacion
39,83,42.4,76.0,94.6,1621.0,0,falla_alimentacion
39,84,51.7,176.9,34.2,1597.0,0,falla_alimentacion
39,85,56.2,203.0,89.7,1744.0,0,falla_alimentacion
39,86,64.6,256.4,55.9,1762.0,0,falla_alimentacion
39,87,49.1,69.9,40.7,1883.0,1,falla_alimentacion
39,88,46.8,157.7,51.6,1978.0,0,falla_alimentacion
39,89,49.4,76.9,57.7,1765.0,2,falla_alimentacion
39,90,51.9,143.2,47.0,1835.0,0,falla_alimentacion
39,91,64.4,133.0,85.4,1984.0,0,falla_alimentacion
39,92,50.1,43.6,50.1,1750.0,0,falla_alimentacion
39,93,41.2,163.8,64.9,1886.0,0,falla_alimentacion
39,94,53.1,139.9,100.0,1843.0,2,falla_alimentacion
39,95,50.7,167.2,52.7,1736.0,0,falla_alimentacion
39,96,49.7,83.3,44.8,1546.0,0,falla_alimentacion
39,97,47.9,235.2,47.4,1611.0,0,falla_alimentacion
39,98,66.6,151.9,84.8,2008.0,0,falla_alimentacion
39,99,46.0,155.0,54.5,1477.0,0,falla_alimentacion
39,100,37.7,202.1,63.4,2155.0,0,falla_alimentacion
39,101,45.2,139.4,39.3,1665.0,1,falla_alimentacion
39,102,46.1,99.7,49.3,1446.0,1,falla_alimentacion
39,103,39.9,189.0,80.8,1692.0,0,falla_alimentacion
39,104,48.5,133.2,20.2,1349.0,0,falla_alimentacion
39,105,62.9,183.5,12.2,1459.0,0,falla_alimentacion
39,106,39.8,134.7,44.0,1820.0,0,falla_alimentacion
39,107,38.9,237.7,46.5,1487.0,0,falla_alimentacion
39,108,56.0,137.5,49.7,1497.0,0,falla_alimentacion
39,109,48.4,111.2,50.4,1811.0,0,falla_alimentacion
39,110,46.9,154.6,56.7,1815.0,1,falla_alimentacion
39,111,58.6,118.1,46.1,1900.0,0,falla_alimentacion
39,112,45.6,100.2,90.4,1846.0,0,falla_alimentacion
39,113,37.5,199.9,77.0,1788.0,0,falla_alimentacion
39,114,56.4,81.9,53.4,1914.0,1,falla_alimentacion
39,115,49.5,185.7,79.1,1981.0,0,falla_alimentacion
39,116,49.1,211.4,0.0,1812.0,2,falla_alimentacion
39,117,34.4,123.9,64.8,1901.0,1,falla_alimentacion
39,118,42.0,151.4,77.8,1277.0,1,falla_alimentacion
39,119,48.4,101.7,42.2,1712.0,2,falla_alimentacion
39,120,41.5,190.7,69.6,2087.0,0,falla_alimentacion
39,121,57.6,81.1,40.5,1687.0,1,falla_alimentacion
39,122,49.5,184.0,64.7,1900.0,1,falla_alimentacion
39,123,48.1,139.4,23.7,1846.0,0,falla_alimentacion
39,124,57.8,100.9,78.9,1674.0,1,falla_alimentacion
39,125,45.3,107.6,56.4,1890.0,0,falla_alimentacion
39,126,53.1,161.0,62.1,1708.0,1,falla_alimentacion
39,127,50.0,85.3,54.5,1701.0,0,falla_alimentacion
39,128,56.7,163.6,83.4,1699.0,0,falla_alimentacion
39,129,53.5,146.6,62.6,1626.0,0,falla_alimentacion
39,130,55.0,121.1,79.9,1599.0,0,falla_alimentacion
39,131,45.9,160.9,42.7,1702.0,1,falla_alimentacion
39,132,45.5,102.9,70.5,1813.0,2,falla_alimentacion
39,133,49.3,126.4,95.7,1724.0,1,falla_alimentacion
39,134,55.0,121.4,96.7,1711.0,1,falla_alimentacion
39,135,53.1,81.7,0.0,2313.0,0,falla_alimentacion
39,136,56.2,123.8,60.4,1944.0,0,falla_alimentacion
39,137,43.3,68.3,19.4,1469.0,2,falla_alimentacion
39,138,39.4,113.7,46.6,1850.0,0,falla_alimentacion
39,139,46.2,61.0,42.6,1858.0,0,falla_alimentacion
39,140,44.8,92.8,71.4,2502.0,0,falla_alimentacion
39,141,42.5,97.3,52.8,1868.0,0,falla_alimentacion
39,142,48.3,157.5,37.8,2221.0,0,falla_alimentacion
39,143,39.8,95.6,69.5,1719.0,0,falla_alimentacion
39,144,45.6,82.5,30.3,1645.0,0,falla_alimentacion
39,145,42.3,121.6,36.9,1569.0,1,falla_alimentacion
39,146,40.7,224.2,46.7,1977.0,0,falla_alimentacion
39,147,40.2,64.1,51.2,1617.0,1,falla_alimentacion
39,148,42.2,170.3,60.6,1670.0,0,falla_alimentacion
39,149,54.1,154.8,60.9,1903.0,1,falla_alimentacion
39,150,47.7,233.0,40.7,1735.0,0,falla_alimentacion
39,151,50.9,152.2,62.1,1830.0,0,falla_alimentacion
39,152,48.4,141.0,58.2,1549.0,0,falla_alimentacion
39,153,55.1,140.8,56.3,1323.0,0,falla_alimentacion
39,154,54.0,137.4,17.6,2057.0,0,falla_alimentacion
39,155,54.2,170.7,67.2,2032.0,0,falla_alimentacion
39,156,48.5,115.0,70.4,1751.0,0,falla_alimentacion
39,157,49.7,275.7,74.4,1821.0,0,falla_alimentacion
39,158,40.6,177.8,59.3,1612.0,0,falla_alimentacion
39,159,44.4,130.5,82.2,1748.0,0,falla_alimentacion
39,160,55.9,127.9,67.5,2285.0,0,falla_alimentacion
39,161,45.6,138.4,45.1,2159.0,1,falla_alimentacion
39,162,48.0,137.1,53.8,1856.0,0,falla_alimentacion
39,163,54.8,168.1,41.1,1420.0,0,falla_alimentacion
39,164,51.9,152.6,30.6,1905.0,0,falla_alimentacion
39,165,50.0,205.1,72.8,1747.0,0,falla_alimentacion
39,166,48.0,96.1,48.9,1717.0,0,falla_alimentacion
39,167,56.5,137.8,72.6,1799.0,0,falla_alimentacion
39,168,44.7,95.6,100.0,2186.0,1,falla_alimentacion
39,169,52.5,118.1,81.4,1830.0,0,falla_alimentacion
39,170,47.7,116.3,31.2,2000.0,0,falla_alimentacion
39,171,54.3,174.8,41.2,1886.0,1,falla_alimentacion
39,172,54.9,110.9,69.6,1879.0,0,falla_alimentacion
39,173,50.8,202.6,65.7,1934.0,0,falla_alimentacion
39,174,58.3,205.2,88.4,1717.0,0,falla_alimentacion
39,175,55.5,172.0,46.1,1529.0,0,falla_alimentacion
39,176,47.6,88.5,23.7,2120.0,1,falla_alimentacion
39,177,51.7,204.5,32.1,1496.0,1,falla_alimentacion
39,178,52.0,120.5,85.0,1859.0,0,falla_alimentacion
39,179,57.5,124.9,59.3,2164.0,0,falla_alimentacion
39,180,38.3,163.1,76.1,1870.0,0,falla_alimentacion
39,181,58.5,101.3,46.8,1921.0,0,falla_alimentacion
39,182,37.5,196.0,37.0,1921.0,0,falla_alimentacion
39,183,53.5,175.8,71.7,2034.0,0,falla_alimentacion
39,184,53.4,273.6,22.1,2073.0,0,falla_alimentacion
39,185,48.4,153.4,67.5,1514.0,0,falla_alimentacion
39,186,54.6,134.0,95.9,2063.0,0,falla_alimentacion
39,187,40.5,230.2,0.0,1788.0,0,falla_alimentacion
39,188,43.6,56.1,31.8,1649.0,0,falla_alimentacion
39,189,41.5,150.3,54.7,1585.0,0,falla_alimentacion
39,190,44.7,133.9,43.6,1852.0,1,falla_alimentacion
39,191,58.2,195.4,52.1,1689.0,0,falla_alimentacion
39,192,59.8,279.8,100.0,1815.0,0,falla_alimentacion
39,193,49.2,109.6,38.9,1800.0,0,falla_alimentacion
39,194,51.4,192.0,49.9,1859.0,0,falla_alimentacion
39,195,65.2,202.7,30.5,1960.0,0,falla_alimentacion
39,196,46.7,199.2,20.1,2036.0,0,falla_alimentacion
39,197,44.6,151.0,66.1,2031.0,0,falla_alimentacion
39,198,57.3,172.2,14.6,2104.0,0,falla_alimentacion
39,199,45.8,97.2,22.6,1748.0,0,falla_alimentacion
39,200,42.2,219.9,56.1,1654.0,0,falla_alimentacion
39,201,56.9,91.4,69.7,1783.0,0,falla_alimentacion
39,202,60.8,96.3,33.3,1702.0,0,falla_alimentacion
39,203,46.0,127.3,36.5,1538.0,0,falla_alimentacion
39,204,49.7,114.3,14.2,1749.0,0,falla_alimentacion
39,205,57.1,159.6,67.7,1937.0,0,falla_alimentacion
39,206,43.9,125.8,55.9,2042.0,0,falla_alimentacion
39,207,57.5,100.9,55.3,1781.0,0,falla_alimentacion
39,208,61.6,89.6,22.2,2016.0,0,falla_alimentacion
39,209,40.1,193.5,75.3,1801.0,0,falla_alimentacion
39,210,39.3,163.8,42.5,1324.0,0,falla_alimentacion
39,211,37.1,81.4,77.2,1528.0,0,falla_alimentacion
39,212,45.8,168.7,38.6,1881.0,0,falla_alimentacion
39,213,39.9,125.6,63.2,1438.0,0,falla_alimentacion
39,214,58.7,69.0,36.1,1533.0,0,falla_alimentacion
39,215,42.3,84.2,79.0,1495.0,1,falla_alimentacion
39,216,46.8,185.7,24.8,1758.0,0,falla_alimentacion
39,217,52.9,200.8,62.5,1847.0,1,falla_alimentacion
39,218,43.4,171.7,24.5,1458.0,0,falla_alimentacion
39,219,50.1,107.0,44.3,1951.0,0,falla_alimentacion
39,220,55.2,163.2,71.0,1802.0,0,falla_alimentacion
39,221,74.8,162.1,26.5,1535.0,0,falla_alimentacion
39,222,53.0,27.5,66.7,1808.0,0,falla_alimentacion
39,223,37.3,166.2,73.9,1648.0,1,falla_alimentacion
39,224,55.5,148.7,5.0,1646.0,0,falla_alimentacion
39,225,52.5,245.5,66.9,1546.0,0,falla_alimentacion
39,226,54.0,229.5,83.1,1796.0,0,falla_alimentacion
39,227,49.2,136.5,36.3,1749.0,0,falla_alimentacion
39,228,57.0,160.0,33.5,1748.0,0,falla_alimentacion
39,229,48.0,145.6,14.4,1774.0,0,falla_alimentacion
39,230,52.4,119.0,31.0,1847.0,0,falla_alimentacion
39,231,51.6,78.7,80.5,1760.0,0,falla_alimentacion
39,232,50.8,109.9,44.6,1402.0,0,falla_alimentacion
39,233,47.4,119.5,67.5,1790.0,0,falla_alimentacion
39,234,58.9,193.8,39.4,1606.0,0,falla_alimentacion
39,235,61.0,149.6,52.2,2024.0,0,falla_alimentacion
39,236,65.5,114.6,86.1,1885.0,0,falla_alimentacion
39,237,51.0,106.9,88.7,1997.0,0,falla_alimentacion
39,238,51.8,159.8,58.8,1690.0,0,falla_alimentacion
39,239,52.3,125.9,49.8,1978.0,0,falla_alimentacion
39,240,43.7,92.6,35.2,1576.0,0,falla_alimentacion
39,241,57.1,98.2,75.1,1796.0,0,falla_alimentacion
39,242,47.9,219.3,52.0,1618.0,0,falla_alimentacion
39,243,54.8,134.3,87.4,1919.0,0,falla_alimentacion
39,244,40.8,189.6,12.9,2144.0,0,falla_alimentacion
39,245,54.6,60.6,44.2,1870.0,0,falla_alimentacion
39,246,60.3,193.2,51.3,1501.0,0,falla_alimentacion
39,247,44.9,175.0,67.8,1664.0,0,falla_alimentacion
39,248,46.6,180.1,22.7,2412.0,0,falla_alimentacion
39,249,46.4,68.1,51.6,1964.0,0,falla_alimentacion
39,250,46.4,141.4,79.4,1645.0,0,falla_alimentacion
39,251,60.9,103.2,62.9,1984.0,0,falla_alimentacion
39,252,51.2,87.3,63.4,1825.0,0,falla_alimentacion
39,253,42.6,55.4,34.7,2325.0,0,falla_alimentacion
39,254,43.8,91.5,49.6,1814.0,0,falla_alimentacion
39,255,33.9,88.3,29.4,1749.0,0,falla_alimentacion
39,256,44.2,175.4,80.3,1786.0,0,falla_alimentacion
39,257,40.3,112.7,65.6,1722.0,0,falla_alimentacion
39,258,40.7,133.0,58.2,1657.0,0,falla_alimentacion
39,259,47.0,194.1,59.4,1575.0,1,falla_alimentacion
39,260,41.7,143.2,85.4,1704.0,0,falla_alimentacion
39,261,49.0,107.8,100.0,1954.0,1,falla_alimentacion
39,262,53.2,149.2,57.1,1749.0,0,falla_alimentacion
39,263,52.7,104.7,57.1,1685.0,0,falla_alimentacion
39,264,52.0,61.0,64.9,1535.0,0,falla_alimentacion
39,265,30.0,156.8,91.3,1941.0,0,falla_alimentacion
39,266,46.2,169.1,74.4,2122.0,0,falla_alimentacion
39,267,60.2,131.3,65.0,1630.0,1,falla_alimentacion
39,268,67.1,134.1,74.3,1673.0,0,falla_alimentacion
39,269,56.5,120.9,65.4,1616.0,0,falla_alimentacion
39,270,50.5,209.6,20.1,1964.0,2,falla_alimentacion
39,271,43.3,153.5,81.8,2008.0,0,falla_alimentacion
39,272,60.0,134.3,35.1,1831.0,0,falla_alimentacion
39,273,48.8,183.6,52.9,1562.0,0,falla_alimentacion
39,274,48.0,187.6,35.7,1878.0,1,falla_alimentacion
39,275,59.2,160.0,48.4,1847.0,0,falla_alimentacion
39,276,25.3,183.5,61.0,1867.0,0,falla_alimentacion
39,277,49.4,165.0,89.0,1591.0,0,falla_alimentacion
39,278,38.2,142.2,44.5,1578.0,0,falla_alimentacion
39,279,54.4,184.7,91.6,1475.0,0,falla_alimentacion
39,280,62.9,98.0,15.0,2031.0,0,falla_alimentacion
39,281,53.9,97.0,24.2,2037.0,2,falla_alimentacion
39,282,65.8,162.3,33.8,1476.0,0,falla_alimentacion
39,283,51.7,109.5,74.1,1640.0,0,falla_alimentacion
39,284,61.5,177.0,31.7,1641.0,0,falla_alimentacion
39,285,37.3,151.3,23.8,1982.0,0,falla_alimentacion
39,286,51.7,233.2,99.9,1817.0,1,falla_alimentacion
39,287,39.4,95.5,51.7,2108.0,0,falla_alimentacion
39,288,53.1,181.9,92.2,1742.0,0,falla_alimentacion
39,289,47.4,117.7,80.8,1532.0,0,falla_alimentacion
39,290,48.4,153.2,75.2,1653.0,0,falla_alimentacion
39,291,48.3,172.8,86.5,1618.0,0,falla_alimentacion
39,292,58.4,157.8,48.3,2010.0,0,falla_alimentacion
39,293,51.5,162.8,26.1,2185.0,0,falla_alimentacion
39,294,51.5,159.0,67.9,1898.0,0,falla_alimentacion
39,295,50.1,129.2,46.2,1661.0,0,falla_alimentacion
39,296,55.7,178.6,70.0,1851.0,0,falla_alimentacion
39,297,48.2,181.0,77.6,1474.0,0,falla_alimentacion
39,298,41.2,125.1,34.9,1760.0,1,falla_alimentacion
39,299,57.7,104.8,40.2,1465.0,1,falla_alimentacion
40,0,47.0,165.9,36.3,1804.0,0,falla_alimentacion
40,1,51.9,206.1,47.0,1834.0,0,falla_alimentacion
40,2,47.5,103.4,40.1,1217.0,0,falla_alimentacion
40,3,57.7,142.1,52.4,1786.0,0,falla_alimentacion
40,4,61.1,47.3,14.7,2030.0,2,falla_alimentacion
40,5,60.4,196.7,40.9,1448.0,0,falla_alimentacion
40,6,62.3,119.8,27.4,1964.0,0,falla_alimentacion
40,7,40.8,137.7,37.3,1757.0,1,falla_alimentacion
40,8,59.6,120.6,100.0,1573.0,1,falla_alimentacion
40,9,50.7,104.6,46.8,1869.0,0,falla_alimentacion
40,10,50.8,169.1,59.7,1797.0,0,falla_alimentacion
40,11,44.2,160.7,49.3,2073.0,0,falla_alimentacion
40,12,47.0,110.3,70.6,1688.0,0,falla_alimentacion
40,13,32.4,213.2,45.1,2058.0,2,falla_alimentacion
40,14,54.4,173.7,41.2,1793.0,0,falla_alimentacion
40,15,48.4,207.7,37.8,1887.0,0,falla_alimentacion
40,16,45.9,51.2,36.4,1730.0,0,falla_alimentacion
40,17,60.7,106.9,92.5,1608.0,0,falla_alimentacion
40,18,50.1,179.0,64.5,1989.0,0,falla_alimentacion
40,19,42.6,80.2,39.6,1791.0,0,falla_alimentacion
40,20,49.9,116.7,76.0,1734.0,0,falla_alimentacion
40,21,63.7,89.0,83.7,1999.0,0,falla_alimentacion
40,22,49.0,153.4,37.1,2100.0,0,falla_alimentacion
40,23,56.5,120.1,47.7,1694.0,0,falla_alimentacion
40,24,44.2,90.0,55.2,2129.0,0,falla_alimentacion
40,25,54.0,213.6,35.7,1644.0,0,falla_alimentacion
40,26,51.6,164.9,42.6,1842.0,0,falla_alimentacion
40,27,50.0,164.0,42.6,1972.0,0,falla_alimentacion
40,28,46.1,144.6,51.3,1112.0,0,falla_alimentacion
40,29,47.7,174.3,100.0,1605.0,0,falla_alimentacion
40,30,34.9,160.8,32.4,1714.0,2,falla_alimentacion
40,31,37.1,54.0,18.2,1853.0,1,falla_alimentacion
40,32,37.5,223.9,79.5,1800.0,0,falla_alimentacion
40,33,37.8,216.5,59.6,1306.0,1,falla_alimentacion
40,34,47.7,117.2,47.3,1721.0,0,falla_alimentacion
40,35,46.0,63.0,76.6,1486.0,1,falla_alimentacion
40,36,41.5,89.0,24.4,1675.0,0,falla_alimentacion
40,37,59.6,90.4,62.9,1729.0,0,falla_alimentacion
40,38,47.8,151.5,50.3,1841.0,0,falla_alimentacion
40,39,57.1,119.7,55.9,1708.0,0,falla_alimentacion
40,40,38.2,110.8,56.3,1804.0,0,falla_alimentacion
40,41,53.3,166.5,100.0,1689.0,0,falla_alimentacion
40,42,57.8,133.4,42.4,1864.0,0,falla_alimentacion
40,43,53.1,181.6,33.9,1537.0,1,falla_alimentacion
40,44,46.4,136.2,68.4,1784.0,0,falla_alimentacion
40,45,47.7,215.0,80.5,1569.0,0,falla_alimentacion
40,46,52.7,239.8,21.2,1717.0,1,falla_alimentacion
40,47,50.4,149.7,64.8,1839.0,1,falla_alimentacion
40,48,58.7,124.7,25.8,1617.0,0,falla_alimentacion
40,49,42.4,136.1,21.1,1771.0,0,falla_alimentacion
40,50,57.7,186.7,49.5,1726.0,0,falla_alimentacion
40,51,52.3,178.3,38.4,2208.0,0,falla_alimentacion
40,52,51.5,53.3,22.8,1867.0,0,falla_alimentacion
40,53,48.5,164.1,33.7,1896.0,1,falla_alimentacion
40,54,58.5,121.6,42.0,1621.0,0,falla_alimentacion
40,55,42.9,151.5,70.5,1294.0,0,falla_alimentacion
40,56,40.8,138.9,30.5,1674.0,0,falla_alimentacion
40,57,50.2,121.1,56.8,1470.0,0,falla_alimentacion
40,58,44.4,64.0,8.9,1839.0,0,falla_alimentacion
40,59,52.3,67.6,49.5,1850.0,1,falla_alimentacion
40,60,65.1,126.4,73.4,1836.0,0,falla_alimentacion
40,61,50.6,132.9,43.0,1780.0,0,falla_alimentacion
40,62,51.6,136.1,68.4,1617.0,0,falla_alimentacion
40,63,62.6,150.9,7.1,1648.0,0,falla_alimentacion
40,64,53.0,102.1,27.1,1877.0,0,falla_alimentacion
40,65,58.4,76.1,69.0,2192.0,0,falla_alimentacion
40,66,47.8,183.5,70.8,1843.0,0,falla_alimentacion
40,67,49.5,164.2,100.0,1868.0,0,falla_alimentacion
40,68,44.6,107.5,72.6,2175.0,1,falla_alimentacion
40,69,53.6,178.3,84.0,1791.0,1,falla_alimentacion
40,70,53.8,93.9,31.0,1607.0,0,falla_alimentacion
40,71,55.7,149.3,54.9,1870.0,0,falla_alimentacion
40,72,53.4,149.9,20.5,2126.0,1,falla_alimentacion
40,73,48.8,110.6,82.1,1975.0,0,falla_alimentacion
40,74,54.3,161.5,47.7,1839.0,0,falla_alimentacion
40,75,61.7,80.8,67.1,1414.0,0,falla_alimentacion
40,76,51.0,138.1,0.0,1490.0,0,falla_alimentacion
40,77,39.3,138.2,0.0,1866.0,0,falla_alimentacion
40,78,42.1,89.6,99.1,1729.0,0,falla_alimentacion
40,79,51.9,167.9,100.0,1781.0,0,falla_alimentacion
40,80,43.1,190.0,63.8,1995.0,0,falla_alimentacion
40,81,46.0,136.7,93.7,1548.0,0,falla_alimentacion
40,82,45.7,143.1,36.6,1675.0,0,falla_alimentacion
40,83,53.2,126.8,15.6,2040.0,0,falla_alimentacion
40,84,62.7,135.2,96.3,1549.0,1,falla_alimentacion
40,85,38.1,116.4,51.6,2032.0,0,falla_alimentacion
40,86,58.2,139.7,49.7,1871.0,0,falla_alimentacion
40,87,57.8,127.7,96.6,1775.0,0,falla_alimentacion
40,88,52.1,212.8,46.4,1829.0,0,falla_alimentacion
40,89,48.3,128.9,25.5,1874.0,0,falla_alimentacion
40,90,56.1,96.0,20.3,1931.0,0,falla_alimentacion
40,91,50.5,61.0,54.9,1393.0,0,falla_alimentacion
40,92,48.7,184.0,76.8,2053.0,0,falla_alimentacion
40,93,35.5,203.6,47.8,1849.0,0,falla_alimentacion
40,94,53.7,85.9,52.2,2030.0,0,falla_alimentacion
40,95,61.2,166.1,35.6,1889.0,1,falla_alimentacion
40,96,38.8,162.4,42.1,2237.0,1,falla_alimentacion
40,97,42.9,139.2,94.3,1657.0,0,falla_alimentacion
40,98,46.2,88.3,51.6,2123.0,0,falla_alimentacion
40,99,47.8,161.3,35.6,1628.0,0,falla_alimentacion
40,100,44.3,197.9,96.1,1909.0,0,falla_alimentacion
40,101,60.1,201.8,47.9,2012.0,0,falla_alimentacion
40,102,65.9,162.0,50.6,1804.0,0,falla_alimentacion
40,103,51.8,177.8,48.5,1410.0,0,falla_alimentacion
40,104,44.7,57.0,14.2,1827.0,0,falla_alimentacion
40,105,51.3,166.0,44.3,1706.0,0,falla_alimentacion
40,106,41.0,166.6,60.0,1981.0,0,falla_alimentacion
40,107,48.3,124.2,44.1,1622.0,0,falla_alimentacion
40,108,54.3,142.9,79.3,1691.0,0,falla_alimentacion
40,109,55.2,115.2,29.7,1665.0,0,falla_alimentacion
40,110,54.4,69.1,61.8,1738.0,0,falla_alimentacion
40,111,46.2,166.7,41.7,1817.0,0,falla_alimentacion
40,112,51.0,224.1,78.1,1914.0,0,falla_alimentacion
40,113,47.2,99.8,92.9,1899.0,0,falla_alimentacion
40,114,57.0,142.5,85.2,1544.0,0,falla_alimentacion
40,115,53.3,79.4,56.5,1627.0,1,falla_alimentacion
40,116,63.2,149.5,53.8,1683.0,0,falla_alimentacion
40,117,52.6,110.6,52.1,1730.0,0,falla_alimentacion
40,118,43.1,132.9,27.7,1627.0,0,falla_alimentacion
40,119,40.3,183.9,77.1,1650.0,0,falla_alimentacion
40,120,51.3,152.6,1.5,2059.0,0,falla_alimentacion
40,121,31.3,134.1,44.7,1862.0,0,falla_alimentacion
40,122,46.7,97.6,95.0,1579.0,0,falla_alimentacion
40,123,45.3,170.8,13.8,1880.0,0,falla_alimentacion
40,124,43.6,89.4,66.6,1718.0,0,falla_alimentacion
40,125,51.1,199.4,73.6,2169.0,0,falla_alimentacion
40,126,41.7,144.7,40.3,1674.0,0,falla_alimentacion
40,127,37.3,93.4,28.4,1701.0,0,falla_alimentacion
40,128,53.9,71.7,12.5,1741.0,0,falla_alimentacion
40,129,47.0,125.1,42.7,1579.0,0,falla_alimentacion
40,130,52.6,123.8,34.8,1893.0,0,falla_alimentacion
40,131,51.3,160.5,18.3,1809.0,0,falla_alimentacion
40,132,54.2,93.8,79.3,1868.0,0,falla_alimentacion
40,133,51.7,175.4,32.8,1806.0,0,falla_alimentacion
40,134,54.6,26.0,65.8,1837.0,0,falla_alimentacion
40,135,63.5,143.7,32.8,2124.0,0,falla_alimentacion
40,136,52.6,107.4,67.8,1910.0,0,falla_alimentacion
40,137,54.4,144.2,59.6,1441.0,0,falla_alimentacion
40,138,50.8,194.2,80.4,1862.0,0,falla_alimentacion
40,139,34.8,180.7,14.5,2033.0,0,falla_alimentacion
40,140,48.9,155.0,35.3,1337.0,0,falla_alimentacion
40,141,60.7,199.8,77.5,1567.0,0,falla_alimentacion
40,142,53.9,201.6,38.2,1920.0,0,falla_alimentacion
40,143,46.1,209.1,44.7,1994.0,0,falla_alimentacion
40,144,52.9,112.6,68.1,1835.0,0,falla_alimentacion
40,145,41.1,173.5,47.0,1887.0,0,falla_alimentacion
40,146,55.5,174.5,57.2,2074.0,0,falla_alimentacion
40,147,46.1,140.4,51.4,1697.0,1,falla_alimentacion
40,148,51.3,186.5,46.0,1612.0,0,falla_alimentacion
40,149,41.8,141.6,20.0,1750.0,0,falla_alimentacion
40,150,51.7,73.0,42.8,1835.0,0,falla_alimentacion
40,151,30.8,197.1,68.0,1863.0,0,falla_alimentacion
40,152,46.5,112.5,46.5,1954.0,1,falla_alimentacion
40,153,43.9,61.0,66.8,2133.0,0,falla_alimentacion
40,154,44.1,283.5,46.3,1837.0,0,falla_alimentacion
40,155,22.5,91.3,66.6,1550.0,0,falla_alimentacion
40,156,44.5,168.8,39.0,1646.0,0,falla_alimentacion
40,157,52.1,92.3,25.3,1828.0,0,falla_alimentacion
40,158,42.8,120.9,76.1,2091.0,0,falla_alimentacion
40,159,53.7,108.5,27.0,1931.0,0,falla_alimentacion
40,160,57.2,95.2,37.1,1622.0,0,falla_alimentacion
40,161,52.3,179.0,54.7,1670.0,0,falla_alimentacion
40,162,53.0,242.2,9.4,1741.0,0,falla_alimentacion
40,163,52.1,140.3,40.1,1815.0,0,falla_alimentacion
40,164,54.3,60.1,38.0,1746.0,0,falla_alimentacion
40,165,44.6,93.0,47.7,1625.0,0,falla_alimentacion
40,166,43.1,102.4,48.5,1650.0,0,falla_alimentacion
40,167,43.3,144.5,42.6,1785.0,0,falla_alimentacion
40,168,55.3,121.3,50.1,1842.0,0,falla_alimentacion
40,169,43.2,235.2,90.9,1606.0,1,falla_alimentacion
40,170,47.6,135.6,100.0,1864.0,0,falla_alimentacion
40,171,46.5,176.3,67.0,2163.0,0,falla_alimentacion
40,172,51.3,132.3,46.3,1841.0,0,falla_alimentacion
40,173,54.9,138.2,31.8,1855.0,1,falla_alimentacion
40,174,54.9,123.8,36.0,1526.0,0,falla_alimentacion
40,175,35.6,139.8,48.5,1947.0,0,falla_alimentacion
40,176,52.7,117.7,82.7,1684.0,0,falla_alimentacion
40,177,49.5,141.7,28.7,2014.0,1,falla_alimentacion
40,178,51.3,115.0,63.3,2160.0,0,falla_alimentacion
40,179,47.2,242.1,41.3,1665.0,0,falla_alimentacion
40,180,43.5,157.7,78.4,1671.0,0,falla_alimentacion
40,181,57.6,166.1,44.9,1907.0,0,falla_alimentacion
40,182,48.3,132.4,35.3,1546.0,0,falla_alimentacion
40,183,59.7,73.6,37.0,1820.0,0,falla_alimentacion
40,184,49.6,79.3,97.7,1742.0,0,falla_alimentacion
40,185,49.8,132.2,53.1,1784.0,0,falla_alimentacion
40,186,44.3,130.7,81.5,1396.0,0,falla_alimentacion
40,187,49.8,157.6,62.9,1901.0,0,falla_alimentacion
40,188,57.3,148.3,69.4,2292.0,0,falla_alimentacion
40,189,48.9,118.8,44.8,1717.0,0,falla_alimentacion
40,190,51.6,259.3,51.4,1512.0,0,falla_alimentacion
40,191,62.9,155.6,27.7,1960.0,0,falla_alimentacion
40,192,40.3,120.1,29.0,1626.0,0,falla_alimentacion
40,193,42.5,123.1,48.2,1806.0,1,falla_alimentacion
40,194,52.4,172.5,45.6,1658.0,0,falla_alimentacion
40,195,36.3,129.9,50.5,1514.0,0,falla_alimentacion
40,196,54.1,182.9,73.4,1862.0,0,falla_alimentacion
40,197,43.6,136.1,100.0,1662.0,0,falla_alimentacion
40,198,46.4,122.7,29.3,1480.0,0,falla_alimentacion
40,199,56.8,75.3,63.5,1858.0,1,falla_alimentacion
40,200,39.9,186.8,39.3,2374.0,0,falla_alimentacion
40,201,34.0,91.1,12.6,2003.0,1,falla_alimentacion
40,202,33.0,173.8,100.0,1792.0,0,falla_alimentacion
40,203,52.3,113.1,52.2,2407.0,0,falla_alimentacion
40,204,56.7,178.7,44.5,1448.0,0,falla_alimentacion
40,205,41.4,197.7,76.3,1915.0,0,falla_alimentacion
40,206,58.5,106.1,100.0,2166.0,1,falla_alimentacion
40,207,49.4,102.2,61.7,1596.0,0,falla_alimentacion
40,208,50.3,239.8,100.0,1860.0,0,falla_alimentacion
40,209,57.3,160.6,53.7,1674.0,1,falla_alimentacion
40,210,35.7,172.5,79.6,1732.0,0,falla_alimentacion
40,211,55.1,79.1,33.9,1882.0,0,falla_alimentacion
40,212,35.1,94.2,34.2,1447.0,0,falla_alimentacion
40,213,36.9,149.5,61.9,1599.0,1,falla_alimentacion
40,214,38.1,122.9,87.4,1808.0,0,falla_alimentacion
40,215,54.5,94.8,41.8,1449.0,0,falla_alimentacion
40,216,55.0,152.6,77.7,1726.0,1,falla_alimentacion
40,217,56.7,63.1,63.9,1496.0,0,falla_alimentacion
40,218,49.3,153.7,47.6,1507.0,0,falla_alimentacion
40,219,46.5,99.5,72.7,1984.0,0,falla_alimentacion
40,220,53.5,171.9,34.9,1820.0,0,falla_alimentacion
40,221,48.3,144.6,80.4,1756.0,0,falla_alimentacion
40,222,51.1,163.8,49.0,1712.0,1,falla_alimentacion
40,223,48.9,200.3,73.0,1863.0,0,falla_alimentacion
40,224,49.0,110.0,60.2,1704.0,0,falla_alimentacion
40,225,65.7,96.0,57.2,1649.0,0,falla_alimentacion
40,226,56.7,194.1,0.0,2009.0,1,falla_alimentacion
40,227,53.3,216.2,40.8,1677.0,1,falla_alimentacion
40,228,46.4,197.7,30.1,2068.0,0,falla_alimentacion
40,229,49.9,35.1,68.8,1689.0,1,falla_alimentacion
40,230,57.3,167.1,49.2,1950.0,0,falla_alimentacion
40,231,50.9,98.0,13.2,1851.0,0,falla_alimentacion
40,232,46.2,180.3,69.1,1912.0,0,falla_alimentacion
40,233,36.1,128.6,50.9,1858.0,0,falla_alimentacion
40,234,46.5,124.9,53.5,1943.0,0,falla_alimentacion
40,235,54.9,122.3,66.5,2091.0,0,falla_alimentacion
40,236,39.4,113.0,61.3,1624.0,0,falla_alimentacion
40,237,61.2,82.4,100.0,2098.0,0,falla_alimentacion
40,238,51.4,122.8,77.8,1740.0,0,falla_alimentacion
40,239,60.7,145.9,56.8,1438.0,1,falla_alimentacion
40,240,48.8,207.3,63.3,1937.0,1,falla_alimentacion
40,241,31.8,163.0,49.6,1966.0,0,falla_alimentacion
40,242,46.3,127.0,42.8,1900.0,0,falla_alimentacion
40,243,44.1,123.6,77.1,1732.0,0,falla_alimentacion
40,244,42.5,5.6,95.4,1612.0,0,falla_alimentacion
40,245,53.2,122.4,50.9,1694.0,0,falla_alimentacion
40,246,42.1,146.0,68.6,1833.0,0,falla_alimentacion
40,247,37.8,112.5,32.3,1745.0,1,falla_alimentacion
40,248,44.3,116.3,71.2,1591.0,0,falla_alimentacion
40,249,56.0,28.3,31.9,1748.0,0,falla_alimentacion
40,250,47.2,77.4,60.1,1634.0,0,falla_alimentacion
40,251,42.0,90.5,66.1,1666.0,0,falla_alimentacion
40,252,46.0,107.5,88.0,1946.0,0,falla_alimentacion
40,253,58.0,3.2,3.6,1562.0,0,falla_alimentacion
40,254,53.1,131.5,95.2,1866.0,2,falla_alimentacion
40,255,53.5,135.9,85.4,1692.0,1,falla_alimentacion
40,256,53.0,158.5,68.3,1854.0,0,falla_alimentacion
40,257,36.0,120.7,47.4,1615.0,0,falla_alimentacion
40,258,48.2,177.1,81.7,1756.0,0,falla_alimentacion
40,259,57.2,220.3,100.0,1628.0,0,falla_alimentacion
40,260,31.7,76.7,48.4,1858.0,0,falla_alimentacion
40,261,33.6,83.8,91.5,1434.0,0,falla_alimentacion
40,262,40.5,155.1,79.8,1780.0,0,falla_alimentacion
40,263,43.1,166.4,86.4,1535.0,0,falla_alimentacion
40,264,49.4,85.2,74.7,1668.0,1,falla_alimentacion
40,265,38.7,215.9,55.6,1731.0,1,falla_alimentacion
40,266,53.1,97.6,25.6,1941.0,0,falla_alimentacion
40,267,67.0,129.0,43.1,1460.0,0,falla_alimentacion
40,268,44.5,170.0,72.3,1423.0,0,falla_alimentacion
40,269,37.8,204.6,50.2,2022.0,0,falla_alimentacion
40,270,45.7,95.2,7.5,1728.0,0,falla_alimentacion
40,271,53.5,173.3,40.4,1449.0,0,falla_alimentacion
40,272,50.3,135.1,27.4,1713.0,1,falla_alimentacion
40,273,55.0,74.0,61.6,1702.0,1,falla_alimentacion
40,274,46.9,112.4,76.8,1682.0,0,falla_alimentacion
40,275,51.7,85.8,60.7,1842.0,0,falla_alimentacion
40,276,69.7,170.7,18.1,1458.0,0,falla_alimentacion
40,277,45.9,75.9,45.7,1805.0,0,falla_alimentacion
40,278,49.0,159.6,29.1,1702.0,0,falla_alimentacion
40,279,52.7,139.3,51.8,1783.0,0,falla_alimentacion
40,280,69.1,154.9,74.4,1974.0,0,falla_alimentacion
40,281,56.0,139.7,57.8,1997.0,0,falla_alimentacion
40,282,50.0,100.3,56.2,2112.0,0,falla_alimentacion
40,283,45.4,156.9,94.9,1413.0,1,falla_alimentacion
40,284,59.9,145.5,33.1,1866.0,1,falla_alimentacion
40,285,48.4,116.5,83.4,1949.0,0,falla_alimentacion
40,286,61.3,255.0,48.0,1677.0,0,falla_alimentacion
40,287,47.0,86.5,100.0,1788.0,0,falla_alimentacion
40,288,44.4,162.5,62.4,2060.0,0,falla_alimentacion
40,289,37.5,166.4,10.4,1752.0,0,falla_alimentacion
40,290,53.2,126.8,46.0,2053.0,0,falla_alimentacion
40,291,34.6,150.9,23.6,1783.0,0,falla_alimentacion
40,292,59.2,159.9,100.0,1884.0,0,falla_alimentacion
40,293,37.6,136.5,37.5,1978.0,0,falla_alimentacion
40,294,34.6,114.7,86.6,1575.0,0,falla_alimentacion
40,295,48.8,136.2,79.1,1879.0,0,falla_alimentacion
40,296,56.8,112.5,26.2,1697.0,0,falla_alimentacion
40,297,48.2,201.5,17.2,2036.0,1,falla_alimentacion
40,298,55.2,179.2,79.9,1732.0,1,falla_alimentacion
40,299,51.7,143.2,46.7,1730.0,0,falla_alimentacion
41,0,50.6,102.2,63.3,1957.0,0,falla_alimentacion
41,1,49.2,101.8,81.5,1970.0,0,falla_alimentacion
41,2,42.8,150.7,95.2,1833.0,0,falla_alimentacion
41,3,54.1,77.4,26.3,1536.0,0,falla_alimentacion
41,4,51.3,141.5,91.6,2008.0,0,falla_alimentacion
41,5,60.6,138.2,100.0,1449.0,0,falla_alimentacion
41,6,64.8,112.4,19.9,1548.0,0,falla_alimentacion
41,7,51.1,144.0,15.8,1952.0,1,falla_alimentacion
41,8,53.5,144.0,96.2,1575.0,0,falla_alimentacion
41,9,54.7,123.9,46.2,1653.0,0,falla_alimentacion
41,10,65.4,215.7,51.2,1827.0,0,falla_alimentacion
41,11,38.7,121.7,86.4,1984.0,0,falla_alimentacion
41,12,45.4,141.9,34.7,1916.0,0,falla_alimentacion
41,13,39.0,112.9,63.6,2064.0,0,falla_alimentacion
41,14,45.0,183.7,22.9,1710.0,0,falla_alimentacion
41,15,46.9,89.0,78.8,1627.0,0,falla_alimentacion
41,16,43.0,146.7,78.7,1544.0,0,falla_alimentacion
41,17,53.3,99.2,61.5,1822.0,0,falla_alimentacion
41,18,54.0,62.8,57.6,1855.0,0,falla_alimentacion
41,19,49.9,109.9,56.9,2290.0,0,falla_alimentacion
41,20,52.6,111.4,53.0,1923.0,0,falla_alimentacion
41,21,64.2,164.2,55.4,1457.0,0,falla_alimentacion
41,22,52.9,101.9,79.1,2030.0,0,falla_alimentacion
41,23,39.3,46.6,12.6,1631.0,0,falla_alimentacion
41,24,43.7,50.5,100.0,1537.0,0,falla_alimentacion
41,25,43.0,147.3,61.9,2007.0,0,falla_alimentacion
41,26,61.3,161.1,100.0,1968.0,0,falla_alimentacion
41,27,46.0,147.9,63.5,2018.0,0,falla_alimentacion
41,28,41.8,120.9,57.5,1675.0,0,falla_alimentacion
41,29,40.9,154.2,72.9,2245.0,0,falla_alimentacion
41,30,45.4,56.9,26.0,1983.0,0,falla_alimentacion
41,31,45.1,49.4,30.5,1610.0,1,falla_alimentacion
41,32,43.9,74.4,52.2,2244.0,0,falla_alimentacion
41,33,57.0,131.9,59.1,1916.0,0,falla_alimentacion
41,34,47.7,175.2,83.0,1797.0,0,falla_alimentacion
41,35,49.4,94.7,59.2,1688.0,0,falla_alimentacion
41,36,56.0,99.8,93.5,1157.0,0,falla_alimentacion
41,37,56.6,168.4,0.0,1953.0,0,falla_alimentacion
41,38,45.1,121.2,100.0,1676.0,0,falla_alimentacion
41,39,59.6,148.1,47.0,1753.0,0,falla_alimentacion
41,40,49.8,144.4,74.3,1780.0,0,falla_alimentacion
41,41,45.3,83.9,87.2,1627.0,0,falla_alimentacion
41,42,57.3,220.7,24.3,1904.0,0,falla_alimentacion
41,43,53.1,100.2,93.3,1632.0,0,falla_alimentacion
41,44,52.3,225.4,76.1,1479.0,1,falla_alimentacion
41,45,47.1,164.6,100.0,1813.0,0,falla_alimentacion
41,46,50.0,152.3,59.1,1684.0,0,falla_alimentacion
41,47,44.2,72.9,57.1,1408.0,0,falla_alimentacion
41,48,48.3,155.4,38.7,1554.0,1,falla_alimentacion
41,49,46.6,136.4,39.6,1833.0,1,falla_alimentacion
41,50,52.0,129.8,55.6,1828.0,0,falla_alimentacion
41,51,62.3,81.4,71.8,2078.0,0,falla_alimentacion
41,52,48.6,179.4,76.0,2035.0,1,falla_alimentacion
41,53,56.3,181.5,31.9,1888.0,0,falla_alimentacion
41,54,51.1,63.0,54.7,1659.0,0,falla_alimentacion
41,55,59.2,113.0,62.8,1691.0,0,falla_alimentacion
41,56,63.6,127.1,3.3,1888.0,0,falla_alimentacion
41,57,45.9,155.3,78.7,1999.0,0,falla_alimentacion
41,58,36.3,146.4,50.6,1909.0,0,falla_alimentacion
41,59,40.0,136.8,57.4,1706.0,0,falla_alimentacion
41,60,57.9,161.9,93.5,1842.0,0,falla_alimentacion
41,61,52.5,224.0,32.2,1749.0,0,falla_alimentacion
41,62,42.2,126.7,35.3,1377.0,1,falla_alimentacion
41,63,62.8,186.5,0.0,1757.0,1,falla_alimentacion
41,64,47.5,218.9,55.1,1718.0,1,falla_alimentacion
41,65,47.1,208.7,84.2,1959.0,0,falla_alimentacion
41,66,47.7,169.6,4.0,1579.0,0,falla_alimentacion
41,67,60.1,169.4,30.9,1602.0,0,falla_alimentacion
41,68,43.9,159.4,60.8,2011.0,0,falla_alimentacion
41,69,60.2,216.1,45.1,1616.0,0,falla_alimentacion
41,70,54.5,122.6,45.4,1662.0,0,falla_alimentacion
41,71,60.9,123.2,60.5,1899.0,0,falla_alimentacion
41,72,56.1,110.3,100.0,1943.0,0,falla_alimentacion
41,73,52.8,249.8,57.7,2079.0,0,falla_alimentacion
41,74,55.6,209.0,62.7,1729.0,0,falla_alimentacion
41,75,50.7,112.8,68.7,1740.0,1,falla_alimentacion
41,76,44.4,85.8,8.0,1767.0,0,falla_alimentacion
41,77,55.3,131.1,64.8,1679.0,0,falla_alimentacion
41,78,49.4,143.2,18.1,1887.0,0,falla_alimentacion
41,79,60.1,151.5,57.4,1734.0,0,falla_alimentacion
41,80,59.8,70.8,84.0,1556.0,1,falla_alimentacion
41,81,54.7,106.7,46.3,1447.0,0,falla_alimentacion
41,82,57.9,194.7,83.5,1775.0,0,falla_alimentacion
41,83,53.9,167.5,13.5,1924.0,1,falla_alimentacion
41,84,54.0,108.6,63.6,1663.0,0,falla_alimentacion
41,85,44.9,183.5,64.0,1539.0,3,falla_alimentacion
41,86,52.0,184.0,0.0,2107.0,0,falla_alimentacion
41,87,53.6,240.1,69.5,1729.0,0,falla_alimentacion
41,88,52.9,130.3,0.0,1980.0,0,falla_alimentacion
41,89,52.2,109.7,60.9,2011.0,0,falla_alimentacion
41,90,51.7,133.3,67.7,2102.0,0,falla_alimentacion
41,91,66.7,181.7,45.9,1789.0,0,falla_alimentacion
41,92,51.1,83.6,60.7,1514.0,0,falla_alimentacion
41,93,55.9,140.2,100.0,1418.0,0,falla_alimentacion
41,94,50.3,141.7,42.8,1747.0,1,falla_alimentacion
41,95,52.7,199.8,27.3,2139.0,2,falla_alimentacion
41,96,43.3,115.8,100.0,1815.0,0,falla_alimentacion
41,97,45.4,133.4,61.3,2071.0,1,falla_alimentacion
41,98,46.2,163.5,85.4,1606.0,0,falla_alimentacion
41,99,39.0,112.3,15.3,2091.0,0,falla_alimentacion
41,100,51.1,104.2,0.0,1935.0,0,falla_alimentacion
41,101,43.0,224.3,34.2,1826.0,0,falla_alimentacion
41,102,41.6,165.1,51.4,1988.0,1,falla_alimentacion
41,103,67.4,194.7,42.7,1686.0,0,falla_alimentacion
41,104,59.4,172.7,42.7,1893.0,1,falla_alimentacion
41,105,66.6,134.7,8.9,1631.0,0,falla_alimentacion
41,106,49.7,112.8,61.2,1678.0,0,falla_alimentacion
41,107,47.9,114.6,49.1,1616.0,0,falla_alimentacion
41,108,53.5,106.9,0.6,1621.0,0,falla_alimentacion
41,109,53.5,107.2,47.9,1453.0,0,falla_alimentacion
41,110,47.7,104.9,52.3,2255.0,0,falla_alimentacion
41,111,44.4,175.1,82.1,1560.0,0,falla_alimentacion
41,112,55.2,96.8,42.2,2007.0,0,falla_alimentacion
41,113,37.8,202.7,79.9,1462.0,0,falla_alimentacion
41,114,55.1,173.9,77.1,1684.0,0,falla_alimentacion
41,115,48.1,170.3,35.0,1728.0,0,falla_alimentacion
41,116,56.7,150.7,72.4,2084.0,0,falla_alimentacion
41,117,59.1,158.7,84.1,1866.0,0,falla_alimentacion
41,118,55.1,121.0,82.8,1586.0,0,falla_alimentacion
41,119,41.1,102.1,64.3,1751.0,0,falla_alimentacion
41,120,38.4,120.0,52.7,2037.0,0,falla_alimentacion
41,121,37.8,81.0,21.2,2010.0,1,falla_alimentacion
41,122,46.4,160.6,85.0,1666.0,0,falla_alimentacion
41,123,38.5,95.1,18.7,1506.0,0,falla_alimentacion
41,124,49.9,169.3,51.2,1672.0,0,falla_alimentacion
41,125,43.1,170.6,82.4,1936.0,1,falla_alimentacion
41,126,45.6,151.7,30.2,1449.0,0,falla_alimentacion
41,127,50.1,117.2,55.0,1765.0,0,falla_alimentacion
41,128,53.3,101.9,15.7,1556.0,0,falla_alimentacion
41,129,43.7,107.3,46.1,1703.0,0,falla_alimentacion
41,130,46.7,98.4,30.2,1902.0,0,falla_alimentacion
41,131,52.9,139.5,35.5,1787.0,0,falla_alimentacion
41,132,49.1,135.1,69.4,1939.0,1,falla_alimentacion
41,133,48.9,225.8,71.6,2045.0,0,falla_alimentacion
41,134,55.5,223.6,40.8,2546.0,0,falla_alimentacion
41,135,42.9,208.7,62.0,1982.0,0,falla_alimentacion
41,136,56.7,131.0,43.7,1920.0,0,falla_alimentacion
41,137,68.3,76.3,46.3,1669.0,0,falla_alimentacion
41,138,52.3,148.3,26.3,1979.0,0,falla_alimentacion
41,139,46.5,128.9,42.1,2113.0,0,falla_alimentacion
41,140,38.5,141.7,5.9,1665.0,0,falla_alimentacion
41,141,46.1,159.4,100.0,1688.0,1,falla_alimentacion
41,142,52.9,171.7,85.2,1670.0,0,falla_alimentacion
41,143,49.1,60.0,100.0,1535.0,0,falla_alimentacion
41,144,49.6,198.3,83.5,1797.0,0,falla_alimentacion
41,145,49.1,183.1,62.9,1530.0,0,falla_alimentacion
41,146,46.0,114.2,0.6,1780.0,1,falla_alimentacion
41,147,49.5,180.0,81.2,1864.0,0,falla_alimentacion
41,148,43.5,128.7,89.0,1857.0,0,falla_alimentacion
41,149,50.8,141.6,26.9,1701.0,0,falla_alimentacion
41,150,51.3,133.4,69.3,1490.0,0,falla_alimentacion
41,151,61.2,107.4,59.2,2044.0,0,falla_alimentacion
41,152,43.9,83.5,53.6,1446.0,0,falla_alimentacion
41,153,55.9,263.0,69.1,1824.0,0,falla_alimentacion
41,154,56.8,168.3,67.0,2097.0,0,falla_alimentacion
41,155,48.0,146.2,30.5,1818.0,0,falla_alimentacion
41,156,44.7,221.6,79.6,2056.0,1,falla_alimentacion
41,157,60.7,64.3,18.9,1902.0,0,falla_alimentacion
41,158,39.6,129.0,67.5,1521.0,0,falla_alimentacion
41,159,43.5,112.3,62.7,2062.0,0,falla_alimentacion
41,160,41.4,117.8,36.5,1682.0,0,falla_alimentacion
41,161,44.6,141.4,86.5,1714.0,0,falla_alimentacion
41,162,48.1,120.3,8.0,1937.0,0,falla_alimentacion
41,163,61.9,59.9,62.0,1610.0,0,falla_alimentacion
41,164,46.6,94.3,60.2,1988.0,0,falla_alimentacion
41,165,66.8,98.6,94.8,1884.0,0,falla_alimentacion
41,166,57.2,120.0,71.7,2131.0,0,falla_alimentacion
41,167,46.0,97.1,0.0,2029.0,0,falla_alimentacion
41,168,46.1,132.0,43.6,1759.0,0,falla_alimentacion
41,169,51.6,133.4,95.6,1717.0,0,falla_alimentacion
41,170,50.6,43.0,51.2,1654.0,0,falla_alimentacion
41,171,40.7,91.7,27.3,1750.0,0,falla_alimentacion
41,172,44.2,149.7,53.7,1620.0,1,falla_alimentacion
41,173,37.6,135.0,97.0,1738.0,0,falla_alimentacion
41,174,64.1,60.9,33.8,1547.0,0,falla_alimentacion
41,175,51.1,176.2,28.8,1605.0,0,falla_alimentacion
41,176,47.5,167.3,49.3,2074.0,0,falla_alimentacion
41,177,44.6,244.8,38.8,1532.0,0,falla_alimentacion
41,178,45.5,219.4,73.4,1514.0,0,falla_alimentacion
41,179,38.3,101.6,46.2,1655.0,1,falla_alimentacion
41,180,51.3,134.3,63.8,2073.0,0,falla_alimentacion
41,181,56.2,141.4,95.7,1612.0,1,falla_alimentacion
41,182,62.5,197.4,31.3,1738.0,0,falla_alimentacion
41,183,56.3,127.1,80.9,1856.0,1,falla_alimentacion
41,184,56.0,200.6,77.6,1905.0,0,falla_alimentacion
41,185,59.3,152.8,24.0,1778.0,1,falla_alimentacion
41,186,48.8,104.1,89.4,1877.0,0,falla_alimentacion
41,187,39.3,86.9,24.3,1992.0,0,falla_alimentacion
41,188,56.2,185.8,18.6,1542.0,0,falla_alimentacion
41,189,44.3,183.5,34.0,1663.0,0,falla_alimentacion
41,190,49.3,189.2,34.9,1632.0,0,falla_alimentacion
41,191,41.9,23.8,46.3,1726.0,0,falla_alimentacion
41,192,59.2,134.1,27.3,2048.0,0,falla_alimentacion
41,193,56.8,196.4,69.2,1994.0,0,falla_alimentacion
41,194,38.8,75.6,51.8,1783.0,0,falla_alimentacion
41,195,50.8,165.6,59.6,1961.0,1,falla_alimentacion
41,196,58.3,115.1,72.0,2223.0,0,falla_alimentacion
41,197,49.0,97.6,93.1,1551.0,1,falla_alimentacion
41,198,49.9,107.3,44.2,1667.0,1,falla_alimentacion
41,199,57.7,211.1,39.6,1746.0,1,falla_alimentacion
41,200,47.9,180.3,75.0,1875.0,0,falla_alimentacion
41,201,49.3,134.7,86.4,1903.0,0,falla_alimentacion
41,202,56.3,239.0,57.0,1588.0,1,falla_alimentacion
41,203,41.9,59.4,56.8,1836.0,0,falla_alimentacion
41,204,44.5,111.2,49.8,1969.0,0,falla_alimentacion
41,205,36.3,212.0,39.6,1556.0,0,falla_alimentacion
41,206,66.1,131.9,45.1,1830.0,0,falla_alimentacion
41,207,50.9,130.7,53.0,1677.0,0,falla_alimentacion
41,208,58.4,134.6,71.5,1511.0,0,falla_alimentacion
41,209,40.5,119.4,75.9,1996.0,0,falla_alimentacion
41,210,59.9,181.8,32.1,1893.0,0,falla_alimentacion
41,211,47.6,102.8,56.6,1620.0,0,falla_alimentacion
41,212,61.0,261.0,37.1,1983.0,0,falla_alimentacion
41,213,48.4,76.3,48.6,2224.0,0,falla_alimentacion
41,214,41.3,216.1,58.2,1821.0,0,falla_alimentacion
41,215,58.7,177.1,79.0,1524.0,0,falla_alimentacion
41,216,50.5,109.3,51.5,1740.0,0,falla_alimentacion
41,217,40.6,151.6,66.1,1412.0,0,falla_alimentacion
41,218,36.8,178.0,28.3,1776.0,0,falla_alimentacion
41,219,53.3,168.2,26.6,1723.0,0,falla_alimentacion
41,220,49.8,54.4,48.5,1956.0,0,falla_alimentacion
41,221,51.6,157.4,100.0,1680.0,0,falla_alimentacion
41,222,51.9,77.5,35.3,1979.0,0,falla_alimentacion
41,223,48.9,187.2,58.8,1640.0,0,falla_alimentacion
41,224,53.0,188.1,65.2,1776.0,0,falla_alimentacion
41,225,55.8,78.4,55.8,1519.0,0,falla_alimentacion
41,226,48.8,51.1,40.1,1586.0,0,falla_alimentacion
41,227,54.2,126.3,68.9,1957.0,0,falla_alimentacion
41,228,54.6,129.1,32.2,2014.0,0,falla_alimentacion
41,229,58.6,140.4,64.5,1669.0,0,falla_alimentacion
41,230,32.1,159.0,40.4,1904.0,0,falla_alimentacion
41,231,46.6,133.0,79.9,1956.0,0,falla_alimentacion
41,232,54.4,144.7,10.3,1586.0,0,falla_alimentacion
41,233,66.8,102.5,52.3,1890.0,0,falla_alimentacion
41,234,59.4,93.8,27.0,1802.0,1,falla_alimentacion
41,235,59.6,167.2,75.7,1870.0,0,falla_alimentacion
41,236,71.3,163.4,76.0,1776.0,0,falla_alimentacion
41,237,49.3,123.9,0.0,1374.0,1,falla_alimentacion
41,238,66.6,92.6,23.9,1833.0,0,falla_alimentacion
41,239,55.5,209.9,78.3,1767.0,0,falla_alimentacion
41,240,42.2,217.0,51.7,1733.0,0,falla_alimentacion
41,241,36.3,191.3,70.3,1472.0,0,falla_alimentacion
41,242,48.2,168.5,54.6,2000.0,0,falla_alimentacion
41,243,55.3,91.0,59.0,1808.0,0,falla_alimentacion
41,244,47.9,197.7,79.7,1395.0,1,falla_alimentacion
41,245,50.9,166.0,25.2,2072.0,0,falla_alimentacion
41,246,65.3,93.9,43.9,1885.0,0,falla_alimentacion
41,247,50.4,171.7,29.1,1984.0,0,falla_alimentacion
41,248,65.7,117.0,61.8,1741.0,0,falla_alimentacion
41,249,56.2,177.3,22.3,1797.0,0,falla_alimentacion
41,250,58.5,191.5,78.1,2013.0,0,falla_alimentacion
41,251,48.2,163.4,41.6,1887.0,0,falla_alimentacion
41,252,49.4,102.4,67.8,1772.0,0,falla_alimentacion
41,253,50.1,167.8,36.5,1672.0,1,falla_alimentacion
41,254,49.3,165.3,75.2,1288.0,0,falla_alimentacion
41,255,55.2,108.4,84.7,1983.0,0,falla_alimentacion
41,256,60.3,124.7,74.0,1989.0,1,falla_alimentacion
41,257,69.7,225.7,32.9,1949.0,0,falla_alimentacion
41,258,44.4,214.5,91.5,2028.0,1,falla_alimentacion
41,259,50.0,115.4,72.3,1615.0,1,falla_alimentacion
41,260,58.0,49.0,39.1,1731.0,0,falla_alimentacion
41,261,50.5,206.7,62.0,1705.0,0,falla_alimentacion
41,262,39.6,235.4,93.4,1409.0,1,falla_alimentacion
41,263,56.4,210.8,32.6,1681.0,0,falla_alimentacion
41,264,43.6,124.0,31.9,1834.0,0,falla_alimentacion
41,265,51.6,170.2,51.8,2010.0,0,falla_alimentacion
41,266,63.8,98.4,20.0,1904.0,0,falla_alimentacion
41,267,55.6,188.6,57.7,1674.0,0,falla_alimentacion
41,268,55.0,113.8,73.3,1991.0,0,falla_alimentacion
41,269,61.9,111.4,59.3,1861.0,0,falla_alimentacion
41,270,49.0,136.2,36.9,1474.0,0,falla_alimentacion
41,271,52.7,114.8,77.7,1842.0,0,falla_alimentacion
41,272,48.6,173.1,50.7,1963.0,0,falla_alimentacion
41,273,56.3,101.6,35.2,1913.0,0,falla_alimentacion
41,274,39.3,256.4,61.5,1571.0,0,falla_alimentacion
41,275,42.9,164.8,85.1,1618.0,0,falla_alimentacion
41,276,50.3,124.3,40.5,2221.0,0,falla_alimentacion
41,277,54.8,96.1,95.0,1626.0,0,falla_alimentacion
41,278,65.2,126.0,56.9,1819.0,0,falla_alimentacion
41,279,42.9,130.6,58.2,1303.0,0,falla_alimentacion
41,280,49.5,127.8,57.9,2070.0,0,falla_alimentacion
41,281,52.0,117.7,41.2,1966.0,0,falla_alimentacion
41,282,40.8,103.0,23.3,2153.0,0,falla_alimentacion
41,283,44.0,180.8,100.0,1597.0,0,falla_alimentacion
41,284,35.6,203.6,25.5,2051.0,0,falla_alimentacion
41,285,54.4,101.2,86.1,1599.0,0,falla_alimentacion
41,286,43.6,137.8,98.2,2118.0,2,falla_alimentacion
41,287,59.8,59.0,37.2,1325.0,0,falla_alimentacion
41,288,53.3,115.4,70.5,2016.0,1,falla_alimentacion
41,289,48.5,228.6,72.3,1815.0,0,falla_alimentacion
41,290,44.0,194.0,72.3,1944.0,0,falla_alimentacion
41,291,53.1,167.8,39.2,1920.0,1,falla_alimentacion
41,292,48.0,88.0,45.3,1899.0,0,falla_alimentacion
41,293,54.3,108.6,75.1,2294.0,0,falla_alimentacion
41,294,59.2,116.8,14.0,2176.0,0,falla_alimentacion
41,295,43.9,186.0,5.0,1925.0,0,falla_alimentacion
41,296,46.5,198.6,57.6,1851.0,0,falla_alimentacion
41,297,60.2,140.4,51.8,2107.0,0,falla_alimentacion
41,298,61.1,180.9,58.9,2121.0,0,falla_alimentacion
41,299,42.3,107.3,36.9,1833.0,0,falla_alimentacion
42,0,42.7,86.8,51.8,1463.0,0,falla_alimentacion
42,1,34.5,203.9,70.8,1684.0,0,falla_alimentacion
42,2,53.3,151.9,61.3,1793.0,0,falla_alimentacion
42,3,48.0,163.4,69.0,2015.0,0,falla_alimentacion
42,4,57.4,236.7,77.0,1535.0,0,falla_alimentacion
42,5,43.9,185.6,88.0,1616.0,0,falla_alimentacion
42,6,58.2,137.5,82.7,1573.0,0,falla_alimentacion
42,7,55.7,81.6,92.6,1472.0,0,falla_alimentacion
42,8,54.1,193.9,50.0,1271.0,1,falla_alimentacion
42,9,39.2,195.2,26.1,1889.0,0,falla_alimentacion
42,10,49.5,146.0,52.3,1823.0,0,falla_alimentacion
42,11,57.2,223.5,100.0,1882.0,1,falla_alimentacion
42,12,45.6,152.7,53.9,1852.0,0,falla_alimentacion
42,13,33.2,143.0,9.7,1711.0,0,falla_alimentacion
42,14,44.6,194.0,100.0,1670.0,1,falla_alimentacion
42,15,42.4,162.3,61.4,2011.0,0,falla_alimentacion
42,16,45.1,174.3,35.6,1928.0,0,falla_alimentacion
42,17,38.4,43.2,27.3,1774.0,0,falla_alimentacion
42,18,56.2,156.2,60.2,1599.0,2,falla_alimentacion
42,19,54.9,117.5,75.5,1818.0,0,falla_alimentacion
42,20,42.7,114.5,73.6,1838.0,1,falla_alimentacion
42,21,46.5,129.3,79.2,1674.0,0,falla_alimentacion
42,22,43.0,108.6,19.4,1847.0,0,falla_alimentacion
42,23,53.9,172.3,27.3,1915.0,1,falla_alimentacion
42,24,42.0,85.5,56.4,1887.0,0,falla_alimentacion
42,25,43.2,58.4,85.1,1991.0,0,falla_alimentacion
42,26,50.8,133.1,45.9,1970.0,0,falla_alimentacion
42,27,43.2,199.8,0.0,2006.0,0,falla_alimentacion
42,28,63.4,116.1,77.9,1692.0,0,falla_alimentacion
42,29,44.2,127.8,0.0,1956.0,0,falla_alimentacion
42,30,55.9,126.7,44.2,1896.0,0,falla_alimentacion
42,31,57.1,253.0,76.3,1962.0,0,falla_alimentacion
42,32,38.8,182.2,75.5,1824.0,0,falla_alimentacion
42,33,47.9,112.8,15.2,1897.0,1,falla_alimentacion
42,34,43.0,130.5,79.2,1596.0,0,falla_alimentacion
42,35,57.2,104.4,91.0,1894.0,0,falla_alimentacion
42,36,49.4,223.7,73.1,2043.0,0,falla_alimentacion
42,37,57.1,70.6,50.6,2130.0,0,falla_alimentacion
42,38,63.1,95.8,68.4,1775.0,1,falla_alimentacion
42,39,63.8,179.8,38.3,2157.0,0,falla_alimentacion
42,40,41.4,216.4,83.6,1767.0,1,falla_alimentacion
42,41,40.6,139.1,94.7,1939.0,0,falla_alimentacion
42,42,40.6,127.5,46.0,1813.0,0,falla_alimentacion
42,43,59.1,141.5,76.2,2054.0,0,falla_alimentacion
42,44,56.0,143.3,82.1,1841.0,0,falla_alimentacion
42,45,55.4,234.4,50.9,1680.0,0,falla_alimentacion
42,46,54.4,159.6,0.0,2008.0,0,falla_alimentacion
42,47,46.7,123.3,60.4,1701.0,1,falla_alimentacion
42,48,50.7,157.9,0.0,1863.0,1,falla_alimentacion
42,49,52.7,182.1,97.0,1462.0,1,falla_alimentacion
42,50,50.9,97.4,71.7,1965.0,0,falla_alimentacion
42,51,44.8,151.5,50.2,1425.0,1,falla_alimentacion
42,52,62.9,141.0,80.4,1700.0,1,falla_alimentacion
42,53,40.4,88.2,27.1,1527.0,0,falla_alimentacion
42,54,46.7,120.9,85.1,1576.0,1,falla_alimentacion
42,55,61.7,118.3,62.1,1793.0,0,falla_alimentacion
42,56,57.4,117.6,62.6,1666.0,0,falla_alimentacion
42,57,39.8,224.2,45.8,1948.0,0,falla_alimentacion
42,58,32.5,140.9,48.6,1751.0,0,falla_alimentacion
42,59,41.8,155.6,69.9,1834.0,0,falla_alimentacion
42,60,51.0,169.5,33.0,1637.0,0,falla_alimentacion
42,61,50.5,137.0,24.3,1950.0,0,falla_alimentacion
42,62,49.7,120.0,82.4,1837.0,1,falla_alimentacion
42,63,54.6,207.1,68.5,1905.0,0,falla_alimentacion
42,64,50.2,207.4,31.2,1952.0,0,falla_alimentacion
42,65,57.6,180.8,57.8,1973.0,0,falla_alimentacion
42,66,56.1,135.0,56.3,1883.0,0,falla_alimentacion
42,67,32.7,155.8,37.1,1835.0,1,falla_alimentacion
42,68,50.7,103.4,60.5,2021.0,0,falla_alimentacion
42,69,48.3,144.5,54.3,1833.0,0,falla_alimentacion
42,70,52.2,87.0,77.6,1717.0,0,falla_alimentacion
42,71,48.1,175.9,65.5,1983.0,0,falla_alimentacion
42,72,37.1,214.1,41.6,2009.0,0,falla_alimentacion
42,73,53.7,89.2,40.9,1790.0,0,falla_alimentacion
42,74,55.6,218.9,65.9,1924.0,0,falla_alimentacion
42,75,35.2,168.2,10.1,1891.0,0,falla_alimentacion
42,76,63.8,105.0,26.8,1818.0,0,falla_alimentacion
42,77,57.5,151.5,50.4,1506.0,1,falla_alimentacion
42,78,42.8,209.2,51.7,1580.0,0,falla_alimentacion
42,79,41.2,195.8,79.8,1726.0,0,falla_alimentacion
42,80,51.6,194.4,19.6,1808.0,1,falla_alimentacion
42,81,51.0,123.3,43.8,1565.0,1,falla_alimentacion
42,82,55.0,97.8,54.8,1381.0,0,falla_alimentacion
42,83,53.9,139.9,46.9,1780.0,0,falla_alimentacion
42,84,54.7,145.4,36.3,1802.0,0,falla_alimentacion
42,85,41.1,130.3,39.1,1973.0,0,falla_alimentacion
42,86,48.9,112.5,61.3,2187.0,1,falla_alimentacion
42,87,52.7,94.6,48.2,1528.0,0,falla_alimentacion
42,88,48.1,172.0,45.6,1868.0,0,falla_alimentacion
42,89,55.2,108.2,25.5,2276.0,0,falla_alimentacion
42,90,58.6,176.2,100.0,1536.0,2,falla_alimentacion
42,91,43.4,126.5,58.7,1605.0,0,falla_alimentacion
42,92,49.7,135.7,94.4,1994.0,1,falla_alimentacion
42,93,45.8,87.0,48.0,1838.0,0,falla_alimentacion
42,94,46.6,158.0,58.0,1855.0,1,falla_alimentacion
42,95,36.9,127.6,67.7,1924.0,0,falla_alimentacion
42,96,53.3,91.5,52.0,1948.0,0,falla_alimentacion
42,97,72.9,129.7,58.0,1885.0,1,falla_alimentacion
42,98,53.3,101.2,60.9,1909.0,1,falla_alimentacion
42,99,68.3,69.1,49.6,1560.0,0,falla_alimentacion
42,100,60.3,173.9,52.5,1996.0,0,falla_alimentacion
42,101,44.0,88.3,80.9,2113.0,0,falla_alimentacion
42,102,53.4,160.4,30.8,2022.0,0,falla_alimentacion
42,103,56.3,242.9,98.6,1900.0,0,falla_alimentacion
42,104,55.9,97.7,69.6,2177.0,1,falla_alimentacion
42,105,44.2,161.0,47.8,1837.0,0,falla_alimentacion
42,106,51.7,121.7,77.8,1999.0,0,falla_alimentacion
42,107,63.4,151.2,76.1,2139.0,0,falla_alimentacion
42,108,37.6,60.3,63.4,1727.0,0,falla_alimentacion
42,109,58.3,158.4,52.6,2062.0,0,falla_alimentacion
42,110,59.5,144.7,14.5,1574.0,0,falla_alimentacion
42,111,36.3,248.5,37.9,1627.0,0,falla_alimentacion
42,112,45.0,48.0,57.1,1603.0,0,falla_alimentacion
42,113,47.8,118.2,67.5,1370.0,0,falla_alimentacion
42,114,57.0,160.6,57.2,1657.0,1,falla_alimentacion
42,115,50.1,179.6,65.8,1816.0,0,falla_alimentacion
42,116,45.6,134.4,49.3,1739.0,0,falla_alimentacion
42,117,50.6,196.9,71.5,1545.0,0,falla_alimentacion
42,118,53.5,142.9,100.0,1307.0,0,falla_alimentacion
42,119,48.7,146.1,59.7,1650.0,0,falla_alimentacion
42,120,63.0,62.1,52.4,1630.0,0,falla_alimentacion
42,121,50.3,166.3,55.4,2179.0,0,falla_alimentacion
42,122,55.9,208.3,75.9,1796.0,1,falla_alimentacion
42,123,41.5,95.4,54.6,2151.0,0,falla_alimentacion
42,124,52.9,120.1,75.5,1657.0,0,falla_alimentacion
42,125,45.9,76.2,78.5,2010.0,0,falla_alimentacion
42,126,46.0,160.9,100.0,1849.0,0,falla_alimentacion
42,127,62.3,132.7,67.1,1638.0,0,falla_alimentacion
42,128,44.7,176.5,58.3,1851.0,0,falla_alimentacion
42,129,45.9,136.5,64.4,1759.0,0,falla_alimentacion
42,130,36.2,135.6,55.7,1739.0,0,falla_alimentacion
42,131,42.9,137.2,60.4,1468.0,0,falla_alimentacion
42,132,36.4,147.6,90.1,2194.0,0,falla_alimentacion
42,133,59.4,141.0,44.0,1909.0,0,falla_alimentacion
42,134,52.9,159.1,23.0,1577.0,0,falla_alimentacion
42,135,56.4,204.3,59.1,1878.0,0,falla_alimentacion
42,136,53.7,183.9,60.5,1730.0,0,falla_alimentacion
42,137,42.3,219.0,80.5,2080.0,0,falla_alimentacion
42,138,56.5,87.4,51.9,1742.0,0,falla_alimentacion
42,139,48.5,106.0,44.4,1791.0,0,falla_alimentacion
42,140,54.6,189.9,40.4,1675.0,0,falla_alimentacion
42,141,28.2,94.5,40.0,1896.0,0,falla_alimentacion
42,142,40.4,212.9,34.7,1797.0,0,falla_alimentacion
42,143,44.4,117.0,25.6,2050.0,0,falla_alimentacion
42,144,52.4,133.5,0.8,1862.0,0,falla_alimentacion
42,145,37.4,123.3,76.0,2289.0,0,falla_alimentacion
42,146,68.2,140.5,60.4,1772.0,0,falla_alimentacion
42,147,60.1,214.6,100.0,1641.0,0,falla_alimentacion
42,148,60.4,199.3,18.6,1655.0,0,falla_alimentacion
42,149,61.5,228.1,100.0,1656.0,0,falla_alimentacion
42,150,54.4,242.7,51.5,1637.0,0,falla_alimentacion
42,151,41.0,119.4,15.6,2104.0,0,falla_alimentacion
42,152,53.7,94.5,5.0,1749.0,0,falla_alimentacion
42,153,46.1,147.4,41.9,1861.0,0,falla_alimentacion
42,154,48.1,154.7,77.8,1545.0,1,falla_alimentacion
42,155,56.8,73.7,61.9,1801.0,0,falla_alimentacion
42,156,45.5,175.7,46.0,1333.0,1,falla_alimentacion
42,157,45.1,93.2,83.5,1872.0,0,falla_alimentacion
42,158,57.7,121.6,58.1,1695.0,0,falla_alimentacion
42,159,43.4,173.5,15.6,2122.0,0,falla_alimentacion
42,160,47.5,161.4,87.3,1967.0,0,falla_alimentacion
42,161,49.3,143.4,29.1,1962.0,0,falla_alimentacion
42,162,54.6,150.9,28.5,1626.0,1,falla_alimentacion
42,163,55.9,169.5,49.6,1874.0,0,falla_alimentacion
42,164,44.7,112.9,63.4,2193.0,0,falla_alimentacion
42,165,36.6,154.8,39.0,1650.0,0,falla_alimentacion
42,166,60.2,139.8,11.0,1634.0,0,falla_alimentacion
42,167,32.0,146.2,39.9,1812.0,1,falla_alimentacion
42,168,53.3,192.1,79.8,1851.0,0,falla_alimentacion
42,169,49.6,152.9,54.9,1937.0,0,falla_alimentacion
42,170,52.1,204.1,83.0,1910.0,0,falla_alimentacion
42,171,52.5,117.7,68.0,1848.0,0,falla_alimentacion
42,172,48.1,135.8,41.3,1661.0,0,falla_alimentacion
42,173,49.3,71.5,37.1,2200.0,1,falla_alimentacion
42,174,52.7,96.7,59.8,2106.0,0,falla_alimentacion
42,175,52.1,123.2,59.9,1898.0,0,falla_alimentacion
42,176,27.8,161.3,57.9,2055.0,0,falla_alimentacion
42,177,49.4,117.5,60.1,1798.0,0,falla_alimentacion
42,178,56.4,91.0,51.6,1564.0,0,falla_alimentacion
42,179,44.2,155.5,52.0,1987.0,0,falla_alimentacion
42,180,53.7,65.0,34.6,1555.0,0,falla_alimentacion
42,181,58.2,66.7,28.5,2222.0,0,falla_alimentacion
42,182,50.7,103.1,73.6,1583.0,0,falla_alimentacion
42,183,51.0,157.8,30.2,2092.0,0,falla_alimentacion
42,184,39.1,100.8,8.1,2185.0,0,falla_alimentacion
42,185,49.3,144.4,46.3,1540.0,0,falla_alimentacion
42,186,54.0,173.7,61.9,1520.0,1,falla_alimentacion
42,187,46.5,161.2,50.8,1913.0,1,falla_alimentacion
42,188,46.9,217.8,25.1,2121.0,0,falla_alimentacion
42,189,54.2,147.4,82.6,1954.0,0,falla_alimentacion
42,190,52.8,204.1,60.8,1647.0,0,falla_alimentacion
42,191,53.7,168.1,83.9,2123.0,1,falla_alimentacion
42,192,37.4,122.4,53.9,2262.0,0,falla_alimentacion
42,193,53.4,96.8,67.3,1624.0,0,falla_alimentacion
42,194,37.2,147.3,26.6,1891.0,0,falla_alimentacion
42,195,47.8,81.6,0.0,1941.0,0,falla_alimentacion
42,196,65.5,130.3,55.9,1759.0,0,falla_alimentacion
42,197,54.5,133.4,21.6,1636.0,0,falla_alimentacion
42,198,52.6,193.1,76.7,1602.0,0,falla_alimentacion
42,199,43.3,108.1,78.2,1460.0,0,falla_alimentacion
42,200,62.3,159.9,62.8,1988.0,0,falla_alimentacion
42,201,52.5,96.3,34.0,1712.0,0,falla_alimentacion
42,202,31.4,179.0,54.7,2147.0,0,falla_alimentacion
42,203,44.6,208.1,68.8,1924.0,0,falla_alimentacion
42,204,52.2,102.7,65.1,1798.0,0,falla_alimentacion
42,205,48.2,146.5,32.1,2105.0,0,falla_alimentacion
42,206,58.7,256.6,7.8,1799.0,0,falla_alimentacion
42,207,41.0,106.8,64.4,1701.0,0,falla_alimentacion
42,208,51.4,74.6,54.5,1961.0,0,falla_alimentacion
42,209,45.0,150.2,69.3,1702.0,0,falla_alimentacion
42,210,51.3,92.0,54.5,1845.0,0,falla_alimentacion
42,211,45.6,156.8,51.0,1883.0,0,falla_alimentacion
42,212,50.5,179.2,50.5,1822.0,0,falla_alimentacion
42,213,62.1,93.9,47.1,1886.0,0,falla_alimentacion
42,214,37.4,73.8,100.0,1886.0,0,falla_alimentacion
42,215,66.5,186.1,49.1,1845.0,0,falla_alimentacion
42,216,77.8,218.0,46.9,1702.0,0,falla_alimentacion
42,217,46.0,126.3,73.1,1600.0,0,falla_alimentacion
42,218,61.2,202.3,66.3,1659.0,0,falla_alimentacion
42,219,57.2,219.5,57.2,1671.0,0,falla_alimentacion
42,220,56.2,172.1,33.5,1938.0,0,falla_alimentacion
42,221,43.9,146.3,22.2,2151.0,0,falla_alimentacion
42,222,42.4,170.6,53.6,1805.0,0,falla_alimentacion
42,223,46.2,179.2,50.2,2052.0,0,falla_alimentacion
42,224,46.6,39.0,42.5,1665.0,0,falla_alimentacion
42,225,40.2,134.7,74.9,1777.0,0,falla_alimentacion
42,226,43.7,81.1,78.1,1772.0,2,falla_alimentacion
42,227,58.1,99.4,83.8,1924.0,0,falla_alimentacion
42,228,62.4,154.4,29.4,1682.0,0,falla_alimentacion
42,229,42.7,135.7,81.0,1954.0,0,falla_alimentacion
42,230,69.5,141.5,7.6,1875.0,1,falla_alimentacion
42,231,38.5,134.2,53.6,1838.0,0,falla_alimentacion
42,232,40.5,131.6,76.6,1691.0,1,falla_alimentacion
42,233,34.9,139.4,29.3,1473.0,1,falla_alimentacion
42,234,35.5,210.3,21.5,1715.0,0,falla_alimentacion
42,235,59.1,169.1,53.7,1954.0,0,falla_alimentacion
42,236,46.2,97.9,96.3,1451.0,1,falla_alimentacion
42,237,49.6,120.1,97.6,1489.0,0,falla_alimentacion
42,238,47.1,170.9,84.4,1746.0,0,falla_alimentacion
42,239,39.2,127.9,30.1,1634.0,0,falla_alimentacion
42,240,35.7,163.1,55.1,2445.0,0,falla_alimentacion
42,241,31.7,139.0,100.0,1850.0,0,falla_alimentacion
42,242,47.0,149.5,77.6,1721.0,0,falla_alimentacion
42,243,52.5,197.4,16.3,2029.0,0,falla_alimentacion
42,244,41.4,158.1,75.1,1789.0,1,falla_alimentacion
42,245,30.8,227.1,36.6,1784.0,0,falla_alimentacion
42,246,56.3,110.2,47.8,2167.0,0,falla_alimentacion
42,247,57.3,98.8,73.7,1385.0,0,falla_alimentacion
42,248,37.5,157.9,46.0,1608.0,2,falla_alimentacion
42,249,39.1,130.3,42.1,1908.0,1,falla_alimentacion
42,250,54.9,146.0,82.0,1610.0,0,falla_alimentacion
42,251,33.2,156.2,73.9,1608.0,0,falla_alimentacion
42,252,37.7,81.9,63.4,1967.0,2,falla_alimentacion
42,253,60.4,42.0,100.0,1666.0,0,falla_alimentacion
42,254,44.5,172.4,60.4,1875.0,0,falla_alimentacion
42,255,49.1,75.5,63.1,1751.0,0,falla_alimentacion
42,256,39.3,117.1,47.2,1871.0,1,falla_alimentacion
42,257,57.9,132.2,30.9,1782.0,0,falla_alimentacion
42,258,48.1,136.3,19.6,1969.0,0,falla_alimentacion
42,259,56.8,175.2,76.6,1992.0,3,falla_alimentacion
42,260,44.5,170.0,43.9,1661.0,3,falla_alimentacion
42,261,39.5,150.7,100.0,1478.0,0,falla_alimentacion
42,262,47.7,165.6,33.0,1773.0,0,falla_alimentacion
42,263,41.9,93.7,36.1,1684.0,0,falla_alimentacion
42,264,44.5,106.2,63.4,1658.0,0,falla_alimentacion
42,265,41.8,301.9,29.4,1454.0,0,falla_alimentacion
42,266,38.4,146.9,17.7,1719.0,1,falla_alimentacion
42,267,54.8,179.6,72.1,1808.0,0,falla_alimentacion
42,268,52.4,88.3,0.4,1682.0,0,falla_alimentacion
42,269,40.5,173.1,60.1,1790.0,0,falla_alimentacion
42,270,62.9,128.6,60.6,1930.0,0,falla_alimentacion
42,271,42.7,116.1,78.4,2084.0,0,falla_alimentacion
42,272,55.3,219.1,67.1,2107.0,0,falla_alimentacion
42,273,27.6,209.4,100.0,1670.0,0,falla_alimentacion
42,274,46.2,138.7,45.7,1650.0,0,falla_alimentacion
42,275,33.7,151.1,21.9,1524.0,0,falla_alimentacion
42,276,41.6,123.0,100.0,1963.0,0,falla_alimentacion
42,277,51.9,88.7,57.6,1837.0,0,falla_alimentacion
42,278,50.9,144.3,33.2,2084.0,0,falla_alimentacion
42,279,42.5,151.2,15.5,1836.0,0,falla_alimentacion
42,280,48.9,187.4,47.2,1689.0,0,falla_alimentacion
42,281,51.0,166.9,35.5,1790.0,0,falla_alimentacion
42,282,43.5,95.7,35.8,1757.0,0,falla_alimentacion
42,283,54.0,48.2,3.2,1656.0,0,falla_alimentacion
42,284,49.7,126.0,45.8,1817.0,0,falla_alimentacion
42,285,44.3,82.6,65.7,1625.0,1,falla_alimentacion
42,286,63.2,135.7,29.9,2078.0,0,falla_alimentacion
42,287,45.4,160.6,44.1,1456.0,0,falla_alimentacion
42,288,40.0,155.2,42.9,2041.0,2,falla_alimentacion
42,289,56.5,120.4,57.3,1699.0,1,falla_alimentacion
42,290,53.6,159.1,96.9,1219.0,0,falla_alimentacion
42,291,32.4,203.7,60.3,1440.0,0,falla_alimentacion
42,292,32.8,158.9,26.1,1787.0,0,falla_alimentacion
42,293,52.4,157.4,51.9,1716.0,0,falla_alimentacion
42,294,42.9,116.6,63.9,1882.0,1,falla_alimentacion
42,295,51.0,148.4,24.4,1715.0,0,falla_alimentacion
42,296,45.4,209.7,32.1,1916.0,0,falla_alimentacion
42,297,52.8,138.4,31.7,1802.0,0,falla_alimentacion
42,298,54.6,126.7,50.3,1930.0,0,falla_alimentacion
42,299,33.6,196.1,45.6,1973.0,0,falla_alimentacion
43,0,39.4,127.8,46.4,1738.0,0,falla_alimentacion
43,1,62.6,172.2,63.2,1890.0,0,falla_alimentacion
43,2,46.5,164.1,37.6,1779.0,0,falla_alimentacion
43,3,74.6,168.6,54.7,1682.0,0,falla_alimentacion
43,4,50.2,128.4,10.2,1812.0,0,falla_alimentacion
43,5,59.9,185.2,8.2,1883.0,0,falla_alimentacion
43,6,50.2,155.7,22.5,2001.0,0,falla_alimentacion
43,7,52.4,113.4,33.9,2241.0,0,falla_alimentacion
43,8,46.6,128.1,89.4,2055.0,2,falla_alimentacion
43,9,35.6,176.6,100.0,1600.0,0,falla_alimentacion
43,10,63.3,207.7,83.8,1481.0,0,falla_alimentacion
43,11,45.1,62.2,0.0,2059.0,0,falla_alimentacion
43,12,61.7,152.0,99.4,1775.0,2,falla_alimentacion
43,13,66.7,67.8,45.6,1659.0,0,falla_alimentacion
43,14,44.7,106.3,16.0,2126.0,0,falla_alimentacion
43,15,43.2,161.1,100.0,1762.0,0,falla_alimentacion
43,16,45.3,145.2,45.0,1778.0,1,falla_alimentacion
43,17,34.7,103.4,31.1,1672.0,0,falla_alimentacion
43,18,52.8,120.2,41.7,1393.0,0,falla_alimentacion
43,19,60.3,181.8,47.0,1615.0,1,falla_alimentacion
43,20,42.4,143.6,70.4,1673.0,0,falla_alimentacion
43,21,53.7,139.9,60.3,1472.0,0,falla_alimentacion
43,22,48.2,185.9,39.0,1816.0,0,falla_alimentacion
43,23,48.2,174.9,6.5,1853.0,0,falla_alimentacion
43,24,49.8,122.7,35.5,1982.0,0,falla_alimentacion
43,25,52.6,167.6,61.3,1649.0,1,falla_alimentacion
43,26,44.9,128.6,36.8,1426.0,1,falla_alimentacion
43,27,50.1,144.3,58.7,1734.0,1,falla_alimentacion
43,28,45.2,62.7,55.2,1550.0,0,falla_alimentacion
43,29,51.0,114.4,83.7,1795.0,0,falla_alimentacion
43,30,42.6,147.0,62.2,1974.0,0,falla_alimentacion
43,31,57.3,89.5,76.9,1694.0,0,falla_alimentacion
43,32,47.2,125.2,49.5,1786.0,0,falla_alimentacion
43,33,40.0,67.6,96.1,1390.0,0,falla_alimentacion
43,34,48.3,171.6,43.7,1722.0,0,falla_alimentacion
43,35,49.4,202.7,34.0,2121.0,0,falla_alimentacion
43,36,46.1,94.7,88.5,1912.0,0,falla_alimentacion
43,37,37.1,68.8,39.3,1644.0,0,falla_alimentacion
43,38,49.0,164.3,27.8,1576.0,0,falla_alimentacion
43,39,51.3,151.1,27.1,1795.0,0,falla_alimentacion
43,40,53.4,160.1,42.6,1902.0,0,falla_alimentacion
43,41,58.1,171.5,48.4,1647.0,0,falla_alimentacion
43,42,54.0,146.2,65.4,1761.0,0,falla_alimentacion
43,43,52.6,201.5,74.3,1414.0,0,falla_alimentacion
43,44,54.5,206.6,55.8,1963.0,0,falla_alimentacion
43,45,45.5,226.1,78.7,1629.0,0,falla_alimentacion
43,46,57.5,232.8,75.4,1927.0,0,falla_alimentacion
43,47,49.4,107.8,31.9,1870.0,0,falla_alimentacion
43,48,48.5,188.1,30.6,1892.0,0,falla_alimentacion
43,49,40.0,148.5,43.9,1748.0,0,falla_alimentacion
43,50,53.5,54.0,1.3,2129.0,0,falla_alimentacion
43,51,52.7,163.3,57.0,1670.0,0,falla_alimentacion
43,52,55.9,107.8,49.4,2132.0,1,falla_alimentacion
43,53,38.9,139.9,95.8,1851.0,1,falla_alimentacion
43,54,55.7,88.7,82.5,1825.0,0,falla_alimentacion
43,55,48.6,198.7,47.5,1754.0,0,falla_alimentacion
43,56,42.8,99.7,79.5,1822.0,0,falla_alimentacion
43,57,46.3,106.8,51.0,1802.0,1,falla_alimentacion
43,58,43.5,191.3,66.8,2149.0,0,falla_alimentacion
43,59,52.6,152.4,6.8,1557.0,0,falla_alimentacion
43,60,46.5,220.7,41.1,1761.0,0,falla_alimentacion
43,61,49.3,180.0,59.2,1611.0,0,falla_alimentacion
43,62,46.3,189.5,48.4,1685.0,0,falla_alimentacion
43,63,49.0,93.1,87.4,1803.0,0,falla_alimentacion
43,64,40.9,155.7,64.0,2101.0,1,falla_alimentacion
43,65,33.9,222.3,70.4,1897.0,0,falla_alimentacion
43,66,71.3,91.0,60.4,1609.0,0,falla_alimentacion
43,67,50.3,140.5,55.5,1741.0,1,falla_alimentacion
43,68,73.6,135.5,78.1,2031.0,0,falla_alimentacion
43,69,49.4,152.3,99.7,1683.0,0,falla_alimentacion
43,70,49.8,174.3,2.8,1827.0,0,falla_alimentacion
43,71,47.6,146.1,29.8,1882.0,0,falla_alimentacion
43,72,54.5,231.2,56.5,1756.0,0,falla_alimentacion
43,73,50.8,34.0,88.7,1617.0,0,falla_alimentacion
43,74,39.2,19.1,74.7,1850.0,0,falla_alimentacion
43,75,41.5,128.8,34.6,2261.0,0,falla_alimentacion
43,76,40.2,197.4,45.3,1707.0,0,falla_alimentacion
43,77,50.8,133.0,73.8,1693.0,0,falla_alimentacion
43,78,51.2,121.0,40.0,1948.0,0,falla_alimentacion
43,79,50.8,54.5,62.1,2277.0,0,falla_alimentacion
43,80,44.2,126.2,38.0,1630.0,0,falla_alimentacion
43,81,40.2,116.2,67.2,1564.0,0,falla_alimentacion
43,82,59.0,132.4,70.9,1959.0,0,falla_alimentacion
43,83,51.5,133.6,0.0,1964.0,0,falla_alimentacion
43,84,54.5,171.1,100.0,1605.0,0,falla_alimentacion
43,85,57.5,120.4,100.0,1741.0,0,falla_alimentacion
43,86,33.5,101.7,4.1,1568.0,0,falla_alimentacion
43,87,50.4,140.8,49.3,1727.0,0,falla_alimentacion
43,88,58.8,139.1,14.2,1742.0,0,falla_alimentacion
43,89,40.0,84.8,1.7,1990.0,0,falla_alimentacion
43,90,40.8,156.8,75.3,2045.0,0,falla_alimentacion
43,91,40.6,83.1,100.0,1781.0,0,falla_alimentacion
43,92,37.6,169.4,54.4,2100.0,0,falla_alimentacion
43,93,54.4,116.3,94.1,1992.0,0,falla_alimentacion
43,94,51.3,88.8,38.5,1536.0,1,falla_alimentacion
43,95,39.8,264.8,18.8,2027.0,0,falla_alimentacion
43,96,35.1,144.8,45.3,1962.0,0,falla_alimentacion
43,97,42.9,187.6,35.4,2184.0,1,falla_alimentacion
43,98,58.4,136.7,65.7,1853.0,0,falla_alimentacion
43,99,40.3,199.1,82.2,2155.0,0,falla_alimentacion
43,100,35.7,173.2,26.1,1453.0,0,falla_alimentacion
43,101,48.4,127.6,21.1,1711.0,0,falla_alimentacion
43,102,39.7,183.7,77.0,1404.0,1,falla_alimentacion
43,103,62.8,193.5,46.2,1738.0,0,falla_alimentacion
43,104,50.4,121.3,74.5,1833.0,0,falla_alimentacion
43,105,46.2,139.3,34.4,1795.0,0,falla_alimentacion
43,106,46.3,234.0,38.6,1986.0,1,falla_alimentacion
43,107,44.4,148.9,80.6,2296.0,0,falla_alimentacion
43,108,45.2,190.1,75.5,1728.0,0,falla_alimentacion
43,109,68.5,177.2,89.8,2054.0,0,falla_alimentacion
43,110,56.8,189.2,49.8,1942.0,0,falla_alimentacion
43,111,47.4,184.9,87.4,1875.0,0,falla_alimentacion
43,112,50.9,17.3,66.1,1971.0,1,falla_alimentacion
43,113,43.1,116.2,65.1,1732.0,1,falla_alimentacion
43,114,57.1,126.4,33.7,2011.0,0,falla_alimentacion
43,115,22.1,153.2,71.5,1512.0,1,falla_alimentacion
43,116,44.2,100.4,48.6,1832.0,1,falla_alimentacion
43,117,40.2,135.1,100.0,1739.0,0,falla_alimentacion
43,118,55.9,83.5,55.0,2298.0,1,falla_alimentacion
43,119,48.5,49.1,50.5,1585.0,0,falla_alimentacion
43,120,34.5,260.8,86.9,1899.0,0,falla_alimentacion
43,121,47.5,120.7,57.1,2053.0,0,falla_alimentacion
43,122,48.2,197.4,33.7,1688.0,0,falla_alimentacion
43,123,60.1,180.4,16.7,1808.0,0,falla_alimentacion
43,124,50.5,121.3,32.6,1699.0,0,falla_alimentacion
43,125,47.9,208.6,9.3,1713.0,0,falla_alimentacion
43,126,48.6,99.8,52.7,2138.0,0,falla_alimentacion
43,127,29.8,136.6,76.5,1423.0,0,falla_alimentacion
43,128,41.6,167.5,40.8,1856.0,0,falla_alimentacion
43,129,32.4,141.4,100.0,1383.0,0,falla_alimentacion
43,130,64.3,132.9,19.6,1991.0,0,falla_alimentacion
43,131,44.3,52.1,68.2,1724.0,0,falla_alimentacion
43,132,53.3,174.6,65.9,1455.0,0,falla_alimentacion
43,133,39.9,181.2,44.4,1771.0,1,falla_alimentacion
43,134,45.0,118.4,51.1,1559.0,1,falla_alimentacion
43,135,45.4,182.1,96.6,1999.0,0,falla_alimentacion
43,136,52.3,151.3,81.8,2009.0,0,falla_alimentacion
43,137,46.8,189.7,78.4,1572.0,0,falla_alimentacion
43,138,42.8,175.3,31.6,1910.0,0,falla_alimentacion
43,139,31.6,126.6,67.4,1672.0,0,falla_alimentacion
43,140,65.8,234.4,75.4,1743.0,1,falla_alimentacion
43,141,43.8,100.0,76.6,2199.0,0,falla_alimentacion
43,142,44.8,3.9,20.1,1726.0,1,falla_alimentacion
43,143,43.3,22.1,63.5,2094.0,1,falla_alimentacion
43,144,59.2,160.0,63.3,2155.0,0,falla_alimentacion
43,145,42.7,38.1,83.0,1738.0,0,falla_alimentacion
43,146,44.1,111.5,48.4,1858.0,0,falla_alimentacion
43,147,49.6,190.4,26.2,1708.0,2,falla_alimentacion
43,148,57.7,26.9,31.3,1806.0,0,falla_alimentacion
43,149,47.9,129.2,64.1,1934.0,1,falla_alimentacion
43,150,48.4,136.6,84.0,1786.0,0,falla_alimentacion
43,151,47.0,70.7,45.8,1882.0,0,falla_alimentacion
43,152,44.2,151.4,62.3,1664.0,0,falla_alimentacion
43,153,62.8,131.3,3.8,1624.0,0,falla_alimentacion
43,154,41.5,167.6,1.7,1730.0,0,falla_alimentacion
43,155,51.2,137.7,66.9,1832.0,0,falla_alimentacion
43,156,43.5,118.0,66.5,2062.0,1,falla_alimentacion
43,157,52.8,156.3,72.9,1767.0,0,falla_alimentacion
43,158,47.5,197.1,2.7,1886.0,0,falla_alimentacion
43,159,50.0,202.1,91.4,1615.0,0,falla_alimentacion
43,160,48.7,166.9,41.0,1975.0,0,falla_alimentacion
43,161,39.2,177.0,39.9,1726.0,0,falla_alimentacion
43,162,47.5,110.4,71.7,1759.0,0,falla_alimentacion
43,163,33.4,128.2,57.1,1816.0,1,falla_alimentacion
43,164,49.8,161.1,97.3,1695.0,0,falla_alimentacion
43,165,43.9,151.1,73.0,1582.0,0,falla_alimentacion
43,166,46.2,167.5,93.6,1895.0,0,falla_alimentacion
43,167,48.2,204.9,44.6,1985.0,0,falla_alimentacion
43,168,49.2,134.8,85.7,1537.0,0,falla_alimentacion
43,169,29.5,73.4,0.0,1853.0,0,falla_alimentacion
43,170,45.0,99.9,52.9,1850.0,0,falla_alimentacion
43,171,50.1,149.4,21.4,1731.0,0,falla_alimentacion
43,172,60.6,123.2,58.3,1730.0,0,falla_alimentacion
43,173,68.7,84.7,59.6,2017.0,1,falla_alimentacion
43,174,63.9,138.1,78.9,2237.0,0,falla_alimentacion
43,175,42.1,106.7,61.4,2063.0,1,falla_alimentacion
43,176,52.4,166.4,36.8,1911.0,1,falla_alimentacion
43,177,57.1,208.4,43.6,2040.0,2,falla_alimentacion
43,178,53.5,192.5,60.2,1898.0,0,falla_alimentacion
43,179,47.9,98.3,38.9,1666.0,0,falla_alimentacion
43,180,50.6,112.0,84.9,1876.0,0,falla_alimentacion
43,181,51.6,70.7,45.7,1534.0,0,falla_alimentacion
43,182,43.6,190.4,80.7,1654.0,0,falla_alimentacion
43,183,50.7,146.2,38.1,1990.0,0,falla_alimentacion
43,184,38.7,211.9,70.7,1764.0,0,falla_alimentacion
43,185,67.7,167.4,49.8,1636.0,0,falla_alimentacion
43,186,45.9,120.0,84.2,1681.0,0,falla_alimentacion
43,187,53.4,60.1,100.0,1557.0,0,falla_alimentacion
43,188,50.9,153.8,60.2,1866.0,0,falla_alimentacion
43,189,50.1,234.8,100.0,1716.0,0,falla_alimentacion
43,190,54.0,178.4,51.2,1752.0,0,falla_alimentacion
43,191,58.2,134.3,60.0,1883.0,0,falla_alimentacion
43,192,50.0,178.0,52.4,1869.0,0,falla_alimentacion
43,193,55.7,172.9,29.9,1563.0,0,falla_alimentacion
43,194,53.1,197.1,91.6,1570.0,0,falla_alimentacion
43,195,39.0,101.6,58.9,1786.0,0,falla_alimentacion
43,196,49.6,159.6,44.5,1930.0,0,falla_alimentacion
43,197,47.6,73.1,37.1,1666.0,1,falla_alimentacion
43,198,54.3,55.7,100.0,1694.0,0,falla_alimentacion
43,199,55.0,171.6,51.4,1828.0,0,falla_alimentacion
43,200,50.4,196.2,51.2,1825.0,0,falla_alimentacion
43,201,52.5,140.2,80.7,1790.0,0,falla_alimentacion
43,202,50.7,136.0,93.7,1877.0,0,falla_alimentacion
43,203,44.9,155.7,42.1,1619.0,0,falla_alimentacion
43,204,59.4,192.0,70.6,2103.0,0,falla_alimentacion
43,205,54.2,180.3,70.6,1740.0,1,falla_alimentacion
43,206,64.8,154.8,50.6,2136.0,0,falla_alimentacion
43,207,48.1,171.0,45.4,1365.0,0,falla_alimentacion
43,208,45.0,177.0,39.8,1461.0,0,falla_alimentacion
43,209,32.8,91.7,81.0,1783.0,2,falla_alimentacion
43,210,68.2,164.2,61.3,2000.0,0,falla_alimentacion
43,211,54.0,82.1,57.0,1847.0,0,falla_alimentacion
43,212,56.1,188.5,37.2,1778.0,0,falla_alimentacion
43,213,63.5,178.1,81.0,1857.0,0,falla_alimentacion
43,214,51.0,142.8,62.9,1796.0,1,falla_alimentacion
43,215,44.2,131.7,33.3,2192.0,1,falla_alimentacion
43,216,57.1,191.8,46.3,1697.0,1,falla_alimentacion
43,217,48.0,152.3,74.0,2055.0,0,falla_alimentacion
43,218,35.3,151.6,11.0,1652.0,0,falla_alimentacion
43,219,62.0,155.1,54.1,1741.0,0,falla_alimentacion
43,220,41.1,158.4,75.9,1606.0,0,falla_alimentacion
43,221,44.0,192.6,61.2,1971.0,0,falla_alimentacion
43,222,56.1,67.6,73.5,2043.0,0,falla_alimentacion
43,223,33.8,134.8,2.8,1765.0,0,falla_alimentacion
43,224,50.6,49.0,22.5,1909.0,0,falla_alimentacion
43,225,51.9,158.0,77.4,1826.0,0,falla_alimentacion
43,226,58.4,111.2,65.1,1919.0,0,falla_alimentacion
43,227,54.7,146.4,48.4,2037.0,0,falla_alimentacion
43,228,55.7,105.3,61.9,1571.0,0,falla_alimentacion
43,229,57.0,103.2,70.1,1589.0,0,falla_alimentacion
43,230,61.6,120.4,42.9,1690.0,0,falla_alimentacion
43,231,46.2,143.7,37.7,1712.0,1,falla_alimentacion
43,232,41.9,170.9,21.7,1842.0,2,falla_alimentacion
43,233,42.3,106.8,91.4,1802.0,0,falla_alimentacion
43,234,54.8,146.2,56.8,1760.0,0,falla_alimentacion
43,235,47.5,158.2,93.1,1785.0,0,falla_alimentacion
43,236,45.0,117.9,21.5,1844.0,0,falla_alimentacion
43,237,58.4,157.1,58.3,1647.0,0,falla_alimentacion
43,238,54.4,81.7,25.3,1377.0,0,falla_alimentacion
43,239,62.4,99.3,99.0,1619.0,0,falla_alimentacion
43,240,52.1,187.7,100.0,2022.0,0,falla_alimentacion
43,241,54.3,39.5,86.3,1282.0,0,falla_alimentacion
43,242,46.6,124.7,27.0,2027.0,0,falla_alimentacion
43,243,32.9,143.1,26.1,1687.0,0,falla_alimentacion
43,244,45.6,151.0,52.6,1970.0,0,falla_alimentacion
43,245,44.0,152.7,58.5,1596.0,0,falla_alimentacion
43,246,39.1,130.0,68.0,1299.0,0,falla_alimentacion
43,247,51.3,122.9,66.9,1628.0,0,falla_alimentacion
43,248,57.3,101.8,55.4,1774.0,0,falla_alimentacion
43,249,46.2,209.6,49.3,1877.0,0,falla_alimentacion
43,250,53.1,174.6,34.5,1517.0,0,falla_alimentacion
43,251,45.4,153.2,71.9,1875.0,0,falla_alimentacion
43,252,48.7,136.8,0.0,1805.0,0,falla_alimentacion
43,253,45.1,113.1,57.5,1677.0,0,falla_alimentacion
43,254,52.4,137.8,60.7,1823.0,0,falla_alimentacion
43,255,54.6,96.5,49.5,1818.0,0,falla_alimentacion
43,256,63.7,201.7,75.4,1905.0,0,falla_alimentacion
43,257,45.4,100.4,79.6,1840.0,0,falla_alimentacion
43,258,48.3,83.7,60.1,1821.0,0,falla_alimentacion
43,259,59.0,273.9,100.0,2196.0,1,falla_alimentacion
43,260,47.3,133.6,37.6,1411.0,0,falla_alimentacion
43,261,54.0,101.0,43.4,1539.0,0,falla_alimentacion
43,262,46.0,174.5,44.6,2018.0,0,falla_alimentacion
43,263,53.1,79.9,83.2,1507.0,1,falla_alimentacion
43,264,54.8,108.8,64.1,1979.0,0,falla_alimentacion
43,265,60.4,176.1,6.9,1864.0,0,falla_alimentacion
43,266,43.9,236.5,46.8,1539.0,1,falla_alimentacion
43,267,53.9,186.1,40.0,1998.0,1,falla_alimentacion
43,268,48.9,172.7,97.3,2038.0,1,falla_alimentacion
43,269,36.9,202.8,34.8,1806.0,0,falla_alimentacion
43,270,45.0,127.2,54.6,1780.0,2,falla_alimentacion
43,271,44.0,74.1,15.6,2060.0,0,falla_alimentacion
43,272,53.4,108.5,58.9,1460.0,0,falla_alimentacion
43,273,43.0,201.9,100.0,1939.0,1,falla_alimentacion
43,274,50.7,86.6,34.2,1512.0,1,falla_alimentacion
43,275,50.1,133.7,78.3,1916.0,0,falla_alimentacion
43,276,55.2,142.1,49.9,1774.0,0,falla_alimentacion
43,277,46.2,159.1,54.5,1793.0,1,falla_alimentacion
43,278,38.2,167.3,70.5,2129.0,1,falla_alimentacion
43,279,57.4,169.4,23.6,1487.0,0,falla_alimentacion
43,280,45.5,273.3,35.8,1944.0,0,falla_alimentacion
43,281,58.8,174.6,32.4,1786.0,0,falla_alimentacion
43,282,49.8,205.2,97.3,1820.0,0,falla_alimentacion
43,283,50.6,142.8,81.4,1972.0,0,falla_alimentacion
43,284,54.9,230.1,79.7,1962.0,0,falla_alimentacion
43,285,55.2,105.2,80.3,1925.0,0,falla_alimentacion
43,286,49.4,186.1,75.2,1626.0,0,falla_alimentacion
43,287,46.5,135.6,14.4,1924.0,0,falla_alimentacion
43,288,49.6,184.8,40.1,1952.0,0,falla_alimentacion
43,289,35.6,165.1,49.6,1901.0,0,falla_alimentacion
43,290,57.9,198.1,58.3,1926.0,0,falla_alimentacion
43,291,43.1,163.1,29.6,1819.0,0,falla_alimentacion
43,292,45.9,138.2,20.4,1568.0,0,falla_alimentacion
43,293,46.8,185.7,28.7,1719.0,0,falla_alimentacion
43,294,53.0,103.3,36.0,1707.0,0,falla_alimentacion
43,295,49.0,60.7,45.8,1806.0,1,falla_alimentacion
43,296,55.3,41.6,65.7,1720.0,0,falla_alimentacion
43,297,54.1,222.2,51.1,2161.0,0,falla_alimentacion
43,298,43.5,152.0,85.5,1891.0,0,falla_alimentacion
43,299,43.5,162.0,70.5,1788.0,0,falla_alimentacion
44,0,32.6,186.6,76.9,1677.0,0,falla_alimentacion
44,1,43.9,130.0,40.2,1981.0,0,falla_alimentacion
44,2,41.2,131.9,100.0,1783.0,0,falla_alimentacion
44,3,38.1,149.2,43.3,1960.0,0,falla_alimentacion
44,4,41.4,123.8,43.5,1801.0,0,falla_alimentacion
44,5,42.1,119.4,87.9,1658.0,0,falla_alimentacion
44,6,41.5,140.8,79.4,2021.0,0,falla_alimentacion
44,7,61.1,183.5,50.1,1719.0,0,falla_alimentacion
44,8,36.8,143.7,52.7,1868.0,0,falla_alimentacion
44,9,54.6,138.4,80.1,1947.0,1,falla_alimentacion
44,10,54.3,148.9,60.0,1762.0,0,falla_alimentacion
44,11,54.9,211.4,46.6,1749.0,0,falla_alimentacion
44,12,49.6,95.7,50.4,1643.0,0,falla_alimentacion
44,13,60.1,170.2,100.0,1821.0,0,falla_alimentacion
44,14,50.0,177.9,47.2,1647.0,0,falla_alimentacion
44,15,48.3,132.6,47.1,1744.0,0,falla_alimentacion
44,16,59.3,195.3,54.0,1728.0,0,falla_alimentacion
44,17,48.6,182.3,56.5,1686.0,0,falla_alimentacion
44,18,37.3,177.7,36.5,1852.0,0,falla_alimentacion
44,19,54.0,82.8,94.9,2028.0,0,falla_alimentacion
44,20,58.7,115.9,45.9,1955.0,0,falla_alimentacion
44,21,52.3,110.0,67.6,1411.0,0,falla_alimentacion
44,22,47.1,172.6,96.1,1807.0,1,falla_alimentacion
44,23,52.1,180.6,46.8,2243.0,0,falla_alimentacion
44,24,55.5,128.6,65.2,1818.0,0,falla_alimentacion
44,25,41.7,128.8,24.5,1733.0,0,falla_alimentacion
44,26,33.7,240.0,35.8,2055.0,1,falla_alimentacion
44,27,48.9,149.1,58.8,1794.0,0,falla_alimentacion
44,28,58.3,160.7,45.4,2033.0,0,falla_alimentacion
44,29,40.9,129.5,74.2,1766.0,0,falla_alimentacion
44,30,39.8,200.0,42.6,1882.0,0,falla_alimentacion
44,31,51.6,158.6,48.9,1672.0,0,falla_alimentacion
44,32,48.1,148.2,39.9,1999.0,1,falla_alimentacion
44,33,44.5,150.1,83.3,1789.0,0,falla_alimentacion
44,34,59.3,121.5,50.6,1825.0,1,falla_alimentacion
44,35,44.6,97.6,39.3,1986.0,0,falla_alimentacion
44,36,52.9,140.4,33.7,1892.0,0,falla_alimentacion
44,37,56.7,210.0,28.2,1765.0,0,falla_alimentacion
44,38,48.3,127.1,72.7,1522.0,0,falla_alimentacion
44,39,56.7,187.5,53.4,1778.0,1,falla_alimentacion
44,40,55.3,122.4,100.0,1728.0,0,falla_alimentacion
44,41,51.5,55.6,41.8,1803.0,1,falla_alimentacion
44,42,47.0,116.5,16.6,1758.0,0,falla_alimentacion
44,43,61.5,67.0,50.0,2050.0,0,falla_alimentacion
44,44,57.3,173.7,100.0,1907.0,1,falla_alimentacion
44,45,55.9,57.5,64.1,1730.0,0,falla_alimentacion
44,46,50.5,143.8,53.3,1938.0,1,falla_alimentacion
44,47,45.7,106.3,42.0,2088.0,0,falla_alimentacion
44,48,34.5,112.0,47.1,1672.0,0,falla_alimentacion
44,49,54.2,179.1,85.2,1754.0,0,falla_alimentacion
44,50,47.3,134.7,34.2,1664.0,0,falla_alimentacion
44,51,51.8,138.7,55.9,1873.0,0,falla_alimentacion
44,52,69.7,135.8,58.8,2217.0,2,falla_alimentacion
44,53,60.0,122.3,55.4,2036.0,0,falla_alimentacion
44,54,53.6,104.2,47.4,1736.0,0,falla_alimentacion
44,55,49.2,65.0,18.8,1928.0,0,falla_alimentacion
44,56,56.2,157.3,60.5,2047.0,0,falla_alimentacion
44,57,57.2,153.6,48.2,1475.0,0,falla_alimentacion
44,58,46.9,191.5,85.9,1600.0,0,falla_alimentacion
44,59,47.9,158.2,50.8,1986.0,0,falla_alimentacion
44,60,51.9,119.8,53.7,1505.0,0,falla_alimentacion
44,61,43.9,132.9,59.0,1814.0,1,falla_alimentacion
44,62,44.5,165.8,66.9,1945.0,0,falla_alimentacion
44,63,41.0,189.6,10.0,1864.0,0,falla_alimentacion
44,64,63.9,122.0,62.8,1781.0,3,falla_alimentacion
44,65,39.2,189.9,12.6,2075.0,0,falla_alimentacion
44,66,39.5,136.7,45.8,1967.0,1,falla_alimentacion
44,67,31.7,110.3,71.0,2241.0,0,falla_alimentacion
44,68,54.9,111.3,100.0,1576.0,0,falla_alimentacion
44,69,42.4,127.2,30.2,1695.0,0,falla_alimentacion
44,70,56.1,139.5,34.2,1787.0,0,falla_alimentacion
44,71,49.6,191.8,12.9,2060.0,0,falla_alimentacion
44,72,60.2,225.0,36.9,1949.0,0,falla_alimentacion
44,73,43.2,130.5,100.0,1719.0,0,falla_alimentacion
44,74,50.5,77.9,15.3,1604.0,0,falla_alimentacion
44,75,58.9,113.5,0.0,1582.0,1,falla_alimentacion
44,76,59.7,126.5,77.0,2149.0,1,falla_alimentacion
44,77,58.7,152.6,76.5,1795.0,0,falla_alimentacion
44,78,54.4,59.3,56.2,1840.0,0,falla_alimentacion
44,79,49.8,187.6,58.2,1601.0,0,falla_alimentacion
44,80,54.7,99.6,74.7,1806.0,0,falla_alimentacion
44,81,39.5,153.9,75.2,1629.0,2,falla_alimentacion
44,82,47.0,134.6,29.5,1826.0,0,falla_alimentacion
44,83,61.3,110.0,23.7,1733.0,0,falla_alimentacion
44,84,57.4,200.4,29.9,1657.0,0,falla_alimentacion
44,85,40.2,119.9,35.7,2040.0,0,falla_alimentacion
44,86,52.8,97.1,73.1,2056.0,0,falla_alimentacion
44,87,42.8,164.1,81.4,1899.0,0,falla_alimentacion
44,88,47.7,179.7,46.4,1441.0,0,falla_alimentacion
44,89,61.9,131.2,62.1,1589.0,0,falla_alimentacion
44,90,35.4,148.3,52.7,1597.0,0,falla_alimentacion
44,91,39.8,183.4,34.1,2176.0,0,falla_alimentacion
44,92,51.2,130.6,33.0,2012.0,0,falla_alimentacion
44,93,53.8,129.0,56.6,2072.0,0,falla_alimentacion
44,94,47.6,175.5,73.9,1650.0,0,falla_alimentacion
44,95,59.3,133.4,65.2,1493.0,0,falla_alimentacion
44,96,48.2,105.3,50.0,2003.0,3,falla_alimentacion
44,97,52.2,139.9,89.8,1347.0,1,falla_alimentacion
44,98,50.5,96.8,94.1,1816.0,0,falla_alimentacion
44,99,48.0,137.1,17.3,1921.0,1,falla_alimentacion
44,100,56.0,183.6,25.3,1576.0,0,falla_alimentacion
44,101,43.5,85.3,18.8,2102.0,0,falla_alimentacion
44,102,60.3,138.1,77.5,1743.0,0,falla_alimentacion
44,103,57.7,166.9,48.0,1865.0,0,falla_alimentacion
44,104,57.8,137.4,56.5,1907.0,0,falla_alimentacion
44,105,68.3,202.8,70.1,1838.0,0,falla_alimentacion
44,106,53.4,142.7,54.7,1688.0,0,falla_alimentacion
44,107,51.0,157.7,38.9,1638.0,1,falla_alimentacion
44,108,53.7,202.4,27.6,1876.0,0,falla_alimentacion
44,109,46.7,163.4,49.1,1926.0,0,falla_alimentacion
44,110,49.3,139.4,75.0,1996.0,0,falla_alimentacion
44,111,43.3,120.7,12.7,1770.0,0,falla_alimentacion
44,112,60.9,133.3,42.8,1816.0,0,falla_alimentacion
44,113,42.0,155.6,6.7,1623.0,1,falla_alimentacion
44,114,43.5,105.4,78.0,2005.0,0,falla_alimentacion
44,115,48.3,199.4,13.4,1631.0,1,falla_alimentacion
44,116,41.2,243.7,14.8,1918.0,0,falla_alimentacion
44,117,44.8,140.6,75.8,2003.0,0,falla_alimentacion
44,118,47.2,63.1,38.9,1999.0,0,falla_alimentacion
44,119,56.4,175.1,9.6,1528.0,0,falla_alimentacion
44,120,38.4,145.0,68.2,1491.0,0,falla_alimentacion
44,121,45.8,170.2,57.8,1616.0,0,falla_alimentacion
44,122,52.4,138.7,100.0,1588.0,0,falla_alimentacion
44,123,54.0,182.9,24.4,2222.0,0,falla_alimentacion
44,124,70.8,107.9,30.2,1874.0,0,falla_alimentacion
44,125,61.7,159.0,36.4,1547.0,0,falla_alimentacion
44,126,63.2,154.6,79.5,1601.0,0,falla_alimentacion
44,127,37.7,158.3,5.5,2113.0,0,falla_alimentacion
44,128,52.7,175.5,45.8,2059.0,0,falla_alimentacion
44,129,55.0,181.7,60.9,1535.0,0,falla_alimentacion
44,130,40.2,89.2,84.1,1955.0,0,falla_alimentacion
44,131,48.1,176.1,32.7,1737.0,0,falla_alimentacion
44,132,56.5,148.5,61.4,1759.0,0,falla_alimentacion
44,133,57.0,131.5,38.4,1529.0,0,falla_alimentacion
44,134,60.2,152.9,23.3,1721.0,0,falla_alimentacion
44,135,51.1,150.9,51.3,1593.0,0,falla_alimentacion
44,136,45.7,144.5,47.1,2053.0,1,falla_alimentacion
44,137,54.9,60.9,66.7,1606.0,0,falla_alimentacion
44,138,51.6,146.4,100.0,2032.0,0,falla_alimentacion
44,139,53.8,131.1,65.0,1722.0,0,falla_alimentacion
44,140,35.1,155.6,54.0,1416.0,0,falla_alimentacion
44,141,50.1,137.7,67.7,1668.0,0,falla_alimentacion
44,142,53.4,235.8,35.5,1546.0,0,falla_alimentacion
44,143,50.0,131.1,73.7,1887.0,0,falla_alimentacion
44,144,49.0,71.4,37.4,1555.0,0,falla_alimentacion
44,145,49.0,135.6,62.0,1698.0,0,falla_alimentacion
44,146,43.0,120.0,48.3,1852.0,0,falla_alimentacion
44,147,56.9,149.4,47.1,1546.0,0,falla_alimentacion
44,148,47.7,119.8,93.6,2064.0,0,falla_alimentacion
44,149,29.9,168.5,31.4,1826.0,0,falla_alimentacion
44,150,45.1,139.4,65.8,1803.0,0,falla_alimentacion
44,151,43.9,155.9,43.0,1484.0,0,falla_alimentacion
44,152,47.4,206.3,76.2,1681.0,0,falla_alimentacion
44,153,44.8,143.0,20.8,1730.0,0,falla_alimentacion
44,154,49.1,80.0,45.4,1539.0,0,falla_alimentacion
44,155,51.6,118.4,30.7,1957.0,0,falla_alimentacion
44,156,43.7,78.0,93.1,1790.0,0,falla_alimentacion
44,157,50.4,113.5,86.0,1610.0,0,falla_alimentacion
44,158,55.3,-18.1,36.1,1714.0,0,falla_alimentacion
44,159,47.1,177.7,25.0,1789.0,0,falla_alimentacion
44,160,55.3,73.2,42.7,2180.0,0,falla_alimentacion
44,161,60.6,172.5,74.0,1861.0,0,falla_alimentacion
44,162,42.5,111.1,61.2,1619.0,0,falla_alimentacion
44,163,52.4,127.8,44.4,1648.0,0,falla_alimentacion
44,164,66.3,213.2,82.6,1699.0,1,falla_alimentacion
44,165,51.9,125.9,63.0,1896.0,0,falla_alimentacion
44,166,43.4,96.2,33.0,1859.0,0,falla_alimentacion
44,167,53.9,117.5,2.5,1875.0,0,falla_alimentacion
44,168,48.7,84.0,100.0,1760.0,2,falla_alimentacion
44,169,39.9,178.2,47.4,1468.0,0,falla_alimentacion
44,170,48.6,164.8,0.0,1888.0,1,falla_alimentacion
44,171,40.8,126.5,62.2,1624.0,0,falla_alimentacion
44,172,36.9,174.6,12.9,1887.0,0,falla_alimentacion
44,173,56.9,166.9,86.8,1532.0,0,falla_alimentacion
44,174,31.3,127.6,85.3,1776.0,0,falla_alimentacion
44,175,61.2,151.0,49.0,1927.0,0,falla_alimentacion
44,176,54.5,129.3,27.1,2177.0,1,falla_alimentacion
44,177,62.0,110.3,67.0,1673.0,0,falla_alimentacion
44,178,63.3,25.1,85.2,2071.0,0,falla_alimentacion
44,179,59.0,127.0,52.3,1987.0,1,falla_alimentacion
44,180,46.6,139.3,45.5,1710.0,1,falla_alimentacion
44,181,45.0,76.8,36.2,1784.0,0,falla_alimentacion
44,182,50.9,177.3,46.2,1673.0,0,falla_alimentacion
44,183,58.0,129.3,51.0,1637.0,0,falla_alimentacion
44,184,65.1,158.3,42.6,1492.0,1,falla_alimentacion
44,185,42.0,151.6,30.7,1585.0,1,falla_alimentacion
44,186,56.5,134.3,96.3,1276.0,0,falla_alimentacion
44,187,50.3,113.3,48.9,1811.0,0,falla_alimentacion
44,188,50.3,107.0,41.7,2088.0,0,falla_alimentacion
44,189,55.2,62.7,59.9,1836.0,0,falla_alimentacion
44,190,29.4,204.8,61.0,1797.0,0,falla_alimentacion
44,191,50.2,153.6,53.4,1666.0,0,falla_alimentacion
44,192,40.1,95.3,26.5,2169.0,0,falla_alimentacion
44,193,55.9,164.3,54.8,1997.0,0,falla_alimentacion
44,194,52.5,86.7,58.6,1535.0,0,falla_alimentacion
44,195,63.6,166.0,63.0,2208.0,0,falla_alimentacion
44,196,62.0,158.3,61.6,2097.0,0,falla_alimentacion
44,197,45.2,109.6,59.6,1581.0,0,falla_alimentacion
44,198,52.2,67.6,28.2,1949.0,0,falla_alimentacion
44,199,62.9,116.3,100.0,1755.0,0,falla_alimentacion
44,200,53.8,143.4,66.3,1399.0,0,falla_alimentacion
44,201,55.8,68.3,74.0,1610.0,0,falla_alimentacion
44,202,63.2,107.5,70.3,1945.0,0,falla_alimentacion
44,203,62.0,197.5,52.0,1920.0,0,falla_alimentacion
44,204,51.8,135.5,30.0,2345.0,0,falla_alimentacion
44,205,58.8,257.7,49.5,1829.0,1,falla_alimentacion
44,206,57.5,158.4,31.0,1431.0,0,falla_alimentacion
44,207,63.9,130.1,16.9,1596.0,0,falla_alimentacion
44,208,51.2,98.3,100.0,1702.0,0,falla_alimentacion
44,209,60.5,87.3,75.3,1732.0,0,falla_alimentacion
44,210,47.2,145.6,57.5,1725.0,0,falla_alimentacion
44,211,54.2,117.1,56.6,1854.0,0,falla_alimentacion
44,212,57.7,124.3,70.2,2089.0,0,falla_alimentacion
44,213,56.1,147.2,51.8,1868.0,0,falla_alimentacion
44,214,53.1,108.1,39.4,1403.0,1,falla_alimentacion
44,215,50.4,177.6,88.8,1862.0,0,falla_alimentacion
44,216,56.3,151.4,31.8,1427.0,1,falla_alimentacion
44,217,54.7,112.4,84.3,1656.0,0,falla_alimentacion
44,218,51.5,149.5,55.3,2136.0,0,falla_alimentacion
44,219,56.0,36.1,61.0,1379.0,0,falla_alimentacion
44,220,38.6,156.6,45.8,2177.0,1,falla_alimentacion
44,221,53.9,155.9,25.9,1890.0,0,falla_alimentacion
44,222,36.9,46.8,36.2,1851.0,0,falla_alimentacion
44,223,43.5,55.8,62.1,1514.0,0,falla_alimentacion
44,224,53.1,125.4,32.8,1800.0,0,falla_alimentacion
44,225,50.1,110.9,33.1,1683.0,0,falla_alimentacion
44,226,36.9,137.0,72.5,1609.0,0,falla_alimentacion
44,227,35.4,142.0,64.7,1757.0,0,falla_alimentacion
44,228,47.7,208.5,22.0,2253.0,0,falla_alimentacion
44,229,35.8,123.4,84.0,1940.0,0,falla_alimentacion
44,230,39.3,166.9,86.2,1738.0,1,falla_alimentacion
44,231,45.5,118.4,48.1,1857.0,0,falla_alimentacion
44,232,57.2,157.1,11.7,1696.0,0,falla_alimentacion
44,233,40.8,120.9,19.4,1924.0,0,falla_alimentacion
44,234,32.9,80.3,40.4,1537.0,0,falla_alimentacion
44,235,60.8,111.9,84.4,1954.0,0,falla_alimentacion
44,236,56.9,156.6,58.4,1477.0,0,falla_alimentacion
44,237,52.9,87.4,24.1,1725.0,0,falla_alimentacion
44,238,49.7,143.1,91.2,2004.0,1,falla_alimentacion
44,239,66.7,154.0,53.5,2146.0,0,falla_alimentacion
44,240,52.6,154.7,74.8,1333.0,0,falla_alimentacion
44,241,50.7,172.8,46.8,1546.0,0,falla_alimentacion
44,242,48.6,231.0,6.7,1787.0,0,falla_alimentacion
44,243,53.5,82.2,10.7,1929.0,0,falla_alimentacion
44,244,44.2,122.4,33.8,1663.0,0,falla_alimentacion
44,245,58.9,136.9,62.4,1780.0,0,falla_alimentacion
44,246,60.4,116.8,65.5,1792.0,0,falla_alimentacion
44,247,60.2,192.1,100.0,1772.0,0,falla_alimentacion
44,248,49.6,195.5,54.3,1783.0,1,falla_alimentacion
44,249,53.0,240.2,52.4,1796.0,0,falla_alimentacion
44,250,39.4,133.2,30.5,2121.0,0,falla_alimentacion
44,251,40.0,87.8,77.7,1754.0,0,falla_alimentacion
44,252,56.2,129.2,91.1,2049.0,0,falla_alimentacion
44,253,57.3,96.1,39.2,1787.0,0,falla_alimentacion
44,254,36.1,177.0,51.9,1656.0,1,falla_alimentacion
44,255,39.7,173.5,63.6,1744.0,1,falla_alimentacion
44,256,42.6,174.3,34.7,1453.0,0,falla_alimentacion
44,257,52.8,233.7,10.5,1579.0,0,falla_alimentacion
44,258,46.6,140.4,58.4,1651.0,0,falla_alimentacion
44,259,40.7,110.8,69.2,1825.0,0,falla_alimentacion
44,260,47.5,137.7,31.6,2127.0,0,falla_alimentacion
44,261,47.4,96.0,54.5,1727.0,0,falla_alimentacion
44,262,57.3,108.7,100.0,1591.0,0,falla_alimentacion
44,263,47.9,140.3,82.5,1968.0,0,falla_alimentacion
44,264,61.7,162.0,67.5,1837.0,0,falla_alimentacion
44,265,33.6,102.3,41.5,2032.0,0,falla_alimentacion
44,266,53.7,80.7,70.7,1994.0,0,falla_alimentacion
44,267,66.8,171.9,13.9,1913.0,0,falla_alimentacion
44,268,48.9,100.3,52.4,1871.0,1,falla_alimentacion
44,269,47.8,146.5,41.8,1995.0,0,falla_alimentacion
44,270,44.7,191.2,73.6,1980.0,0,falla_alimentacion
44,271,38.4,176.2,0.4,1989.0,0,falla_alimentacion
44,272,58.5,166.4,100.0,1985.0,0,falla_alimentacion
44,273,43.7,188.8,43.8,1786.0,1,falla_alimentacion
44,274,57.3,150.5,95.3,1638.0,0,falla_alimentacion
44,275,53.1,90.0,73.1,1806.0,0,falla_alimentacion
44,276,55.3,250.5,63.0,1719.0,0,falla_alimentacion
44,277,42.4,159.8,60.9,1615.0,0,falla_alimentacion
44,278,52.7,161.2,56.8,2120.0,1,falla_alimentacion
44,279,50.0,147.7,42.8,1798.0,0,falla_alimentacion
44,280,51.5,63.2,65.5,1590.0,0,falla_alimentacion
44,281,29.9,100.6,49.9,2068.0,0,falla_alimentacion
44,282,54.2,213.6,68.6,1823.0,1,falla_alimentacion
44,283,67.9,53.2,65.2,1999.0,0,falla_alimentacion
44,284,39.8,134.5,45.0,1726.0,1,falla_alimentacion
44,285,57.6,152.0,42.4,1919.0,0,falla_alimentacion
44,286,48.1,124.1,61.7,1928.0,0,falla_alimentacion
44,287,41.7,230.9,65.5,1821.0,1,falla_alimentacion
44,288,44.4,70.6,42.6,1674.0,0,falla_alimentacion
44,289,61.7,107.1,29.8,1880.0,0,falla_alimentacion
44,290,52.3,154.4,61.3,1920.0,0,falla_alimentacion
44,291,49.0,157.7,63.8,1560.0,0,falla_alimentacion
44,292,37.4,144.4,57.9,2284.0,0,falla_alimentacion
44,293,54.4,152.1,52.6,2126.0,0,falla_alimentacion
44,294,58.6,111.2,74.8,1829.0,0,falla_alimentacion
44,295,52.4,124.6,30.7,1971.0,1,falla_alimentacion
44,296,40.9,92.6,34.1,1797.0,0,falla_alimentacion
44,297,54.2,157.8,40.7,1674.0,0,falla_alimentacion
44,298,64.9,63.3,52.1,1990.0,0,falla_alimentacion
44,299,48.7,78.4,39.1,1637.0,0,falla_alimentacion
45,0,62.9,166.2,23.2,1857.0,1,falla_alimentacion
45,1,60.2,68.5,46.0,1966.0,0,falla_alimentacion
45,2,51.0,49.3,99.9,2046.0,0,falla_alimentacion
45,3,43.2,166.8,29.5,2024.0,0,falla_alimentacion
45,4,58.8,100.0,38.3,1635.0,0,falla_alimentacion
45,5,53.4,44.3,45.6,1460.0,0,falla_alimentacion
45,6,43.8,92.4,1.6,1895.0,0,falla_alimentacion
45,7,54.2,132.6,11.3,2034.0,0,falla_alimentacion
45,8,41.0,190.7,68.5,1896.0,2,falla_alimentacion
45,9,52.1,141.7,39.9,1379.0,0,falla_alimentacion
45,10,52.3,114.0,99.7,2207.0,0,falla_alimentacion
45,11,53.8,128.4,31.3,1692.0,0,falla_alimentacion
45,12,59.7,174.0,100.0,1969.0,0,falla_alimentacion
45,13,46.0,164.8,10.9,1416.0,0,falla_alimentacion
45,14,44.9,172.2,50.6,2077.0,1,falla_alimentacion
45,15,50.2,218.6,32.2,1997.0,1,falla_alimentacion
45,16,56.5,142.1,73.8,1712.0,0,falla_alimentacion
45,17,48.3,171.8,38.2,2056.0,0,falla_alimentacion
45,18,37.1,43.5,41.1,1835.0,1,falla_alimentacion
45,19,47.9,148.1,52.1,1966.0,0,falla_alimentacion
45,20,51.3,79.2,100.0,1775.0,0,falla_alimentacion
45,21,43.8,111.6,89.2,1657.0,0,falla_alimentacion
45,22,31.2,119.3,43.0,2161.0,0,falla_alimentacion
45,23,52.5,139.8,30.6,1894.0,1,falla_alimentacion
45,24,39.5,113.8,32.5,1521.0,0,falla_alimentacion
45,25,57.7,122.8,26.9,1829.0,0,falla_alimentacion
45,26,68.4,169.3,80.3,1939.0,0,falla_alimentacion
45,27,42.8,144.0,36.0,2022.0,1,falla_alimentacion
45,28,52.8,137.0,84.8,2228.0,0,falla_alimentacion
45,29,52.4,139.8,84.6,1924.0,0,falla_alimentacion
45,30,37.7,129.7,50.7,1654.0,1,falla_alimentacion
45,31,30.6,184.6,17.4,1756.0,1,falla_alimentacion
45,32,39.2,135.9,74.1,2061.0,0,falla_alimentacion
45,33,47.6,241.7,23.3,1660.0,1,falla_alimentacion
45,34,69.5,160.5,54.9,1841.0,0,falla_alimentacion
45,35,54.6,173.6,92.5,1703.0,0,falla_alimentacion
45,36,42.9,125.8,0.0,1737.0,0,falla_alimentacion
45,37,42.8,164.9,47.8,1754.0,0,falla_alimentacion
45,38,44.5,185.9,38.6,1845.0,0,falla_alimentacion
45,39,35.0,149.5,43.2,1772.0,0,falla_alimentacion
45,40,42.9,122.6,19.3,1477.0,0,falla_alimentacion
45,41,53.7,189.3,100.0,2046.0,0,falla_alimentacion
45,42,48.2,228.2,59.1,2022.0,0,falla_alimentacion
45,43,46.7,73.0,3.7,1842.0,0,falla_alimentacion
45,44,56.7,118.6,64.2,2051.0,0,falla_alimentacion
45,45,41.0,138.0,83.1,1949.0,1,falla_alimentacion
45,46,53.4,123.8,53.1,1959.0,0,falla_alimentacion
45,47,40.9,137.2,95.7,1865.0,1,falla_alimentacion
45,48,56.6,94.9,2.7,1952.0,0,falla_alimentacion
45,49,50.5,181.9,83.4,1595.0,0,falla_alimentacion
45,50,51.3,141.2,48.6,1735.0,0,falla_alimentacion
45,51,48.9,151.2,32.5,1509.0,0,falla_alimentacion
45,52,54.4,127.2,74.8,1563.0,0,falla_alimentacion
45,53,43.2,108.9,74.2,2050.0,1,falla_alimentacion
45,54,58.1,110.3,92.8,1884.0,1,falla_alimentacion
45,55,47.9,212.4,91.6,1701.0,0,falla_alimentacion
45,56,54.0,95.8,56.8,1607.0,1,falla_alimentacion
45,57,55.3,122.2,14.7,1524.0,0,falla_alimentacion
45,58,43.9,58.6,9.4,1558.0,0,falla_alimentacion
45,59,54.0,161.7,11.8,1676.0,0,falla_alimentacion
45,60,44.0,179.8,44.1,1232.0,1,falla_alimentacion
45,61,37.3,61.2,61.1,1981.0,0,falla_alimentacion
45,62,51.5,107.4,68.7,1863.0,0,falla_alimentacion
45,63,67.3,104.2,69.3,1884.0,0,falla_alimentacion
45,64,44.8,124.0,34.4,1927.0,0,falla_alimentacion
45,65,54.1,164.8,89.2,1793.0,0,falla_alimentacion
45,66,56.6,138.8,95.2,1843.0,0,falla_alimentacion
45,67,40.7,140.0,29.6,1791.0,0,falla_alimentacion
45,68,45.1,75.9,52.3,2091.0,0,falla_alimentacion
45,69,60.0,138.1,72.0,1619.0,0,falla_alimentacion
45,70,55.2,182.9,91.4,1966.0,0,falla_alimentacion
45,71,50.6,144.7,70.0,1584.0,0,falla_alimentacion
45,72,37.4,49.7,40.0,1567.0,0,falla_alimentacion
45,73,45.4,197.1,29.3,1505.0,0,falla_alimentacion
45,74,54.2,200.8,27.9,1414.0,0,falla_alimentacion
45,75,24.9,165.5,48.5,1850.0,0,falla_alimentacion
45,76,56.5,182.0,42.1,1593.0,0,falla_alimentacion
45,77,59.1,161.6,22.9,1865.0,0,falla_alimentacion
45,78,64.4,169.6,72.8,2127.0,0,falla_alimentacion
45,79,60.2,114.2,46.2,1708.0,0,falla_alimentacion
45,80,53.2,175.6,65.9,1873.0,0,falla_alimentacion
45,81,56.2,39.3,22.5,2006.0,0,falla_alimentacion
45,82,47.2,132.8,80.2,1858.0,1,falla_alimentacion
45,83,45.6,181.2,75.8,1825.0,0,falla_alimentacion
45,84,53.5,205.9,83.9,1463.0,0,falla_alimentacion
45,85,43.4,158.8,52.0,1824.0,0,falla_alimentacion
45,86,46.6,194.0,49.1,1922.0,0,falla_alimentacion
45,87,67.5,137.6,70.7,2162.0,0,falla_alimentacion
45,88,44.1,168.8,87.4,1727.0,0,falla_alimentacion
45,89,51.9,172.1,54.4,2044.0,0,falla_alimentacion
45,90,37.0,33.7,15.9,1676.0,0,falla_alimentacion
45,91,43.4,175.2,43.6,1987.0,0,falla_alimentacion
45,92,43.5,145.3,88.8,1634.0,0,falla_alimentacion
45,93,49.0,149.9,74.3,1825.0,0,falla_alimentacion
45,94,43.0,180.3,62.7,1669.0,0,falla_alimentacion
45,95,47.7,116.0,44.3,1802.0,1,falla_alimentacion
45,96,45.9,141.2,97.7,1801.0,0,falla_alimentacion
45,97,48.4,143.2,29.2,1819.0,0,falla_alimentacion
45,98,36.6,157.4,55.5,1641.0,0,falla_alimentacion
45,99,37.5,43.2,67.0,1790.0,0,falla_alimentacion
45,100,56.2,170.2,65.7,1869.0,1,falla_alimentacion
45,101,45.3,172.0,35.2,1735.0,1,falla_alimentacion
45,102,51.5,81.3,75.8,1626.0,0,falla_alimentacion
45,103,53.0,106.7,70.0,1650.0,0,falla_alimentacion
45,104,50.5,191.0,59.6,1998.0,1,falla_alimentacion
45,105,39.1,95.9,65.7,1802.0,1,falla_alimentacion
45,106,33.5,207.0,41.6,2079.0,0,falla_alimentacion
45,107,46.6,98.1,100.0,1751.0,0,falla_alimentacion
45,108,50.2,183.8,88.9,1770.0,0,falla_alimentacion
45,109,61.1,96.6,38.7,1907.0,0,falla_alimentacion
45,110,65.6,177.3,51.0,1911.0,1,falla_alimentacion
45,111,52.7,150.3,83.9,2067.0,1,falla_alimentacion
45,112,49.2,150.9,71.8,1367.0,0,falla_alimentacion
45,113,49.2,93.5,58.5,1895.0,0,falla_alimentacion
45,114,49.4,139.7,30.8,1587.0,0,falla_alimentacion
45,115,44.3,104.8,33.3,1775.0,1,falla_alimentacion
45,116,60.7,100.2,57.6,1578.0,1,falla_alimentacion
45,117,46.5,199.3,97.6,1843.0,0,falla_alimentacion
45,118,52.6,268.8,85.0,1586.0,1,falla_alimentacion
45,119,52.4,105.5,71.5,1419.0,0,falla_alimentacion
45,120,31.1,159.1,74.5,1568.0,0,falla_alimentacion
45,121,41.6,182.5,0.0,2027.0,0,falla_alimentacion
45,122,52.6,111.6,63.6,1933.0,0,falla_alimentacion
45,123,59.8,100.2,63.4,2053.0,0,falla_alimentacion
45,124,51.4,140.0,19.1,1407.0,0,falla_alimentacion
45,125,55.3,140.8,100.0,2155.0,0,falla_alimentacion
45,126,41.1,26.4,67.5,2276.0,0,falla_alimentacion
45,127,50.2,151.5,70.1,1590.0,0,falla_alimentacion
45,128,40.6,176.2,37.1,1874.0,0,falla_alimentacion
45,129,56.2,162.1,62.6,1674.0,0,falla_alimentacion
45,130,50.3,128.3,59.8,1955.0,0,falla_alimentacion
45,131,63.9,74.6,100.0,2129.0,0,falla_alimentacion
45,132,49.8,160.6,80.0,1603.0,0,falla_alimentacion
45,133,37.4,105.2,60.9,1536.0,0,falla_alimentacion
45,134,52.6,125.7,18.1,1748.0,0,falla_alimentacion
45,135,46.3,140.3,24.6,2527.0,2,falla_alimentacion
45,136,57.6,176.2,0.0,1968.0,0,falla_alimentacion
45,137,44.2,186.7,47.5,1900.0,1,falla_alimentacion
45,138,60.0,149.4,68.8,2005.0,0,falla_alimentacion
45,139,38.9,141.4,57.8,2033.0,0,falla_alimentacion
45,140,61.3,174.5,72.0,1867.0,1,falla_alimentacion
45,141,39.0,100.5,100.0,1789.0,0,falla_alimentacion
45,142,43.7,109.2,32.1,1684.0,0,falla_alimentacion
45,143,55.4,205.7,31.9,1844.0,1,falla_alimentacion
45,144,67.1,206.0,58.9,2029.0,0,falla_alimentacion
45,145,50.7,60.6,16.7,2017.0,0,falla_alimentacion
45,146,38.8,117.5,54.2,1690.0,2,falla_alimentacion
45,147,31.3,181.7,44.3,1777.0,0,falla_alimentacion
45,148,57.6,157.1,23.8,1561.0,0,falla_alimentacion
45,149,63.2,133.3,23.2,2015.0,0,falla_alimentacion
45,150,58.7,85.5,42.5,1904.0,0,falla_alimentacion
45,151,51.3,117.0,38.3,1745.0,0,falla_alimentacion
45,152,43.9,102.0,46.7,1716.0,0,falla_alimentacion
45,153,54.1,201.3,89.2,1606.0,0,falla_alimentacion
45,154,52.8,105.9,81.9,1816.0,0,falla_alimentacion
45,155,65.8,145.8,65.5,2099.0,0,falla_alimentacion
45,156,54.1,158.8,72.6,1643.0,0,falla_alimentacion
45,157,57.1,135.1,30.2,1525.0,0,falla_alimentacion
45,158,49.0,138.2,71.1,1824.0,0,falla_alimentacion
45,159,42.1,82.5,30.5,2037.0,0,falla_alimentacion
45,160,49.7,122.5,70.4,1992.0,0,falla_alimentacion
45,161,30.6,125.4,100.0,2043.0,0,falla_alimentacion
45,162,49.8,112.8,80.6,1697.0,0,falla_alimentacion
45,163,52.5,202.5,77.9,1978.0,0,falla_alimentacion
45,164,45.5,226.4,29.1,1875.0,0,falla_alimentacion
45,165,52.8,184.3,55.6,1747.0,0,falla_alimentacion
45,166,58.6,208.1,63.0,1806.0,0,falla_alimentacion
45,167,51.0,111.6,82.2,1964.0,1,falla_alimentacion
45,168,49.2,130.5,38.2,1914.0,0,falla_alimentacion
45,169,46.8,101.3,53.9,1910.0,1,falla_alimentacion
45,170,47.9,145.2,96.9,1934.0,0,falla_alimentacion
45,171,65.8,100.0,57.9,1719.0,0,falla_alimentacion
45,172,43.6,92.3,0.2,1535.0,0,falla_alimentacion
45,173,44.9,17.1,28.3,1662.0,0,falla_alimentacion
45,174,57.6,160.6,39.9,1977.0,0,falla_alimentacion
45,175,43.8,193.1,31.3,1515.0,1,falla_alimentacion
45,176,57.0,188.1,63.1,1802.0,0,falla_alimentacion
45,177,42.5,174.6,85.4,1830.0,0,falla_alimentacion
45,178,49.9,177.0,90.0,1945.0,1,falla_alimentacion
45,179,57.4,126.1,91.7,1545.0,1,falla_alimentacion
45,180,40.2,68.9,42.1,1350.0,0,falla_alimentacion
45,181,55.9,91.5,51.3,1686.0,0,falla_alimentacion
45,182,57.2,126.3,54.6,1912.0,0,falla_alimentacion
45,183,47.9,42.3,100.0,2078.0,0,falla_alimentacion
45,184,60.2,165.3,67.0,1666.0,1,falla_alimentacion
45,185,48.6,158.7,53.7,1632.0,2,falla_alimentacion
45,186,49.2,164.0,34.5,1849.0,0,falla_alimentacion
45,187,55.7,181.1,87.3,2217.0,0,falla_alimentacion
45,188,59.9,58.8,25.9,1892.0,1,falla_alimentacion
45,189,27.4,104.3,63.5,1907.0,0,falla_alimentacion
45,190,33.3,87.9,55.1,2192.0,0,falla_alimentacion
45,191,39.7,114.3,48.6,1987.0,0,falla_alimentacion
45,192,55.0,108.1,100.0,1833.0,0,falla_alimentacion
45,193,51.8,42.6,70.7,1576.0,0,falla_alimentacion
45,194,34.9,171.1,82.7,1815.0,0,falla_alimentacion
45,195,65.5,200.5,27.4,1945.0,0,falla_alimentacion
45,196,54.6,106.9,82.8,1592.0,0,falla_alimentacion
45,197,47.9,111.5,91.6,1987.0,0,falla_alimentacion
45,198,54.0,177.9,63.4,1778.0,0,falla_alimentacion
45,199,47.5,136.6,45.4,1758.0,0,falla_alimentacion
45,200,58.7,165.2,36.2,1614.0,0,falla_alimentacion
45,201,60.8,94.3,57.0,1870.0,0,falla_alimentacion
45,202,62.5,167.4,51.5,1937.0,0,falla_alimentacion
45,203,53.9,157.7,41.4,1586.0,0,falla_alimentacion
45,204,50.9,119.7,68.3,1903.0,0,falla_alimentacion
45,205,58.3,137.9,61.4,1979.0,0,falla_alimentacion
45,206,63.6,44.3,46.8,1968.0,0,falla_alimentacion
45,207,47.9,127.5,47.2,1846.0,1,falla_alimentacion
45,208,61.7,141.3,13.6,1736.0,0,falla_alimentacion
45,209,45.6,121.2,52.1,1747.0,0,falla_alimentacion
45,210,43.7,101.5,25.1,1521.0,1,falla_alimentacion
45,211,53.0,202.1,46.5,1674.0,0,falla_alimentacion
45,212,44.1,195.9,63.6,1742.0,0,falla_alimentacion
45,213,34.8,141.8,9.8,1638.0,0,falla_alimentacion
45,214,48.5,156.3,48.8,1829.0,0,falla_alimentacion
45,215,69.4,58.3,64.6,2098.0,0,falla_alimentacion
45,216,35.2,89.5,17.4,2134.0,1,falla_alimentacion
45,217,57.0,119.1,40.4,1683.0,0,falla_alimentacion
45,218,48.0,92.3,22.2,2152.0,1,falla_alimentacion
45,219,44.4,185.2,77.3,2026.0,0,falla_alimentacion
45,220,43.3,111.9,39.7,1661.0,0,falla_alimentacion
45,221,50.8,85.6,38.5,1900.0,0,falla_alimentacion
45,222,47.8,230.1,76.8,1795.0,0,falla_alimentacion
45,223,54.9,223.0,49.0,1388.0,2,falla_alimentacion
45,224,67.7,173.0,100.0,1544.0,0,falla_alimentacion
45,225,51.9,52.6,68.6,1942.0,0,falla_alimentacion
45,226,45.1,206.4,66.6,1489.0,1,falla_alimentacion
45,227,53.1,204.8,67.5,2160.0,0,falla_alimentacion
45,228,44.9,62.1,87.7,2000.0,0,falla_alimentacion
45,229,46.3,38.1,0.0,1936.0,0,falla_alimentacion
45,230,44.6,115.1,72.4,1488.0,0,falla_alimentacion
45,231,57.6,156.3,34.6,2009.0,0,falla_alimentacion
45,232,57.0,204.2,25.4,1992.0,0,falla_alimentacion
45,233,48.6,55.2,51.5,1980.0,0,falla_alimentacion
45,234,38.3,221.6,52.9,1988.0,0,falla_alimentacion
45,235,42.9,64.7,11.2,2149.0,0,falla_alimentacion
45,236,49.7,179.0,25.3,1654.0,1,falla_alimentacion
45,237,59.4,138.7,19.7,1760.0,0,falla_alimentacion
45,238,25.8,196.5,34.0,1624.0,0,falla_alimentacion
45,239,52.0,156.9,67.6,1956.0,0,falla_alimentacion
45,240,55.4,137.0,45.5,1752.0,0,falla_alimentacion
45,241,55.6,170.7,62.2,1533.0,1,falla_alimentacion
45,242,55.7,104.4,35.2,1815.0,0,falla_alimentacion
45,243,58.5,134.6,89.1,1399.0,1,falla_alimentacion
45,244,48.2,79.4,43.6,1814.0,0,falla_alimentacion
45,245,56.0,172.9,77.4,1824.0,0,falla_alimentacion
45,246,35.2,193.0,56.6,1711.0,0,falla_alimentacion
45,247,46.4,160.4,35.6,2001.0,1,falla_alimentacion
45,248,52.8,149.9,100.0,1438.0,1,falla_alimentacion
45,249,46.1,126.5,85.9,1819.0,0,falla_alimentacion
45,250,41.9,248.2,49.7,1839.0,0,falla_alimentacion
45,251,44.9,138.3,78.0,1791.0,1,falla_alimentacion
45,252,55.3,69.6,54.6,2046.0,0,falla_alimentacion
45,253,49.1,165.4,48.2,1671.0,0,falla_alimentacion
45,254,49.7,142.5,37.5,1781.0,1,falla_alimentacion
45,255,53.1,233.4,54.7,1821.0,0,falla_alimentacion
45,256,52.2,139.4,62.8,1721.0,0,falla_alimentacion
45,257,61.8,78.9,60.4,1486.0,0,falla_alimentacion
45,258,59.4,216.4,69.5,2103.0,1,falla_alimentacion
45,259,53.4,153.6,54.4,1643.0,0,falla_alimentacion
45,260,47.8,114.3,22.4,1647.0,0,falla_alimentacion
45,261,60.9,241.6,65.0,1351.0,0,falla_alimentacion
45,262,63.5,138.6,36.7,1811.0,0,falla_alimentacion
45,263,37.8,114.9,13.1,1835.0,0,falla_alimentacion
45,264,49.5,182.9,48.5,2051.0,0,falla_alimentacion
45,265,48.6,183.3,41.0,1725.0,0,falla_alimentacion
45,266,42.4,181.3,33.0,1851.0,0,falla_alimentacion
45,267,46.2,200.6,21.4,2000.0,0,falla_alimentacion
45,268,47.1,54.5,61.0,2076.0,1,falla_alimentacion
45,269,58.7,177.6,37.4,1875.0,1,falla_alimentacion
45,270,39.0,143.7,30.5,1730.0,0,falla_alimentacion
45,271,52.1,146.1,63.7,2041.0,0,falla_alimentacion
45,272,43.9,117.3,48.6,2046.0,0,falla_alimentacion
45,273,60.0,121.1,62.7,1454.0,0,falla_alimentacion
45,274,51.0,129.0,49.8,1870.0,0,falla_alimentacion
45,275,57.6,146.2,62.5,1996.0,0,falla_alimentacion
45,276,50.9,41.2,17.1,1944.0,0,falla_alimentacion
45,277,37.2,172.4,89.8,1746.0,0,falla_alimentacion
45,278,45.9,184.1,10.4,1704.0,1,falla_alimentacion
45,279,63.9,161.1,74.8,2076.0,0,falla_alimentacion
45,280,54.7,166.6,50.6,1849.0,0,falla_alimentacion
45,281,66.2,183.5,100.0,1763.0,0,falla_alimentacion
45,282,62.4,150.6,54.9,1772.0,1,falla_alimentacion
45,283,45.2,238.3,70.6,1800.0,0,falla_alimentacion
45,284,39.6,140.2,2.0,1770.0,0,falla_alimentacion
45,285,59.0,183.9,84.9,2031.0,0,falla_alimentacion
45,286,58.4,99.8,65.5,1888.0,0,falla_alimentacion
45,287,50.4,134.0,9.3,1874.0,0,falla_alimentacion
45,288,38.4,189.9,37.2,1760.0,1,falla_alimentacion
45,289,45.8,132.5,46.2,1916.0,1,falla_alimentacion
45,290,51.4,114.8,81.3,1620.0,0,falla_alimentacion
45,291,56.2,155.4,47.1,1836.0,0,falla_alimentacion
45,292,42.1,141.9,21.8,1475.0,0,falla_alimentacion
45,293,58.3,98.3,42.6,1750.0,0,falla_alimentacion
45,294,56.4,122.8,67.7,1696.0,0,falla_alimentacion
45,295,56.5,149.8,51.3,1794.0,0,falla_alimentacion
45,296,54.3,30.8,70.5,1717.0,0,falla_alimentacion
45,297,32.7,142.0,0.0,1903.0,0,falla_alimentacion
45,298,52.5,99.3,99.7,1664.0,0,falla_alimentacion
45,299,46.9,128.3,53.4,1974.0,0,falla_alimentacion
46,0,51.4,132.0,46.8,1990.0,1,falla_alimentacion
46,1,48.7,122.7,48.5,1716.0,1,falla_alimentacion
46,2,47.1,145.4,73.9,2054.0,0,falla_alimentacion
46,3,48.1,146.2,58.5,1730.0,0,falla_alimentacion
46,4,49.8,82.4,68.7,1985.0,1,falla_alimentacion
46,5,63.2,168.9,40.7,1817.0,0,falla_alimentacion
46,6,34.6,95.7,64.1,1636.0,0,falla_alimentacion
46,7,70.1,147.6,41.5,1785.0,0,falla_alimentacion
46,8,68.8,227.4,49.7,1822.0,0,falla_alimentacion
46,9,47.1,92.0,27.9,1781.0,0,falla_alimentacion
46,10,51.5,147.1,34.7,1643.0,0,falla_alimentacion
46,11,51.5,120.7,19.1,2087.0,0,falla_alimentacion
46,12,58.6,91.5,15.8,1849.0,0,falla_alimentacion
46,13,51.1,145.8,31.5,1359.0,0,falla_alimentacion
46,14,53.1,103.0,65.6,1841.0,0,falla_alimentacion
46,15,59.5,177.8,60.9,1901.0,0,falla_alimentacion
46,16,34.5,170.6,75.8,1399.0,0,falla_alimentacion
46,17,48.8,220.6,43.5,1658.0,0,falla_alimentacion
46,18,51.9,177.1,17.2,1985.0,0,falla_alimentacion
46,19,47.4,171.3,63.8,1832.0,1,falla_alimentacion
46,20,36.4,45.7,54.5,1832.0,0,falla_alimentacion
46,21,50.4,183.2,51.5,1560.0,0,falla_alimentacion
46,22,45.7,176.7,27.7,1629.0,0,falla_alimentacion
46,23,46.6,105.2,45.7,1528.0,0,falla_alimentacion
46,24,50.0,224.4,71.8,1422.0,2,falla_alimentacion
46,25,36.5,183.9,24.8,1288.0,1,falla_alimentacion
46,26,47.7,150.3,9.0,2217.0,0,falla_alimentacion
46,27,44.6,175.5,58.6,1654.0,0,falla_alimentacion
46,28,39.8,162.3,34.7,1857.0,0,falla_alimentacion
46,29,54.0,149.2,73.5,2025.0,0,falla_alimentacion
46,30,39.8,131.1,46.5,1830.0,1,falla_alimentacion
46,31,54.4,198.0,28.8,1781.0,1,falla_alimentacion
46,32,57.1,73.6,58.5,1872.0,0,falla_alimentacion
46,33,49.1,149.6,54.0,2209.0,0,falla_alimentacion
46,34,58.8,209.0,54.0,1811.0,1,falla_alimentacion
46,35,68.6,145.7,27.9,1508.0,0,falla_alimentacion
46,36,54.6,176.9,85.1,1580.0,1,falla_alimentacion
46,37,47.6,140.2,40.0,1610.0,0,falla_alimentacion
46,38,59.5,93.6,90.8,1760.0,0,falla_alimentacion
46,39,34.5,182.4,12.0,1558.0,0,falla_alimentacion
46,40,68.8,208.2,76.5,1680.0,0,falla_alimentacion
46,41,50.8,114.3,67.4,1766.0,1,falla_alimentacion
46,42,52.3,165.6,47.4,1996.0,1,falla_alimentacion
46,43,37.5,153.5,13.3,1619.0,0,falla_alimentacion
46,44,57.3,122.9,56.3,1917.0,0,falla_alimentacion
46,45,51.0,193.4,8.6,1846.0,0,falla_alimentacion
46,46,48.9,128.9,43.4,1936.0,0,falla_alimentacion
46,47,45.0,92.4,74.5,1321.0,0,falla_alimentacion
46,48,42.9,123.1,49.9,1440.0,0,falla_alimentacion
46,49,44.1,132.5,49.8,1492.0,0,falla_alimentacion
46,50,37.0,109.0,89.3,2068.0,0,falla_alimentacion
46,51,51.6,114.6,58.1,1642.0,0,falla_alimentacion
46,52,62.7,86.7,97.7,1563.0,0,falla_alimentacion
46,53,53.2,125.6,46.5,1774.0,0,falla_alimentacion
46,54,43.4,147.7,80.3,2210.0,0,falla_alimentacion
46,55,52.6,98.1,51.0,1662.0,0,falla_alimentacion
46,56,28.8,89.9,63.4,1665.0,0,falla_alimentacion
46,57,63.6,93.0,34.2,1990.0,0,falla_alimentacion
46,58,45.5,132.8,61.0,1846.0,1,falla_alimentacion
46,59,54.1,115.7,62.7,1797.0,0,falla_alimentacion
46,60,49.6,64.2,57.9,1704.0,0,falla_alimentacion
46,61,54.7,81.4,11.4,1856.0,0,falla_alimentacion
46,62,68.6,134.6,80.5,1258.0,0,falla_alimentacion
46,63,32.9,121.4,62.5,1852.0,1,falla_alimentacion
46,64,52.1,134.5,65.8,1546.0,0,falla_alimentacion
46,65,52.3,209.5,92.6,2089.0,0,falla_alimentacion
46,66,47.0,150.3,53.0,2006.0,0,falla_alimentacion
46,67,44.1,54.6,71.8,1950.0,0,falla_alimentacion
46,68,57.6,109.9,74.1,2194.0,0,falla_alimentacion
46,69,49.7,154.2,48.0,2329.0,0,falla_alimentacion
46,70,50.0,108.1,55.0,1796.0,0,falla_alimentacion
46,71,47.6,93.8,35.1,1805.0,0,falla_alimentacion
46,72,48.7,179.3,0.0,1941.0,0,falla_alimentacion
46,73,54.9,119.6,36.1,1921.0,0,falla_alimentacion
46,74,54.5,99.3,20.4,1320.0,1,falla_alimentacion
46,75,43.8,99.8,17.4,1741.0,0,falla_alimentacion
46,76,47.6,214.2,37.2,1615.0,0,falla_alimentacion
46,77,58.1,87.1,100.0,1878.0,0,falla_alimentacion
46,78,63.5,129.3,25.8,1885.0,0,falla_alimentacion
46,79,63.5,132.0,67.7,1798.0,0,falla_alimentacion
46,80,62.8,169.4,7.9,1655.0,0,falla_alimentacion
46,81,51.6,101.9,62.3,1687.0,0,falla_alimentacion
46,82,58.3,100.6,71.8,2164.0,0,falla_alimentacion
46,83,52.9,174.8,27.0,1313.0,0,falla_alimentacion
46,84,44.1,250.1,38.6,2404.0,0,falla_alimentacion
46,85,49.0,113.0,31.5,2170.0,0,falla_alimentacion
46,86,48.4,109.9,67.3,1763.0,0,falla_alimentacion
46,87,57.4,250.3,62.0,1926.0,0,falla_alimentacion
46,88,56.4,122.3,74.8,1774.0,1,falla_alimentacion
46,89,49.2,124.1,50.9,1763.0,0,falla_alimentacion
46,90,48.2,148.1,16.5,1706.0,0,falla_alimentacion
46,91,44.6,158.3,27.0,1662.0,0,falla_alimentacion
46,92,47.4,151.1,20.8,1939.0,0,falla_alimentacion
46,93,49.2,183.3,33.3,1623.0,1,falla_alimentacion
46,94,52.6,77.2,40.1,1809.0,0,falla_alimentacion
46,95,50.9,129.7,43.0,1716.0,0,falla_alimentacion
46,96,43.6,188.9,51.0,2188.0,1,falla_alimentacion
46,97,46.1,36.6,8.0,2014.0,0,falla_alimentacion
46,98,49.1,80.8,75.1,1649.0,0,falla_alimentacion
46,99,54.1,171.8,61.7,2058.0,0,falla_alimentacion
46,100,46.0,143.7,45.2,1876.0,0,falla_alimentacion
46,101,38.3,110.9,40.9,2020.0,2,falla_alimentacion
46,102,41.1,154.1,41.6,1988.0,0,falla_alimentacion
46,103,52.6,159.8,45.5,1510.0,0,falla_alimentacion
46,104,53.7,100.0,65.8,1912.0,0,falla_alimentacion
46,105,45.3,136.6,50.7,1786.0,1,falla_alimentacion
46,106,42.1,87.1,61.7,2186.0,0,falla_alimentacion
46,107,38.8,191.9,56.7,1612.0,0,falla_alimentacion
46,108,39.2,69.8,39.7,1941.0,0,falla_alimentacion
46,109,46.9,134.2,14.5,1555.0,0,falla_alimentacion
46,110,37.4,175.7,89.1,2232.0,0,falla_alimentacion
46,111,51.3,230.1,70.2,1914.0,0,falla_alimentacion
46,112,54.1,131.3,86.9,1694.0,0,falla_alimentacion
46,113,39.1,263.8,42.3,2088.0,1,falla_alimentacion
46,114,41.7,88.9,63.2,2153.0,0,falla_alimentacion
46,115,49.3,166.5,39.5,1880.0,0,falla_alimentacion
46,116,43.5,108.6,71.3,1759.0,0,falla_alimentacion
46,117,51.5,213.8,94.1,1566.0,0,falla_alimentacion
46,118,57.9,136.0,92.9,1597.0,0,falla_alimentacion
46,119,48.4,93.6,55.8,1541.0,0,falla_alimentacion
46,120,36.4,195.8,73.4,2026.0,1,falla_alimentacion
46,121,51.3,120.3,67.9,2036.0,0,falla_alimentacion
46,122,47.3,81.5,58.4,1577.0,0,falla_alimentacion
46,123,54.3,125.5,65.7,2043.0,0,falla_alimentacion
46,124,68.6,185.4,35.7,1735.0,0,falla_alimentacion
46,125,42.3,133.3,16.5,1678.0,0,falla_alimentacion
46,126,44.1,122.3,65.8,1889.0,0,falla_alimentacion
46,127,52.3,139.9,27.6,1780.0,0,falla_alimentacion
46,128,56.9,31.7,33.8,1432.0,0,falla_alimentacion
46,129,66.3,268.7,44.0,1722.0,0,falla_alimentacion
46,130,46.6,137.5,92.6,1517.0,0,falla_alimentacion
46,131,43.0,183.4,53.3,1444.0,0,falla_alimentacion
46,132,43.7,207.3,32.9,1667.0,0,falla_alimentacion
46,133,46.5,91.5,24.2,1776.0,0,falla_alimentacion
46,134,48.0,82.3,50.5,1522.0,0,falla_alimentacion
46,135,51.4,211.6,49.6,1808.0,0,falla_alimentacion
46,136,50.3,103.0,25.8,1812.0,1,falla_alimentacion
46,137,39.8,122.2,58.3,1936.0,0,falla_alimentacion
46,138,37.7,105.6,13.9,1756.0,0,falla_alimentacion
46,139,49.1,4.8,28.1,1940.0,0,falla_alimentacion
46,140,43.9,129.5,89.0,1958.0,0,falla_alimentacion
46,141,45.2,136.4,25.7,1485.0,0,falla_alimentacion
46,142,57.0,187.9,51.6,2148.0,0,falla_alimentacion
46,143,55.2,119.3,64.6,2044.0,0,falla_alimentacion
46,144,47.1,112.1,100.0,1738.0,0,falla_alimentacion
46,145,58.1,163.9,93.0,1603.0,0,falla_alimentacion
46,146,58.7,180.0,71.2,1968.0,0,falla_alimentacion
46,147,60.9,87.0,28.0,1658.0,1,falla_alimentacion
46,148,62.5,50.2,31.0,1583.0,0,falla_alimentacion
46,149,48.4,240.0,43.0,1728.0,1,falla_alimentacion
46,150,58.9,209.9,100.0,2039.0,0,falla_alimentacion
46,151,47.6,109.2,67.3,2092.0,0,falla_alimentacion
46,152,59.7,124.5,53.5,2172.0,0,falla_alimentacion
46,153,48.1,137.4,59.6,1750.0,0,falla_alimentacion
46,154,50.2,100.5,89.0,1767.0,0,falla_alimentacion
46,155,42.0,112.6,39.7,1768.0,0,falla_alimentacion
46,156,41.9,133.6,56.7,1671.0,0,falla_alimentacion
46,157,53.3,75.1,49.2,1664.0,0,falla_alimentacion
46,158,57.8,244.4,36.8,1712.0,1,falla_alimentacion
46,159,41.7,63.0,48.6,2175.0,0,falla_alimentacion
46,160,60.6,44.4,63.6,1628.0,0,falla_alimentacion
46,161,59.7,179.8,62.2,1844.0,0,falla_alimentacion
46,162,53.2,121.1,89.8,1921.0,0,falla_alimentacion
46,163,57.6,158.2,39.3,2224.0,0,falla_alimentacion
46,164,45.8,139.0,60.7,1860.0,0,falla_alimentacion
46,165,38.6,121.9,25.0,1744.0,2,falla_alimentacion
46,166,45.8,134.7,53.0,1603.0,0,falla_alimentacion
46,167,59.5,157.2,16.4,1621.0,0,falla_alimentacion
46,168,60.1,190.3,66.7,1798.0,0,falla_alimentacion
46,169,40.5,105.0,100.0,1739.0,0,falla_alimentacion
46,170,40.4,160.3,80.6,1788.0,0,falla_alimentacion
46,171,42.9,118.2,45.1,1916.0,0,falla_alimentacion
46,172,34.5,122.6,79.2,1669.0,0,falla_alimentacion
46,173,45.1,99.5,17.7,1875.0,0,falla_alimentacion
46,174,53.9,125.9,65.8,2008.0,0,falla_alimentacion
46,175,26.0,83.8,100.0,1435.0,1,falla_alimentacion
46,176,49.4,87.9,65.6,1835.0,0,falla_alimentacion
46,177,61.3,98.0,48.2,2087.0,0,falla_alimentacion
46,178,57.3,37.3,46.5,1884.0,0,falla_alimentacion
46,179,53.2,96.3,61.7,1675.0,0,falla_alimentacion
46,180,50.9,116.4,53.6,1923.0,1,falla_alimentacion
46,181,59.1,155.1,42.8,1695.0,1,falla_alimentacion
46,182,54.0,76.2,50.8,1977.0,0,falla_alimentacion
46,183,47.8,137.1,13.0,1894.0,0,falla_alimentacion
46,184,57.5,155.6,73.0,2182.0,1,falla_alimentacion
46,185,39.1,126.5,81.5,1779.0,0,falla_alimentacion
46,186,56.3,147.0,72.0,1889.0,0,falla_alimentacion
46,187,54.4,148.1,45.8,1732.0,0,falla_alimentacion
46,188,51.6,122.0,63.6,1822.0,0,falla_alimentacion
46,189,50.8,108.2,64.8,1630.0,0,falla_alimentacion
46,190,63.5,145.8,47.1,2065.0,0,falla_alimentacion
46,191,58.7,89.3,83.4,1848.0,0,falla_alimentacion
46,192,61.0,36.9,75.6,1807.0,0,falla_alimentacion
46,193,53.9,105.2,79.7,1982.0,0,falla_alimentacion
46,194,59.2,112.3,62.8,2107.0,0,falla_alimentacion
46,195,53.6,144.5,17.0,2255.0,1,falla_alimentacion
46,196,48.9,142.5,0.0,1631.0,0,falla_alimentacion
46,197,56.3,108.7,42.3,1940.0,0,falla_alimentacion
46,198,47.9,141.5,33.5,1992.0,0,falla_alimentacion
46,199,59.4,178.3,52.9,1783.0,0,falla_alimentacion
46,200,40.3,129.4,25.7,1672.0,0,falla_alimentacion
46,201,48.0,95.9,25.9,2035.0,0,falla_alimentacion
46,202,44.6,119.4,3.6,1618.0,0,falla_alimentacion
46,203,68.7,169.7,19.9,1883.0,1,falla_alimentacion
46,204,44.8,72.8,43.3,1661.0,0,falla_alimentacion
46,205,49.6,167.3,39.7,1810.0,0,falla_alimentacion
46,206,33.5,112.6,80.5,1491.0,0,falla_alimentacion
46,207,63.7,186.4,46.4,1593.0,0,falla_alimentacion
46,208,43.6,149.6,14.4,1438.0,1,falla_alimentacion
46,209,62.1,164.2,47.4,2334.0,0,falla_alimentacion
46,210,41.7,178.2,66.4,1513.0,0,falla_alimentacion
46,211,42.3,186.1,0.0,1977.0,1,falla_alimentacion
46,212,56.7,175.0,84.9,1649.0,0,falla_alimentacion
46,213,37.7,94.8,65.1,1324.0,0,falla_alimentacion
46,214,53.5,170.6,89.5,1853.0,0,falla_alimentacion
46,215,43.9,76.4,66.4,2316.0,0,falla_alimentacion
46,216,67.3,83.7,43.8,1644.0,0,falla_alimentacion
46,217,64.5,133.1,53.0,2169.0,0,falla_alimentacion
46,218,60.2,193.1,42.5,2194.0,0,falla_alimentacion
46,219,68.7,132.1,75.3,1585.0,0,falla_alimentacion
46,220,45.1,101.2,35.0,1455.0,0,falla_alimentacion
46,221,56.3,165.0,63.0,1643.0,0,falla_alimentacion
46,222,42.5,116.2,83.3,2018.0,0,falla_alimentacion
46,223,57.1,157.7,60.3,1397.0,0,falla_alimentacion
46,224,52.8,143.1,56.6,1899.0,0,falla_alimentacion
46,225,40.2,94.1,65.1,1819.0,0,falla_alimentacion
46,226,49.6,188.5,37.5,1668.0,0,falla_alimentacion
46,227,50.8,63.2,0.4,1701.0,0,falla_alimentacion
46,228,50.6,97.0,29.9,1764.0,0,falla_alimentacion
46,229,64.4,166.3,35.2,1818.0,0,falla_alimentacion
46,230,41.5,266.6,63.2,2128.0,1,falla_alimentacion
46,231,44.6,57.9,32.2,1717.0,1,falla_alimentacion
46,232,26.3,131.8,35.4,1781.0,0,falla_alimentacion
46,233,55.4,31.5,73.6,1924.0,2,falla_alimentacion
46,234,56.6,130.9,64.6,1602.0,1,falla_alimentacion
46,235,57.1,108.2,84.9,2121.0,0,falla_alimentacion
46,236,49.7,139.3,52.2,1633.0,1,falla_alimentacion
46,237,44.1,201.2,16.6,1894.0,0,falla_alimentacion
46,238,40.4,176.5,100.0,1747.0,1,falla_alimentacion
46,239,54.5,121.8,70.1,1801.0,0,falla_alimentacion
46,240,43.4,169.5,40.2,2200.0,0,falla_alimentacion
46,241,36.6,141.3,76.5,1852.0,0,falla_alimentacion
46,242,58.3,91.2,59.8,1660.0,0,falla_alimentacion
46,243,47.1,135.6,85.4,1614.0,0,falla_alimentacion
46,244,51.4,159.4,60.7,2053.0,0,falla_alimentacion
46,245,22.9,305.3,44.4,1889.0,0,falla_alimentacion
46,246,49.7,197.7,61.8,1698.0,0,falla_alimentacion
46,247,48.1,170.8,79.2,2020.0,0,falla_alimentacion
46,248,64.9,58.2,35.2,1635.0,0,falla_alimentacion
46,249,48.0,147.3,56.3,1624.0,0,falla_alimentacion
46,250,25.8,203.3,24.8,1771.0,0,falla_alimentacion
46,251,48.1,163.8,67.0,1740.0,1,falla_alimentacion
46,252,50.1,191.0,56.3,1448.0,0,falla_alimentacion
46,253,60.5,162.3,70.8,1697.0,0,falla_alimentacion
46,254,49.6,185.7,80.1,1912.0,1,falla_alimentacion
46,255,46.5,62.2,38.3,1723.0,0,falla_alimentacion
46,256,48.8,213.7,59.6,1792.0,0,falla_alimentacion
46,257,73.6,176.2,60.7,1595.0,0,falla_alimentacion
46,258,54.2,192.8,38.8,1856.0,0,falla_alimentacion
46,259,47.6,145.8,30.1,1898.0,0,falla_alimentacion
46,260,58.4,164.0,93.2,2081.0,0,falla_alimentacion
46,261,40.4,172.9,44.5,1735.0,0,falla_alimentacion
46,262,43.7,132.1,44.4,1748.0,1,falla_alimentacion
46,263,45.4,104.1,48.6,1927.0,0,falla_alimentacion
46,264,35.1,89.9,67.6,1769.0,0,falla_alimentacion
46,265,58.3,134.1,43.1,1926.0,0,falla_alimentacion
46,266,43.3,100.9,35.4,1946.0,0,falla_alimentacion
46,267,51.0,107.3,58.8,1586.0,1,falla_alimentacion
46,268,45.2,206.1,72.6,1577.0,0,falla_alimentacion
46,269,52.8,213.0,66.4,1684.0,0,falla_alimentacion
46,270,66.2,124.1,39.4,1455.0,0,falla_alimentacion
46,271,47.0,198.5,27.7,2171.0,0,falla_alimentacion
46,272,45.9,131.5,30.8,1545.0,0,falla_alimentacion
46,273,39.2,123.0,63.2,2031.0,1,falla_alimentacion
46,274,47.5,156.6,68.2,1594.0,0,falla_alimentacion
46,275,33.8,106.4,42.9,2016.0,1,falla_alimentacion
46,276,62.4,124.8,41.3,2037.0,1,falla_alimentacion
46,277,44.4,200.4,24.8,1453.0,0,falla_alimentacion
46,278,41.9,154.9,53.3,1778.0,0,falla_alimentacion
46,279,48.4,157.1,72.1,2142.0,0,falla_alimentacion
46,280,55.5,129.7,38.1,1820.0,1,falla_alimentacion
46,281,47.8,125.7,81.2,1981.0,0,falla_alimentacion
46,282,59.5,145.1,28.8,1852.0,0,falla_alimentacion
46,283,46.1,174.9,35.1,1978.0,1,falla_alimentacion
46,284,43.2,155.4,51.1,2053.0,0,falla_alimentacion
46,285,49.4,167.3,58.9,1763.0,0,falla_alimentacion
46,286,48.6,58.9,48.8,1801.0,1,falla_alimentacion
46,287,57.9,94.8,61.6,1737.0,0,falla_alimentacion
46,288,56.9,112.4,60.6,1552.0,0,falla_alimentacion
46,289,45.9,159.6,84.6,1941.0,0,falla_alimentacion
46,290,36.5,156.4,56.8,1816.0,0,falla_alimentacion
46,291,55.0,169.2,46.7,2052.0,0,falla_alimentacion
46,292,39.4,124.5,65.0,2189.0,0,falla_alimentacion
46,293,49.1,144.8,10.5,1693.0,1,falla_alimentacion
46,294,54.3,219.7,20.6,1718.0,0,falla_alimentacion
46,295,65.6,141.5,77.4,1676.0,0,falla_alimentacion
46,296,68.8,56.3,41.5,2090.0,1,falla_alimentacion
46,297,53.5,161.8,35.0,1525.0,0,falla_alimentacion
46,298,32.9,193.2,65.9,1869.0,0,falla_alimentacion
46,299,40.3,191.4,51.7,1503.0,0,falla_alimentacion
47,0,56.1,133.9,49.0,1746.0,0,falla_alimentacion
47,1,50.9,190.9,78.9,1644.0,1,falla_alimentacion
47,2,50.4,118.7,34.4,1831.0,0,falla_alimentacion
47,3,56.0,178.6,66.7,1494.0,0,falla_alimentacion
47,4,45.5,137.0,36.2,1999.0,1,falla_alimentacion
47,5,49.5,103.7,69.3,1587.0,0,falla_alimentacion
47,6,45.2,114.0,48.9,1769.0,0,falla_alimentacion
47,7,49.4,138.1,0.0,1715.0,1,falla_alimentacion
47,8,43.4,141.6,28.7,2006.0,0,falla_alimentacion
47,9,48.3,88.5,52.7,1734.0,1,falla_alimentacion
47,10,46.9,148.8,100.0,2092.0,0,falla_alimentacion
47,11,58.6,40.7,48.9,1872.0,0,falla_alimentacion
47,12,59.3,170.3,37.1,1613.0,0,falla_alimentacion
47,13,54.6,174.8,62.8,1757.0,0,falla_alimentacion
47,14,38.2,105.6,0.0,1791.0,0,falla_alimentacion
47,15,54.8,142.6,86.9,1947.0,0,falla_alimentacion
47,16,57.0,120.2,70.4,1834.0,1,falla_alimentacion
47,17,47.4,122.1,42.4,1756.0,0,falla_alimentacion
47,18,56.1,128.4,73.1,1647.0,1,falla_alimentacion
47,19,57.5,133.7,62.5,1896.0,0,falla_alimentacion
47,20,37.1,116.6,51.7,1729.0,0,falla_alimentacion
47,21,57.7,151.5,68.7,1656.0,0,falla_alimentacion
47,22,48.3,208.0,52.8,1594.0,0,falla_alimentacion
47,23,39.0,160.9,59.2,2005.0,0,falla_alimentacion
47,24,51.3,131.5,68.9,1503.0,0,falla_alimentacion
47,25,46.9,195.0,45.6,1896.0,1,falla_alimentacion
47,26,56.8,191.7,51.8,1804.0,2,falla_alimentacion
47,27,54.9,179.7,25.8,1691.0,0,falla_alimentacion
47,28,54.4,158.7,22.9,1657.0,0,falla_alimentacion
47,29,43.8,159.3,12.5,1804.0,1,falla_alimentacion
47,30,46.9,170.0,64.1,1693.0,0,falla_alimentacion
47,31,47.6,192.8,47.1,1685.0,0,falla_alimentacion
47,32,55.2,109.3,25.6,1999.0,0,falla_alimentacion
47,33,61.0,133.6,45.4,1769.0,0,falla_alimentacion
47,34,54.4,180.9,28.5,1801.0,0,falla_alimentacion
47,35,43.4,144.9,59.6,1640.0,0,falla_alimentacion
47,36,46.6,144.2,79.7,1999.0,0,falla_alimentacion
47,37,53.3,179.4,88.2,2044.0,1,falla_alimentacion
47,38,59.3,97.8,51.1,1844.0,0,falla_alimentacion
47,39,49.1,182.7,50.6,2085.0,0,falla_alimentacion
47,40,55.4,99.1,9.9,1691.0,0,falla_alimentacion
47,41,37.5,123.6,18.5,1984.0,1,falla_alimentacion
47,42,45.6,69.5,88.4,1724.0,0,falla_alimentacion
47,43,55.8,119.4,59.3,1704.0,0,falla_alimentacion
47,44,30.8,165.7,83.1,2080.0,0,falla_alimentacion
47,45,58.7,148.6,7.9,1727.0,1,falla_alimentacion
47,46,53.1,129.1,53.1,1609.0,0,falla_alimentacion
47,47,50.7,159.7,11.6,1437.0,0,falla_alimentacion
47,48,33.7,160.3,0.8,1802.0,0,falla_alimentacion
47,49,57.6,91.8,32.6,1595.0,0,falla_alimentacion
47,50,65.7,189.3,100.0,2195.0,0,falla_alimentacion
47,51,48.0,166.1,34.8,2148.0,2,falla_alimentacion
47,52,46.1,74.9,86.3,1200.0,0,falla_alimentacion
47,53,47.7,213.0,48.6,2127.0,0,falla_alimentacion
47,54,56.0,127.5,85.8,1644.0,0,falla_alimentacion
47,55,58.1,92.3,72.0,2050.0,0,falla_alimentacion
47,56,54.6,82.5,88.0,2012.0,0,falla_alimentacion
47,57,47.9,69.5,43.1,2068.0,1,falla_alimentacion
47,58,58.8,118.3,61.7,2160.0,0,falla_alimentacion
47,59,40.9,106.5,58.0,1568.0,0,falla_alimentacion
47,60,59.4,89.6,100.0,1591.0,0,falla_alimentacion
47,61,60.6,125.7,77.5,1962.0,0,falla_alimentacion
47,62,46.9,208.6,51.4,1822.0,1,falla_alimentacion
47,63,64.1,108.5,100.0,1935.0,0,falla_alimentacion
47,64,58.0,125.2,100.0,1730.0,0,falla_alimentacion
47,65,50.0,165.6,38.9,1977.0,0,falla_alimentacion
47,66,47.3,221.2,62.0,1541.0,1,falla_alimentacion
47,67,56.3,148.4,45.5,2192.0,0,falla_alimentacion
47,68,44.9,160.6,15.7,2294.0,0,falla_alimentacion
47,69,61.6,177.9,59.6,1439.0,0,falla_alimentacion
47,70,45.5,161.9,0.0,2113.0,0,falla_alimentacion
47,71,69.7,65.3,57.0,1453.0,0,falla_alimentacion
47,72,52.4,105.5,53.7,1916.0,0,falla_alimentacion
47,73,39.4,171.7,53.4,1609.0,0,falla_alimentacion
47,74,60.5,115.8,49.7,1892.0,1,falla_alimentacion
47,75,46.9,81.4,44.2,1550.0,1,falla_alimentacion
47,76,35.1,127.8,12.3,1881.0,0,falla_alimentacion
47,77,65.2,164.8,20.0,1763.0,0,falla_alimentacion
47,78,71.9,162.9,53.6,1747.0,0,falla_alimentacion
47,79,54.2,142.1,53.8,1872.0,1,falla_alimentacion
47,80,55.2,56.9,76.5,1458.0,0,falla_alimentacion
47,81,53.7,149.2,43.1,1924.0,0,falla_alimentacion
47,82,55.0,81.7,28.1,1737.0,0,falla_alimentacion
47,83,47.6,165.0,47.2,1490.0,0,falla_alimentacion
47,84,50.0,156.7,0.0,1936.0,0,falla_alimentacion
47,85,48.5,115.4,59.4,1676.0,0,falla_alimentacion
47,86,50.1,79.4,69.3,1789.0,0,falla_alimentacion
47,87,40.4,191.0,88.0,1865.0,0,falla_alimentacion
47,88,57.8,153.2,61.9,1786.0,1,falla_alimentacion
47,89,50.9,98.0,26.8,1793.0,0,falla_alimentacion
47,90,55.8,206.4,37.7,1918.0,1,falla_alimentacion
47,91,54.0,142.0,50.4,1745.0,1,falla_alimentacion
47,92,31.9,110.9,37.4,2005.0,1,falla_alimentacion
47,93,53.7,187.7,25.6,2029.0,1,falla_alimentacion
47,94,56.7,175.9,39.8,1683.0,1,falla_alimentacion
47,95,43.2,166.5,79.2,1688.0,0,falla_alimentacion
47,96,50.1,151.1,64.3,1925.0,0,falla_alimentacion
47,97,47.3,89.7,76.3,2135.0,0,falla_alimentacion
47,98,53.2,92.0,35.3,2019.0,0,falla_alimentacion
47,99,48.9,121.9,89.3,1620.0,1,falla_alimentacion
47,100,36.2,50.8,63.6,1742.0,0,falla_alimentacion
47,101,42.2,152.8,65.1,1637.0,1,falla_alimentacion
47,102,55.0,136.4,53.6,2094.0,0,falla_alimentacion
47,103,53.6,142.3,0.0,1885.0,0,falla_alimentacion
47,104,69.2,210.4,89.4,1600.0,1,falla_alimentacion
47,105,50.3,88.5,62.6,1713.0,0,falla_alimentacion
47,106,36.4,146.1,29.5,1611.0,2,falla_alimentacion
47,107,61.7,88.8,100.0,1720.0,0,falla_alimentacion
47,108,58.4,197.3,55.4,1913.0,0,falla_alimentacion
47,109,43.9,93.7,45.7,1676.0,1,falla_alimentacion
47,110,56.8,225.2,30.6,1819.0,0,falla_alimentacion
47,111,52.6,96.6,39.2,1862.0,0,falla_alimentacion
47,112,43.2,154.0,14.8,1418.0,0,falla_alimentacion
47,113,52.6,163.0,43.8,1459.0,1,falla_alimentacion
47,114,45.5,178.9,51.8,1704.0,1,falla_alimentacion
47,115,38.6,91.7,68.8,1622.0,0,falla_alimentacion
47,116,48.8,86.6,9.5,1882.0,0,falla_alimentacion
47,117,55.5,119.1,34.8,1731.0,0,falla_alimentacion
47,118,49.8,171.2,24.1,1943.0,0,falla_alimentacion
47,119,45.1,140.3,77.6,1900.0,0,falla_alimentacion
47,120,54.5,188.6,71.8,1972.0,0,falla_alimentacion
47,121,48.5,102.5,7.2,1694.0,0,falla_alimentacion
47,122,43.0,128.6,48.1,1756.0,0,falla_alimentacion
47,123,52.0,136.5,90.0,2202.0,0,falla_alimentacion
47,124,48.4,134.2,73.4,1590.0,0,falla_alimentacion
47,125,64.9,166.5,46.3,1934.0,0,falla_alimentacion
47,126,57.3,195.7,65.7,2002.0,0,falla_alimentacion
47,127,56.7,113.6,74.9,1895.0,0,falla_alimentacion
47,128,36.1,119.1,99.1,1979.0,0,falla_alimentacion
47,129,56.1,153.4,44.1,1800.0,0,falla_alimentacion
47,130,57.4,155.1,89.0,1897.0,0,falla_alimentacion
47,131,37.1,188.6,41.2,1844.0,0,falla_alimentacion
47,132,43.3,144.2,40.0,1518.0,0,falla_alimentacion
47,133,44.0,130.8,50.4,1756.0,0,falla_alimentacion
47,134,58.7,218.7,59.0,1496.0,0,falla_alimentacion
47,135,59.8,154.9,73.9,1926.0,0,falla_alimentacion
47,136,44.1,172.2,52.6,1845.0,0,falla_alimentacion
47,137,40.8,69.0,42.3,1991.0,0,falla_alimentacion
47,138,32.9,133.8,33.6,1572.0,0,falla_alimentacion
47,139,36.9,190.9,69.8,1820.0,1,falla_alimentacion
47,140,44.3,145.2,56.0,1827.0,0,falla_alimentacion
47,141,44.9,136.9,62.4,2202.0,0,falla_alimentacion
47,142,50.0,55.1,64.9,1761.0,0,falla_alimentacion
47,143,54.8,134.1,89.9,1690.0,0,falla_alimentacion
47,144,51.9,196.4,83.0,1806.0,0,falla_alimentacion
47,145,44.7,140.6,73.7,2130.0,0,falla_alimentacion
47,146,49.2,161.6,51.2,1972.0,0,falla_alimentacion
47,147,43.4,125.7,23.0,1931.0,0,falla_alimentacion
47,148,46.4,125.3,43.0,1753.0,1,falla_alimentacion
47,149,48.0,142.8,52.7,1756.0,0,falla_alimentacion
47,150,56.1,162.7,37.9,2098.0,0,falla_alimentacion
47,151,57.3,175.2,69.1,1716.0,0,falla_alimentacion
47,152,43.4,172.2,56.7,1700.0,0,falla_alimentacion
47,153,50.1,125.3,32.5,1464.0,1,falla_alimentacion
47,154,55.7,149.7,89.0,1489.0,0,falla_alimentacion
47,155,48.9,83.2,66.0,2027.0,0,falla_alimentacion
47,156,47.1,151.8,57.5,1395.0,0,falla_alimentacion
47,157,58.0,50.1,82.2,2122.0,0,falla_alimentacion
47,158,55.2,72.1,35.3,1749.0,0,falla_alimentacion
47,159,49.7,149.2,39.4,1874.0,0,falla_alimentacion
47,160,42.6,164.3,46.0,2012.0,1,falla_alimentacion
47,161,37.3,85.7,68.1,1679.0,0,falla_alimentacion
47,162,51.5,165.1,63.3,1920.0,0,falla_alimentacion
47,163,54.9,132.7,100.0,1595.0,0,falla_alimentacion
47,164,41.6,191.1,30.8,1672.0,0,falla_alimentacion
47,165,57.9,205.6,57.2,1888.0,2,falla_alimentacion
47,166,47.3,39.5,48.4,1883.0,0,falla_alimentacion
47,167,36.1,226.6,66.1,1872.0,0,falla_alimentacion
47,168,53.9,181.3,76.7,2095.0,0,falla_alimentacion
47,169,49.2,167.4,60.8,1785.0,0,falla_alimentacion
47,170,48.8,125.2,64.2,2122.0,0,falla_alimentacion
47,171,56.7,163.5,46.0,1812.0,1,falla_alimentacion
47,172,62.1,156.7,95.9,1921.0,0,falla_alimentacion
47,173,54.7,178.9,43.2,1947.0,0,falla_alimentacion
47,174,46.7,156.7,0.0,1699.0,0,falla_alimentacion
47,175,36.2,165.6,40.0,1842.0,1,falla_alimentacion
47,176,55.0,174.0,100.0,1510.0,0,falla_alimentacion
47,177,50.4,53.3,25.4,1822.0,0,falla_alimentacion
47,178,43.8,127.7,67.0,1814.0,1,falla_alimentacion
47,179,45.9,140.8,35.0,1908.0,0,falla_alimentacion
47,180,62.0,123.5,66.6,1775.0,0,falla_alimentacion
47,181,57.6,191.4,82.7,2157.0,0,falla_alimentacion
47,182,59.1,213.5,43.5,1460.0,1,falla_alimentacion
47,183,58.5,147.1,87.0,1565.0,0,falla_alimentacion
47,184,52.1,146.9,82.1,1609.0,0,falla_alimentacion
47,185,41.7,145.8,63.0,1792.0,0,falla_alimentacion
47,186,50.9,70.2,53.2,1644.0,0,falla_alimentacion
47,187,55.3,101.1,49.4,1566.0,0,falla_alimentacion
47,188,49.1,101.6,34.7,1699.0,0,falla_alimentacion
47,189,52.1,176.9,26.9,1505.0,0,falla_alimentacion
47,190,54.5,122.8,69.6,1873.0,1,falla_alimentacion
47,191,57.8,137.1,63.6,1861.0,0,falla_alimentacion
47,192,57.6,132.9,65.4,1546.0,1,falla_alimentacion
47,193,47.1,128.7,80.2,1974.0,0,falla_alimentacion
47,194,39.4,234.5,54.4,1533.0,0,falla_alimentacion
47,195,62.3,145.2,88.4,1692.0,0,falla_alimentacion
47,196,52.6,203.5,14.2,1845.0,0,falla_alimentacion
47,197,47.7,108.7,99.9,1813.0,0,falla_alimentacion
47,198,35.1,90.3,54.2,1487.0,1,falla_alimentacion
47,199,55.7,180.5,37.4,1889.0,0,falla_alimentacion
47,200,54.0,147.4,52.2,1790.0,0,falla_alimentacion
47,201,47.8,168.6,94.5,2179.0,0,falla_alimentacion
47,202,53.1,221.5,38.5,1919.0,0,falla_alimentacion
47,203,61.3,148.7,57.5,2094.0,0,falla_alimentacion
47,204,39.9,157.9,29.1,1611.0,1,falla_alimentacion
47,205,59.0,125.1,65.0,1484.0,0,falla_alimentacion
47,206,42.6,146.3,86.3,2065.0,0,falla_alimentacion
47,207,40.6,152.1,62.2,1870.0,0,falla_alimentacion
47,208,47.9,162.2,46.0,2166.0,0,falla_alimentacion
47,209,60.9,153.3,44.8,2025.0,0,falla_alimentacion
47,210,43.8,70.4,57.8,2014.0,0,falla_alimentacion
47,211,48.9,208.7,68.7,1891.0,0,falla_alimentacion
47,212,38.2,144.0,76.7,1629.0,0,falla_alimentacion
47,213,54.1,211.4,29.0,1598.0,0,falla_alimentacion
47,214,43.2,102.9,42.9,1395.0,0,falla_alimentacion
47,215,46.4,117.6,91.2,1695.0,1,falla_alimentacion
47,216,57.2,130.9,67.4,1798.0,0,falla_alimentacion
47,217,44.6,121.5,58.7,1780.0,0,falla_alimentacion
47,218,53.4,156.3,74.6,1803.0,0,falla_alimentacion
47,219,52.5,189.1,0.0,1374.0,0,falla_alimentacion
47,220,51.9,201.8,71.8,1840.0,0,falla_alimentacion
47,221,41.8,119.0,100.0,2106.0,0,falla_alimentacion
47,222,51.4,113.1,56.9,1641.0,0,falla_alimentacion
47,223,48.6,174.6,62.0,1513.0,0,falla_alimentacion
47,224,47.8,92.5,46.8,1485.0,0,falla_alimentacion
47,225,55.8,170.2,31.1,1673.0,0,falla_alimentacion
47,226,39.9,129.4,42.6,1725.0,0,falla_alimentacion
47,227,44.8,120.2,77.4,1837.0,0,falla_alimentacion
47,228,49.9,13.4,69.2,1954.0,0,falla_alimentacion
47,229,62.2,151.9,33.2,1606.0,0,falla_alimentacion
47,230,35.5,192.5,39.2,1696.0,0,falla_alimentacion
47,231,51.6,86.7,39.7,1471.0,0,falla_alimentacion
47,232,48.6,152.7,59.2,1913.0,1,falla_alimentacion
47,233,56.1,162.5,50.0,1721.0,0,falla_alimentacion
47,234,44.3,116.2,53.3,1751.0,0,falla_alimentacion
47,235,48.3,159.4,28.1,2059.0,0,falla_alimentacion
47,236,42.8,180.3,95.6,1819.0,0,falla_alimentacion
47,237,46.7,148.2,62.5,2136.0,1,falla_alimentacion
47,238,55.0,164.9,41.9,1947.0,0,falla_alimentacion
47,239,53.2,128.3,35.1,1712.0,1,falla_alimentacion
47,240,47.8,176.5,45.4,1574.0,0,falla_alimentacion
47,241,57.2,62.9,84.3,1766.0,1,falla_alimentacion
47,242,69.5,174.7,92.7,2002.0,0,falla_alimentacion
47,243,43.7,195.4,39.2,1520.0,0,falla_alimentacion
47,244,54.2,106.2,44.1,1677.0,0,falla_alimentacion
47,245,50.4,105.1,13.2,1631.0,0,falla_alimentacion
47,246,58.7,212.8,14.7,1713.0,1,falla_alimentacion
47,247,45.6,157.4,58.3,1878.0,0,falla_alimentacion
47,248,58.0,71.5,47.1,1838.0,0,falla_alimentacion
47,249,49.2,130.1,46.0,1834.0,0,falla_alimentacion
47,250,48.2,62.5,42.6,1520.0,1,falla_alimentacion
47,251,51.3,129.9,63.0,1941.0,0,falla_alimentacion
47,252,51.3,138.7,58.2,1998.0,0,falla_alimentacion
47,253,42.8,167.6,81.0,1751.0,0,falla_alimentacion
47,254,50.3,141.3,100.0,1620.0,0,falla_alimentacion
47,255,60.7,211.8,28.2,1962.0,1,falla_alimentacion
47,256,40.7,145.1,24.1,2067.0,0,falla_alimentacion
47,257,53.8,54.2,95.4,1875.0,1,falla_alimentacion
47,258,58.2,167.7,53.6,1654.0,0,falla_alimentacion
47,259,49.8,144.8,75.2,1587.0,0,falla_alimentacion
47,260,48.1,132.3,27.0,1913.0,0,falla_alimentacion
47,261,50.1,187.5,28.5,1487.0,0,falla_alimentacion
47,262,42.6,177.5,76.7,1521.0,1,falla_alimentacion
47,263,48.4,101.1,23.7,1842.0,1,falla_alimentacion
47,264,63.7,152.2,90.9,2114.0,1,falla_alimentacion
47,265,49.0,208.4,76.1,2030.0,0,falla_alimentacion
47,266,50.1,143.5,37.8,1876.0,0,falla_alimentacion
47,267,42.5,82.1,94.0,1382.0,0,falla_alimentacion
47,268,53.2,157.8,68.6,1309.0,1,falla_alimentacion
47,269,41.6,126.0,50.0,1765.0,0,falla_alimentacion
47,270,48.4,141.5,57.4,2153.0,0,falla_alimentacion
47,271,28.3,96.9,6.7,1622.0,0,falla_alimentacion
47,272,50.2,155.1,21.7,1972.0,0,falla_alimentacion
47,273,51.3,113.9,74.4,1862.0,0,falla_alimentacion
47,274,44.0,176.3,60.5,1685.0,1,falla_alimentacion
47,275,45.7,200.8,91.6,1718.0,1,falla_alimentacion
47,276,44.5,148.4,65.0,1463.0,1,falla_alimentacion
47,277,55.4,97.2,25.1,1888.0,0,falla_alimentacion
47,278,45.7,106.0,29.2,1669.0,0,falla_alimentacion
47,279,61.0,148.0,34.6,1970.0,0,falla_alimentacion
47,280,61.4,154.4,40.4,1755.0,1,falla_alimentacion
47,281,50.4,116.3,58.9,1741.0,0,falla_alimentacion
47,282,62.3,131.0,84.7,1377.0,1,falla_alimentacion
47,283,61.6,166.1,70.7,1858.0,1,falla_alimentacion
47,284,53.2,188.2,86.6,1902.0,1,falla_alimentacion
47,285,42.9,139.6,65.1,2052.0,0,falla_alimentacion
47,286,52.9,167.5,44.5,1631.0,2,falla_alimentacion
47,287,51.8,139.8,20.3,1853.0,0,falla_alimentacion
47,288,45.7,154.1,70.8,1880.0,0,falla_alimentacion
47,289,66.1,110.7,52.6,1545.0,0,falla_alimentacion
47,290,55.2,157.6,74.8,1675.0,0,falla_alimentacion
47,291,40.5,201.5,39.9,1563.0,0,falla_alimentacion
47,292,53.3,156.5,95.8,1579.0,0,falla_alimentacion
47,293,50.5,158.9,96.0,1721.0,0,falla_alimentacion
47,294,53.6,99.9,33.2,1662.0,0,falla_alimentacion
47,295,48.7,155.4,63.2,1797.0,0,falla_alimentacion
47,296,40.0,47.5,15.8,1925.0,0,falla_alimentacion
47,297,58.5,169.4,34.5,1918.0,0,falla_alimentacion
47,298,64.4,204.7,33.2,1957.0,1,falla_alimentacion
47,299,46.7,116.1,39.9,1747.0,0,falla_alimentacion
